date,net_fdi,equity,debt,evidence,observations
2021-09,261,206,55,"{""net_fdi"":{""artifactId"":""TS_GP_BOP_BPM6SUM_M.P00330:cd661cec1470a4ce0cde9aa3bdf3d3b740889c439ab991e7157827fec171a9ae:212874d0addb"",""sourceKey"":""TS_GP_BOP_BPM6SUM_M.P00330"",""retrievedAt"":""2026-09-30T22:08:47.664Z"",""locator"":{""seriesKey"":""TS_GP_BOP_BPM6SUM_M.P00330"",""observationDate"":""2021-09-30"",""row"":60,""column"":5,""columns"":{""seriesKey"":2,""date"":4,""value"":5,""unit"":6,""status"":7,""comments"":8}},""rawValue"":""261""},""equity"":{""artifactId"":""TS_GP_BOP_BPM6SUM_M.P00340:8e12453347ce424ea0f526701627683c115bd4fc39748abf9e25b278e4093c55:2849852f85a8"",""sourceKey"":""TS_GP_BOP_BPM6SUM_M.P00340"",""retrievedAt"":""2026-09-30T22:08:48.102Z"",""locator"":{""seriesKey"":""TS_GP_BOP_BPM6SUM_M.P00340"",""observationDate"":""2021-09-30"",""row"":60,""column"":5,""columns"":{""seriesKey"":2,""date"":4,""value"":5,""unit"":6,""status"":7,""comments"":8}},""rawValue"":""206""},""debt"":{""artifactId"":""TS_GP_BOP_BPM6SUM_M.P00350:482b01db836fb4eea5f4fcb4c08066f65158d0772f33d64ce1d540b2f719da8d:1a2034b43048"",""sourceKey"":""TS_GP_BOP_BPM6SUM_M.P00350"",""retrievedAt"":""2026-09-30T22:08:48.536Z"",""locator"":{""seriesKey"":""TS_GP_BOP_BPM6SUM_M.P00350"",""observationDate"":""2021-09-30"",""row"":60,""column"":5,""columns"":{""seriesKey"":2,""date"":4,""value"":5,""unit"":6,""status"":7,""comments"":8}},""rawValue"":""55""}}","{""net_fdi"":{""observationDate"":""2021-09-30"",""status"":""not-stated"",""sourceStatus"":""Normal"",""comments"":"""",""unit"":""Million USD"",""missingReason"":null},""equity"":{""observationDate"":""2021-09-30"",""status"":""not-stated"",""sourceStatus"":""Normal"",""comments"":"""",""unit"":""Million USD"",""missingReason"":null},""debt"":{""observationDate"":""2021-09-30"",""status"":""not-stated"",""sourceStatus"":""Normal"",""comments"":"""",""unit"":""Million USD"",""missingReason"":null}}"
2021-10,247,137,110,"{""net_fdi"":{""artifactId"":""TS_GP_BOP_BPM6SUM_M.P00330:cd661cec1470a4ce0cde9aa3bdf3d3b740889c439ab991e7157827fec171a9ae:212874d0addb"",""sourceKey"":""TS_GP_BOP_BPM6SUM_M.P00330"",""retrievedAt"":""2026-09-30T22:08:47.664Z"",""locator"":{""seriesKey"":""TS_GP_BOP_BPM6SUM_M.P00330"",""observationDate"":""2021-10-31"",""row"":59,""column"":5,""columns"":{""seriesKey"":2,""date"":4,""value"":5,""unit"":6,""status"":7,""comments"":8}},""rawValue"":""247""},""equity"":{""artifactId"":""TS_GP_BOP_BPM6SUM_M.P00340:8e12453347ce424ea0f526701627683c115bd4fc39748abf9e25b278e4093c55:2849852f85a8"",""sourceKey"":""TS_GP_BOP_BPM6SUM_M.P00340"",""retrievedAt"":""2026-09-30T22:08:48.102Z"",""locator"":{""seriesKey"":""TS_GP_BOP_BPM6SUM_M.P00340"",""observationDate"":""2021-10-31"",""row"":59,""column"":5,""columns"":{""seriesKey"":2,""date"":4,""value"":5,""unit"":6,""status"":7,""comments"":8}},""rawValue"":""137""},""debt"":{""artifactId"":""TS_GP_BOP_BPM6SUM_M.P00350:482b01db836fb4eea5f4fcb4c08066f65158d0772f33d64ce1d540b2f719da8d:1a2034b43048"",""sourceKey"":""TS_GP_BOP_BPM6SUM_M.P00350"",""retrievedAt"":""2026-09-30T22:08:48.536Z"",""locator"":{""seriesKey"":""TS_GP_BOP_BPM6SUM_M.P00350"",""observationDate"":""2021-10-31"",""row"":59,""column"":5,""columns"":{""seriesKey"":2,""date"":4,""value"":5,""unit"":6,""status"":7,""comments"":8}},""rawValue"":""110""}}","{""net_fdi"":{""observationDate"":""2021-10-31"",""status"":""not-stated"",""sourceStatus"":""Normal"",""comments"":"""",""unit"":""Million USD"",""missingReason"":null},""equity"":{""observationDate"":""2021-10-31"",""status"":""not-stated"",""sourceStatus"":""Normal"",""comments"":"""",""unit"":""Million USD"",""missingReason"":null},""debt"":{""observationDate"":""2021-10-31"",""status"":""not-stated"",""sourceStatus"":""Normal"",""comments"":"""",""unit"":""Million USD"",""missingReason"":null}}"
2021-11,158,145,13,"{""net_fdi"":{""artifactId"":""TS_GP_BOP_BPM6SUM_M.P00330:cd661cec1470a4ce0cde9aa3bdf3d3b740889c439ab991e7157827fec171a9ae:212874d0addb"",""sourceKey"":""TS_GP_BOP_BPM6SUM_M.P00330"",""retrievedAt"":""2026-09-30T22:08:47.664Z"",""locator"":{""seriesKey"":""TS_GP_BOP_BPM6SUM_M.P00330"",""observationDate"":""2021-11-30"",""row"":58,""column"":5,""columns"":{""seriesKey"":2,""date"":4,""value"":5,""unit"":6,""status"":7,""comments"":8}},""rawValue"":""158""},""equity"":{""artifactId"":""TS_GP_BOP_BPM6SUM_M.P00340:8e12453347ce424ea0f526701627683c115bd4fc39748abf9e25b278e4093c55:2849852f85a8"",""sourceKey"":""TS_GP_BOP_BPM6SUM_M.P00340"",""retrievedAt"":""2026-09-30T22:08:48.102Z"",""locator"":{""seriesKey"":""TS_GP_BOP_BPM6SUM_M.P00340"",""observationDate"":""2021-11-30"",""row"":58,""column"":5,""columns"":{""seriesKey"":2,""date"":4,""value"":5,""unit"":6,""status"":7,""comments"":8}},""rawValue"":""145""},""debt"":{""artifactId"":""TS_GP_BOP_BPM6SUM_M.P00350:482b01db836fb4eea5f4fcb4c08066f65158d0772f33d64ce1d540b2f719da8d:1a2034b43048"",""sourceKey"":""TS_GP_BOP_BPM6SUM_M.P00350"",""retrievedAt"":""2026-09-30T22:08:48.536Z"",""locator"":{""seriesKey"":""TS_GP_BOP_BPM6SUM_M.P00350"",""observationDate"":""2021-11-30"",""row"":58,""column"":5,""columns"":{""seriesKey"":2,""date"":4,""value"":5,""unit"":6,""status"":7,""comments"":8}},""rawValue"":""13""}}","{""net_fdi"":{""observationDate"":""2021-11-30"",""status"":""not-stated"",""sourceStatus"":""Normal"",""comments"":"""",""unit"":""Million USD"",""missingReason"":null},""equity"":{""observationDate"":""2021-11-30"",""status"":""not-stated"",""sourceStatus"":""Normal"",""comments"":"""",""unit"":""Million USD"",""missingReason"":null},""debt"":{""observationDate"":""2021-11-30"",""status"":""not-stated"",""sourceStatus"":""Normal"",""comments"":"""",""unit"":""Million USD"",""missingReason"":null}}"
2021-12,240,118,122,"{""net_fdi"":{""artifactId"":""TS_GP_BOP_BPM6SUM_M.P00330:cd661cec1470a4ce0cde9aa3bdf3d3b740889c439ab991e7157827fec171a9ae:212874d0addb"",""sourceKey"":""TS_GP_BOP_BPM6SUM_M.P00330"",""retrievedAt"":""2026-09-30T22:08:47.664Z"",""locator"":{""seriesKey"":""TS_GP_BOP_BPM6SUM_M.P00330"",""observationDate"":""2021-12-31"",""row"":57,""column"":5,""columns"":{""seriesKey"":2,""date"":4,""value"":5,""unit"":6,""status"":7,""comments"":8}},""rawValue"":""240""},""equity"":{""artifactId"":""TS_GP_BOP_BPM6SUM_M.P00340:8e12453347ce424ea0f526701627683c115bd4fc39748abf9e25b278e4093c55:2849852f85a8"",""sourceKey"":""TS_GP_BOP_BPM6SUM_M.P00340"",""retrievedAt"":""2026-09-30T22:08:48.102Z"",""locator"":{""seriesKey"":""TS_GP_BOP_BPM6SUM_M.P00340"",""observationDate"":""2021-12-31"",""row"":57,""column"":5,""columns"":{""seriesKey"":2,""date"":4,""value"":5,""unit"":6,""status"":7,""comments"":8}},""rawValue"":""118""},""debt"":{""artifactId"":""TS_GP_BOP_BPM6SUM_M.P00350:482b01db836fb4eea5f4fcb4c08066f65158d0772f33d64ce1d540b2f719da8d:1a2034b43048"",""sourceKey"":""TS_GP_BOP_BPM6SUM_M.P00350"",""retrievedAt"":""2026-09-30T22:08:48.536Z"",""locator"":{""seriesKey"":""TS_GP_BOP_BPM6SUM_M.P00350"",""observationDate"":""2021-12-31"",""row"":57,""column"":5,""columns"":{""seriesKey"":2,""date"":4,""value"":5,""unit"":6,""status"":7,""comments"":8}},""rawValue"":""122""}}","{""net_fdi"":{""observationDate"":""2021-12-31"",""status"":""not-stated"",""sourceStatus"":""Normal"",""comments"":"""",""unit"":""Million USD"",""missingReason"":null},""equity"":{""observationDate"":""2021-12-31"",""status"":""not-stated"",""sourceStatus"":""Normal"",""comments"":"""",""unit"":""Million USD"",""missingReason"":null},""debt"":{""observationDate"":""2021-12-31"",""status"":""not-stated"",""sourceStatus"":""Normal"",""comments"":"""",""unit"":""Million USD"",""missingReason"":null}}"
2022-01,121,138,-17,"{""net_fdi"":{""artifactId"":""TS_GP_BOP_BPM6SUM_M.P00330:cd661cec1470a4ce0cde9aa3bdf3d3b740889c439ab991e7157827fec171a9ae:212874d0addb"",""sourceKey"":""TS_GP_BOP_BPM6SUM_M.P00330"",""retrievedAt"":""2026-09-30T22:08:47.664Z"",""locator"":{""seriesKey"":""TS_GP_BOP_BPM6SUM_M.P00330"",""observationDate"":""2022-01-31"",""row"":56,""column"":5,""columns"":{""seriesKey"":2,""date"":4,""value"":5,""unit"":6,""status"":7,""comments"":8}},""rawValue"":""121""},""equity"":{""artifactId"":""TS_GP_BOP_BPM6SUM_M.P00340:8e12453347ce424ea0f526701627683c115bd4fc39748abf9e25b278e4093c55:2849852f85a8"",""sourceKey"":""TS_GP_BOP_BPM6SUM_M.P00340"",""retrievedAt"":""2026-09-30T22:08:48.102Z"",""locator"":{""seriesKey"":""TS_GP_BOP_BPM6SUM_M.P00340"",""observationDate"":""2022-01-31"",""row"":56,""column"":5,""columns"":{""seriesKey"":2,""date"":4,""value"":5,""unit"":6,""status"":7,""comments"":8}},""rawValue"":""138""},""debt"":{""artifactId"":""TS_GP_BOP_BPM6SUM_M.P00350:482b01db836fb4eea5f4fcb4c08066f65158d0772f33d64ce1d540b2f719da8d:1a2034b43048"",""sourceKey"":""TS_GP_BOP_BPM6SUM_M.P00350"",""retrievedAt"":""2026-09-30T22:08:48.536Z"",""locator"":{""seriesKey"":""TS_GP_BOP_BPM6SUM_M.P00350"",""observationDate"":""2022-01-31"",""row"":56,""column"":5,""columns"":{""seriesKey"":2,""date"":4,""value"":5,""unit"":6,""status"":7,""comments"":8}},""rawValue"":""-17""}}","{""net_fdi"":{""observationDate"":""2022-01-31"",""status"":""not-stated"",""sourceStatus"":""Normal"",""comments"":"""",""unit"":""Million USD"",""missingReason"":null},""equity"":{""observationDate"":""2022-01-31"",""status"":""not-stated"",""sourceStatus"":""Normal"",""comments"":"""",""unit"":""Million USD"",""missingReason"":null},""debt"":{""observationDate"":""2022-01-31"",""status"":""not-stated"",""sourceStatus"":""Normal"",""comments"":"""",""unit"":""Million USD"",""missingReason"":null}}"
2022-02,102,112,-10,"{""net_fdi"":{""artifactId"":""TS_GP_BOP_BPM6SUM_M.P00330:cd661cec1470a4ce0cde9aa3bdf3d3b740889c439ab991e7157827fec171a9ae:212874d0addb"",""sourceKey"":""TS_GP_BOP_BPM6SUM_M.P00330"",""retrievedAt"":""2026-09-30T22:08:47.664Z"",""locator"":{""seriesKey"":""TS_GP_BOP_BPM6SUM_M.P00330"",""observationDate"":""2022-02-28"",""row"":55,""column"":5,""columns"":{""seriesKey"":2,""date"":4,""value"":5,""unit"":6,""status"":7,""comments"":8}},""rawValue"":""102""},""equity"":{""artifactId"":""TS_GP_BOP_BPM6SUM_M.P00340:8e12453347ce424ea0f526701627683c115bd4fc39748abf9e25b278e4093c55:2849852f85a8"",""sourceKey"":""TS_GP_BOP_BPM6SUM_M.P00340"",""retrievedAt"":""2026-09-30T22:08:48.102Z"",""locator"":{""seriesKey"":""TS_GP_BOP_BPM6SUM_M.P00340"",""observationDate"":""2022-02-28"",""row"":55,""column"":5,""columns"":{""seriesKey"":2,""date"":4,""value"":5,""unit"":6,""status"":7,""comments"":8}},""rawValue"":""112""},""debt"":{""artifactId"":""TS_GP_BOP_BPM6SUM_M.P00350:482b01db836fb4eea5f4fcb4c08066f65158d0772f33d64ce1d540b2f719da8d:1a2034b43048"",""sourceKey"":""TS_GP_BOP_BPM6SUM_M.P00350"",""retrievedAt"":""2026-09-30T22:08:48.536Z"",""locator"":{""seriesKey"":""TS_GP_BOP_BPM6SUM_M.P00350"",""observationDate"":""2022-02-28"",""row"":55,""column"":5,""columns"":{""seriesKey"":2,""date"":4,""value"":5,""unit"":6,""status"":7,""comments"":8}},""rawValue"":""-10""}}","{""net_fdi"":{""observationDate"":""2022-02-28"",""status"":""not-stated"",""sourceStatus"":""Normal"",""comments"":"""",""unit"":""Million USD"",""missingReason"":null},""equity"":{""observationDate"":""2022-02-28"",""status"":""not-stated"",""sourceStatus"":""Normal"",""comments"":"""",""unit"":""Million USD"",""missingReason"":null},""debt"":{""observationDate"":""2022-02-28"",""status"":""not-stated"",""sourceStatus"":""Normal"",""comments"":"""",""unit"":""Million USD"",""missingReason"":null}}"
2022-03,-30,144,-174,"{""net_fdi"":{""artifactId"":""TS_GP_BOP_BPM6SUM_M.P00330:cd661cec1470a4ce0cde9aa3bdf3d3b740889c439ab991e7157827fec171a9ae:212874d0addb"",""sourceKey"":""TS_GP_BOP_BPM6SUM_M.P00330"",""retrievedAt"":""2026-09-30T22:08:47.664Z"",""locator"":{""seriesKey"":""TS_GP_BOP_BPM6SUM_M.P00330"",""observationDate"":""2022-03-31"",""row"":54,""column"":5,""columns"":{""seriesKey"":2,""date"":4,""value"":5,""unit"":6,""status"":7,""comments"":8}},""rawValue"":""-30""},""equity"":{""artifactId"":""TS_GP_BOP_BPM6SUM_M.P00340:8e12453347ce424ea0f526701627683c115bd4fc39748abf9e25b278e4093c55:2849852f85a8"",""sourceKey"":""TS_GP_BOP_BPM6SUM_M.P00340"",""retrievedAt"":""2026-09-30T22:08:48.102Z"",""locator"":{""seriesKey"":""TS_GP_BOP_BPM6SUM_M.P00340"",""observationDate"":""2022-03-31"",""row"":54,""column"":5,""columns"":{""seriesKey"":2,""date"":4,""value"":5,""unit"":6,""status"":7,""comments"":8}},""rawValue"":""144""},""debt"":{""artifactId"":""TS_GP_BOP_BPM6SUM_M.P00350:482b01db836fb4eea5f4fcb4c08066f65158d0772f33d64ce1d540b2f719da8d:1a2034b43048"",""sourceKey"":""TS_GP_BOP_BPM6SUM_M.P00350"",""retrievedAt"":""2026-09-30T22:08:48.536Z"",""locator"":{""seriesKey"":""TS_GP_BOP_BPM6SUM_M.P00350"",""observationDate"":""2022-03-31"",""row"":54,""column"":5,""columns"":{""seriesKey"":2,""date"":4,""value"":5,""unit"":6,""status"":7,""comments"":8}},""rawValue"":""-174""}}","{""net_fdi"":{""observationDate"":""2022-03-31"",""status"":""not-stated"",""sourceStatus"":""Normal"",""comments"":"""",""unit"":""Million USD"",""missingReason"":null},""equity"":{""observationDate"":""2022-03-31"",""status"":""not-stated"",""sourceStatus"":""Normal"",""comments"":"""",""unit"":""Million USD"",""missingReason"":null},""debt"":{""observationDate"":""2022-03-31"",""status"":""not-stated"",""sourceStatus"":""Normal"",""comments"":"""",""unit"":""Million USD"",""missingReason"":null}}"
2022-04,171,123,48,"{""net_fdi"":{""artifactId"":""TS_GP_BOP_BPM6SUM_M.P00330:cd661cec1470a4ce0cde9aa3bdf3d3b740889c439ab991e7157827fec171a9ae:212874d0addb"",""sourceKey"":""TS_GP_BOP_BPM6SUM_M.P00330"",""retrievedAt"":""2026-09-30T22:08:47.664Z"",""locator"":{""seriesKey"":""TS_GP_BOP_BPM6SUM_M.P00330"",""observationDate"":""2022-04-30"",""row"":53,""column"":5,""columns"":{""seriesKey"":2,""date"":4,""value"":5,""unit"":6,""status"":7,""comments"":8}},""rawValue"":""171""},""equity"":{""artifactId"":""TS_GP_BOP_BPM6SUM_M.P00340:8e12453347ce424ea0f526701627683c115bd4fc39748abf9e25b278e4093c55:2849852f85a8"",""sourceKey"":""TS_GP_BOP_BPM6SUM_M.P00340"",""retrievedAt"":""2026-09-30T22:08:48.102Z"",""locator"":{""seriesKey"":""TS_GP_BOP_BPM6SUM_M.P00340"",""observationDate"":""2022-04-30"",""row"":53,""column"":5,""columns"":{""seriesKey"":2,""date"":4,""value"":5,""unit"":6,""status"":7,""comments"":8}},""rawValue"":""123""},""debt"":{""artifactId"":""TS_GP_BOP_BPM6SUM_M.P00350:482b01db836fb4eea5f4fcb4c08066f65158d0772f33d64ce1d540b2f719da8d:1a2034b43048"",""sourceKey"":""TS_GP_BOP_BPM6SUM_M.P00350"",""retrievedAt"":""2026-09-30T22:08:48.536Z"",""locator"":{""seriesKey"":""TS_GP_BOP_BPM6SUM_M.P00350"",""observationDate"":""2022-04-30"",""row"":53,""column"":5,""columns"":{""seriesKey"":2,""date"":4,""value"":5,""unit"":6,""status"":7,""comments"":8}},""rawValue"":""48""}}","{""net_fdi"":{""observationDate"":""2022-04-30"",""status"":""not-stated"",""sourceStatus"":""Normal"",""comments"":"""",""unit"":""Million USD"",""missingReason"":null},""equity"":{""observationDate"":""2022-04-30"",""status"":""not-stated"",""sourceStatus"":""Normal"",""comments"":"""",""unit"":""Million USD"",""missingReason"":null},""debt"":{""observationDate"":""2022-04-30"",""status"":""not-stated"",""sourceStatus"":""Normal"",""comments"":"""",""unit"":""Million USD"",""missingReason"":null}}"
2022-05,141,102,39,"{""net_fdi"":{""artifactId"":""TS_GP_BOP_BPM6SUM_M.P00330:cd661cec1470a4ce0cde9aa3bdf3d3b740889c439ab991e7157827fec171a9ae:212874d0addb"",""sourceKey"":""TS_GP_BOP_BPM6SUM_M.P00330"",""retrievedAt"":""2026-09-30T22:08:47.664Z"",""locator"":{""seriesKey"":""TS_GP_BOP_BPM6SUM_M.P00330"",""observationDate"":""2022-05-31"",""row"":52,""column"":5,""columns"":{""seriesKey"":2,""date"":4,""value"":5,""unit"":6,""status"":7,""comments"":8}},""rawValue"":""141""},""equity"":{""artifactId"":""TS_GP_BOP_BPM6SUM_M.P00340:8e12453347ce424ea0f526701627683c115bd4fc39748abf9e25b278e4093c55:2849852f85a8"",""sourceKey"":""TS_GP_BOP_BPM6SUM_M.P00340"",""retrievedAt"":""2026-09-30T22:08:48.102Z"",""locator"":{""seriesKey"":""TS_GP_BOP_BPM6SUM_M.P00340"",""observationDate"":""2022-05-31"",""row"":52,""column"":5,""columns"":{""seriesKey"":2,""date"":4,""value"":5,""unit"":6,""status"":7,""comments"":8}},""rawValue"":""102""},""debt"":{""artifactId"":""TS_GP_BOP_BPM6SUM_M.P00350:482b01db836fb4eea5f4fcb4c08066f65158d0772f33d64ce1d540b2f719da8d:1a2034b43048"",""sourceKey"":""TS_GP_BOP_BPM6SUM_M.P00350"",""retrievedAt"":""2026-09-30T22:08:48.536Z"",""locator"":{""seriesKey"":""TS_GP_BOP_BPM6SUM_M.P00350"",""observationDate"":""2022-05-31"",""row"":52,""column"":5,""columns"":{""seriesKey"":2,""date"":4,""value"":5,""unit"":6,""status"":7,""comments"":8}},""rawValue"":""39""}}","{""net_fdi"":{""observationDate"":""2022-05-31"",""status"":""not-stated"",""sourceStatus"":""Normal"",""comments"":"""",""unit"":""Million USD"",""missingReason"":null},""equity"":{""observationDate"":""2022-05-31"",""status"":""not-stated"",""sourceStatus"":""Normal"",""comments"":"""",""unit"":""Million USD"",""missingReason"":null},""debt"":{""observationDate"":""2022-05-31"",""status"":""not-stated"",""sourceStatus"":""Normal"",""comments"":"""",""unit"":""Million USD"",""missingReason"":null}}"
2022-06,271,141,130,"{""net_fdi"":{""artifactId"":""TS_GP_BOP_BPM6SUM_M.P00330:cd661cec1470a4ce0cde9aa3bdf3d3b740889c439ab991e7157827fec171a9ae:212874d0addb"",""sourceKey"":""TS_GP_BOP_BPM6SUM_M.P00330"",""retrievedAt"":""2026-09-30T22:08:47.664Z"",""locator"":{""seriesKey"":""TS_GP_BOP_BPM6SUM_M.P00330"",""observationDate"":""2022-06-30"",""row"":51,""column"":5,""columns"":{""seriesKey"":2,""date"":4,""value"":5,""unit"":6,""status"":7,""comments"":8}},""rawValue"":""271""},""equity"":{""artifactId"":""TS_GP_BOP_BPM6SUM_M.P00340:8e12453347ce424ea0f526701627683c115bd4fc39748abf9e25b278e4093c55:2849852f85a8"",""sourceKey"":""TS_GP_BOP_BPM6SUM_M.P00340"",""retrievedAt"":""2026-09-30T22:08:48.102Z"",""locator"":{""seriesKey"":""TS_GP_BOP_BPM6SUM_M.P00340"",""observationDate"":""2022-06-30"",""row"":51,""column"":5,""columns"":{""seriesKey"":2,""date"":4,""value"":5,""unit"":6,""status"":7,""comments"":8}},""rawValue"":""141""},""debt"":{""artifactId"":""TS_GP_BOP_BPM6SUM_M.P00350:482b01db836fb4eea5f4fcb4c08066f65158d0772f33d64ce1d540b2f719da8d:1a2034b43048"",""sourceKey"":""TS_GP_BOP_BPM6SUM_M.P00350"",""retrievedAt"":""2026-09-30T22:08:48.536Z"",""locator"":{""seriesKey"":""TS_GP_BOP_BPM6SUM_M.P00350"",""observationDate"":""2022-06-30"",""row"":51,""column"":5,""columns"":{""seriesKey"":2,""date"":4,""value"":5,""unit"":6,""status"":7,""comments"":8}},""rawValue"":""130""}}","{""net_fdi"":{""observationDate"":""2022-06-30"",""status"":""not-stated"",""sourceStatus"":""Normal"",""comments"":"""",""unit"":""Million USD"",""missingReason"":null},""equity"":{""observationDate"":""2022-06-30"",""status"":""not-stated"",""sourceStatus"":""Normal"",""comments"":"""",""unit"":""Million USD"",""missingReason"":null},""debt"":{""observationDate"":""2022-06-30"",""status"":""not-stated"",""sourceStatus"":""Normal"",""comments"":"""",""unit"":""Million USD"",""missingReason"":null}}"
2022-07,99,118,-19,"{""net_fdi"":{""artifactId"":""TS_GP_BOP_BPM6SUM_M.P00330:cd661cec1470a4ce0cde9aa3bdf3d3b740889c439ab991e7157827fec171a9ae:212874d0addb"",""sourceKey"":""TS_GP_BOP_BPM6SUM_M.P00330"",""retrievedAt"":""2026-09-30T22:08:47.664Z"",""locator"":{""seriesKey"":""TS_GP_BOP_BPM6SUM_M.P00330"",""observationDate"":""2022-07-31"",""row"":50,""column"":5,""columns"":{""seriesKey"":2,""date"":4,""value"":5,""unit"":6,""status"":7,""comments"":8}},""rawValue"":""99""},""equity"":{""artifactId"":""TS_GP_BOP_BPM6SUM_M.P00340:8e12453347ce424ea0f526701627683c115bd4fc39748abf9e25b278e4093c55:2849852f85a8"",""sourceKey"":""TS_GP_BOP_BPM6SUM_M.P00340"",""retrievedAt"":""2026-09-30T22:08:48.102Z"",""locator"":{""seriesKey"":""TS_GP_BOP_BPM6SUM_M.P00340"",""observationDate"":""2022-07-31"",""row"":50,""column"":5,""columns"":{""seriesKey"":2,""date"":4,""value"":5,""unit"":6,""status"":7,""comments"":8}},""rawValue"":""118""},""debt"":{""artifactId"":""TS_GP_BOP_BPM6SUM_M.P00350:482b01db836fb4eea5f4fcb4c08066f65158d0772f33d64ce1d540b2f719da8d:1a2034b43048"",""sourceKey"":""TS_GP_BOP_BPM6SUM_M.P00350"",""retrievedAt"":""2026-09-30T22:08:48.536Z"",""locator"":{""seriesKey"":""TS_GP_BOP_BPM6SUM_M.P00350"",""observationDate"":""2022-07-31"",""row"":50,""column"":5,""columns"":{""seriesKey"":2,""date"":4,""value"":5,""unit"":6,""status"":7,""comments"":8}},""rawValue"":""-19""}}","{""net_fdi"":{""observationDate"":""2022-07-31"",""status"":""not-stated"",""sourceStatus"":""Normal"",""comments"":"""",""unit"":""Million USD"",""missingReason"":null},""equity"":{""observationDate"":""2022-07-31"",""status"":""not-stated"",""sourceStatus"":""Normal"",""comments"":"""",""unit"":""Million USD"",""missingReason"":null},""debt"":{""observationDate"":""2022-07-31"",""status"":""not-stated"",""sourceStatus"":""Normal"",""comments"":"""",""unit"":""Million USD"",""missingReason"":null}}"
2022-08,149,138,11,"{""net_fdi"":{""artifactId"":""TS_GP_BOP_BPM6SUM_M.P00330:cd661cec1470a4ce0cde9aa3bdf3d3b740889c439ab991e7157827fec171a9ae:212874d0addb"",""sourceKey"":""TS_GP_BOP_BPM6SUM_M.P00330"",""retrievedAt"":""2026-09-30T22:08:47.664Z"",""locator"":{""seriesKey"":""TS_GP_BOP_BPM6SUM_M.P00330"",""observationDate"":""2022-08-31"",""row"":49,""column"":5,""columns"":{""seriesKey"":2,""date"":4,""value"":5,""unit"":6,""status"":7,""comments"":8}},""rawValue"":""149""},""equity"":{""artifactId"":""TS_GP_BOP_BPM6SUM_M.P00340:8e12453347ce424ea0f526701627683c115bd4fc39748abf9e25b278e4093c55:2849852f85a8"",""sourceKey"":""TS_GP_BOP_BPM6SUM_M.P00340"",""retrievedAt"":""2026-09-30T22:08:48.102Z"",""locator"":{""seriesKey"":""TS_GP_BOP_BPM6SUM_M.P00340"",""observationDate"":""2022-08-31"",""row"":49,""column"":5,""columns"":{""seriesKey"":2,""date"":4,""value"":5,""unit"":6,""status"":7,""comments"":8}},""rawValue"":""138""},""debt"":{""artifactId"":""TS_GP_BOP_BPM6SUM_M.P00350:482b01db836fb4eea5f4fcb4c08066f65158d0772f33d64ce1d540b2f719da8d:1a2034b43048"",""sourceKey"":""TS_GP_BOP_BPM6SUM_M.P00350"",""retrievedAt"":""2026-09-30T22:08:48.536Z"",""locator"":{""seriesKey"":""TS_GP_BOP_BPM6SUM_M.P00350"",""observationDate"":""2022-08-31"",""row"":49,""column"":5,""columns"":{""seriesKey"":2,""date"":4,""value"":5,""unit"":6,""status"":7,""comments"":8}},""rawValue"":""11""}}","{""net_fdi"":{""observationDate"":""2022-08-31"",""status"":""not-stated"",""sourceStatus"":""Normal"",""comments"":"""",""unit"":""Million USD"",""missingReason"":null},""equity"":{""observationDate"":""2022-08-31"",""status"":""not-stated"",""sourceStatus"":""Normal"",""comments"":"""",""unit"":""Million USD"",""missingReason"":null},""debt"":{""observationDate"":""2022-08-31"",""status"":""not-stated"",""sourceStatus"":""Normal"",""comments"":"""",""unit"":""Million USD"",""missingReason"":null}}"
2022-09,133,164,-31,"{""net_fdi"":{""artifactId"":""TS_GP_BOP_BPM6SUM_M.P00330:cd661cec1470a4ce0cde9aa3bdf3d3b740889c439ab991e7157827fec171a9ae:212874d0addb"",""sourceKey"":""TS_GP_BOP_BPM6SUM_M.P00330"",""retrievedAt"":""2026-09-30T22:08:47.664Z"",""locator"":{""seriesKey"":""TS_GP_BOP_BPM6SUM_M.P00330"",""observationDate"":""2022-09-30"",""row"":48,""column"":5,""columns"":{""seriesKey"":2,""date"":4,""value"":5,""unit"":6,""status"":7,""comments"":8}},""rawValue"":""133""},""equity"":{""artifactId"":""TS_GP_BOP_BPM6SUM_M.P00340:8e12453347ce424ea0f526701627683c115bd4fc39748abf9e25b278e4093c55:2849852f85a8"",""sourceKey"":""TS_GP_BOP_BPM6SUM_M.P00340"",""retrievedAt"":""2026-09-30T22:08:48.102Z"",""locator"":{""seriesKey"":""TS_GP_BOP_BPM6SUM_M.P00340"",""observationDate"":""2022-09-30"",""row"":48,""column"":5,""columns"":{""seriesKey"":2,""date"":4,""value"":5,""unit"":6,""status"":7,""comments"":8}},""rawValue"":""164""},""debt"":{""artifactId"":""TS_GP_BOP_BPM6SUM_M.P00350:482b01db836fb4eea5f4fcb4c08066f65158d0772f33d64ce1d540b2f719da8d:1a2034b43048"",""sourceKey"":""TS_GP_BOP_BPM6SUM_M.P00350"",""retrievedAt"":""2026-09-30T22:08:48.536Z"",""locator"":{""seriesKey"":""TS_GP_BOP_BPM6SUM_M.P00350"",""observationDate"":""2022-09-30"",""row"":48,""column"":5,""columns"":{""seriesKey"":2,""date"":4,""value"":5,""unit"":6,""status"":7,""comments"":8}},""rawValue"":""-31""}}","{""net_fdi"":{""observationDate"":""2022-09-30"",""status"":""not-stated"",""sourceStatus"":""Normal"",""comments"":"""",""unit"":""Million USD"",""missingReason"":null},""equity"":{""observationDate"":""2022-09-30"",""status"":""not-stated"",""sourceStatus"":""Normal"",""comments"":"""",""unit"":""Million USD"",""missingReason"":null},""debt"":{""observationDate"":""2022-09-30"",""status"":""not-stated"",""sourceStatus"":""Normal"",""comments"":"""",""unit"":""Million USD"",""missingReason"":null}}"
2022-10,145,136,9,"{""net_fdi"":{""artifactId"":""TS_GP_BOP_BPM6SUM_M.P00330:cd661cec1470a4ce0cde9aa3bdf3d3b740889c439ab991e7157827fec171a9ae:212874d0addb"",""sourceKey"":""TS_GP_BOP_BPM6SUM_M.P00330"",""retrievedAt"":""2026-09-30T22:08:47.664Z"",""locator"":{""seriesKey"":""TS_GP_BOP_BPM6SUM_M.P00330"",""observationDate"":""2022-10-31"",""row"":47,""column"":5,""columns"":{""seriesKey"":2,""date"":4,""value"":5,""unit"":6,""status"":7,""comments"":8}},""rawValue"":""145""},""equity"":{""artifactId"":""TS_GP_BOP_BPM6SUM_M.P00340:8e12453347ce424ea0f526701627683c115bd4fc39748abf9e25b278e4093c55:2849852f85a8"",""sourceKey"":""TS_GP_BOP_BPM6SUM_M.P00340"",""retrievedAt"":""2026-09-30T22:08:48.102Z"",""locator"":{""seriesKey"":""TS_GP_BOP_BPM6SUM_M.P00340"",""observationDate"":""2022-10-31"",""row"":47,""column"":5,""columns"":{""seriesKey"":2,""date"":4,""value"":5,""unit"":6,""status"":7,""comments"":8}},""rawValue"":""136""},""debt"":{""artifactId"":""TS_GP_BOP_BPM6SUM_M.P00350:482b01db836fb4eea5f4fcb4c08066f65158d0772f33d64ce1d540b2f719da8d:1a2034b43048"",""sourceKey"":""TS_GP_BOP_BPM6SUM_M.P00350"",""retrievedAt"":""2026-09-30T22:08:48.536Z"",""locator"":{""seriesKey"":""TS_GP_BOP_BPM6SUM_M.P00350"",""observationDate"":""2022-10-31"",""row"":47,""column"":5,""columns"":{""seriesKey"":2,""date"":4,""value"":5,""unit"":6,""status"":7,""comments"":8}},""rawValue"":""9""}}","{""net_fdi"":{""observationDate"":""2022-10-31"",""status"":""not-stated"",""sourceStatus"":""Normal"",""comments"":"""",""unit"":""Million USD"",""missingReason"":null},""equity"":{""observationDate"":""2022-10-31"",""status"":""not-stated"",""sourceStatus"":""Normal"",""comments"":"""",""unit"":""Million USD"",""missingReason"":null},""debt"":{""observationDate"":""2022-10-31"",""status"":""not-stated"",""sourceStatus"":""Normal"",""comments"":"""",""unit"":""Million USD"",""missingReason"":null}}"
2022-11,122,180,-58,"{""net_fdi"":{""artifactId"":""TS_GP_BOP_BPM6SUM_M.P00330:cd661cec1470a4ce0cde9aa3bdf3d3b740889c439ab991e7157827fec171a9ae:212874d0addb"",""sourceKey"":""TS_GP_BOP_BPM6SUM_M.P00330"",""retrievedAt"":""2026-09-30T22:08:47.664Z"",""locator"":{""seriesKey"":""TS_GP_BOP_BPM6SUM_M.P00330"",""observationDate"":""2022-11-30"",""row"":46,""column"":5,""columns"":{""seriesKey"":2,""date"":4,""value"":5,""unit"":6,""status"":7,""comments"":8}},""rawValue"":""122""},""equity"":{""artifactId"":""TS_GP_BOP_BPM6SUM_M.P00340:8e12453347ce424ea0f526701627683c115bd4fc39748abf9e25b278e4093c55:2849852f85a8"",""sourceKey"":""TS_GP_BOP_BPM6SUM_M.P00340"",""retrievedAt"":""2026-09-30T22:08:48.102Z"",""locator"":{""seriesKey"":""TS_GP_BOP_BPM6SUM_M.P00340"",""observationDate"":""2022-11-30"",""row"":46,""column"":5,""columns"":{""seriesKey"":2,""date"":4,""value"":5,""unit"":6,""status"":7,""comments"":8}},""rawValue"":""180""},""debt"":{""artifactId"":""TS_GP_BOP_BPM6SUM_M.P00350:482b01db836fb4eea5f4fcb4c08066f65158d0772f33d64ce1d540b2f719da8d:1a2034b43048"",""sourceKey"":""TS_GP_BOP_BPM6SUM_M.P00350"",""retrievedAt"":""2026-09-30T22:08:48.536Z"",""locator"":{""seriesKey"":""TS_GP_BOP_BPM6SUM_M.P00350"",""observationDate"":""2022-11-30"",""row"":46,""column"":5,""columns"":{""seriesKey"":2,""date"":4,""value"":5,""unit"":6,""status"":7,""comments"":8}},""rawValue"":""-58""}}","{""net_fdi"":{""observationDate"":""2022-11-30"",""status"":""not-stated"",""sourceStatus"":""Normal"",""comments"":"""",""unit"":""Million USD"",""missingReason"":null},""equity"":{""observationDate"":""2022-11-30"",""status"":""not-stated"",""sourceStatus"":""Normal"",""comments"":"""",""unit"":""Million USD"",""missingReason"":null},""debt"":{""observationDate"":""2022-11-30"",""status"":""not-stated"",""sourceStatus"":""Normal"",""comments"":"""",""unit"":""Million USD"",""missingReason"":null}}"
2022-12,38,-5,43,"{""net_fdi"":{""artifactId"":""TS_GP_BOP_BPM6SUM_M.P00330:cd661cec1470a4ce0cde9aa3bdf3d3b740889c439ab991e7157827fec171a9ae:212874d0addb"",""sourceKey"":""TS_GP_BOP_BPM6SUM_M.P00330"",""retrievedAt"":""2026-09-30T22:08:47.664Z"",""locator"":{""seriesKey"":""TS_GP_BOP_BPM6SUM_M.P00330"",""observationDate"":""2022-12-31"",""row"":45,""column"":5,""columns"":{""seriesKey"":2,""date"":4,""value"":5,""unit"":6,""status"":7,""comments"":8}},""rawValue"":""38""},""equity"":{""artifactId"":""TS_GP_BOP_BPM6SUM_M.P00340:8e12453347ce424ea0f526701627683c115bd4fc39748abf9e25b278e4093c55:2849852f85a8"",""sourceKey"":""TS_GP_BOP_BPM6SUM_M.P00340"",""retrievedAt"":""2026-09-30T22:08:48.102Z"",""locator"":{""seriesKey"":""TS_GP_BOP_BPM6SUM_M.P00340"",""observationDate"":""2022-12-31"",""row"":45,""column"":5,""columns"":{""seriesKey"":2,""date"":4,""value"":5,""unit"":6,""status"":7,""comments"":8}},""rawValue"":""-5""},""debt"":{""artifactId"":""TS_GP_BOP_BPM6SUM_M.P00350:482b01db836fb4eea5f4fcb4c08066f65158d0772f33d64ce1d540b2f719da8d:1a2034b43048"",""sourceKey"":""TS_GP_BOP_BPM6SUM_M.P00350"",""retrievedAt"":""2026-09-30T22:08:48.536Z"",""locator"":{""seriesKey"":""TS_GP_BOP_BPM6SUM_M.P00350"",""observationDate"":""2022-12-31"",""row"":45,""column"":5,""columns"":{""seriesKey"":2,""date"":4,""value"":5,""unit"":6,""status"":7,""comments"":8}},""rawValue"":""43""}}","{""net_fdi"":{""observationDate"":""2022-12-31"",""status"":""not-stated"",""sourceStatus"":""Normal"",""comments"":"""",""unit"":""Million USD"",""missingReason"":null},""equity"":{""observationDate"":""2022-12-31"",""status"":""not-stated"",""sourceStatus"":""Normal"",""comments"":"""",""unit"":""Million USD"",""missingReason"":null},""debt"":{""observationDate"":""2022-12-31"",""status"":""not-stated"",""sourceStatus"":""Normal"",""comments"":"""",""unit"":""Million USD"",""missingReason"":null}}"
2023-01,242,193,49,"{""net_fdi"":{""artifactId"":""TS_GP_BOP_BPM6SUM_M.P00330:cd661cec1470a4ce0cde9aa3bdf3d3b740889c439ab991e7157827fec171a9ae:212874d0addb"",""sourceKey"":""TS_GP_BOP_BPM6SUM_M.P00330"",""retrievedAt"":""2026-09-30T22:08:47.664Z"",""locator"":{""seriesKey"":""TS_GP_BOP_BPM6SUM_M.P00330"",""observationDate"":""2023-01-31"",""row"":44,""column"":5,""columns"":{""seriesKey"":2,""date"":4,""value"":5,""unit"":6,""status"":7,""comments"":8}},""rawValue"":""242""},""equity"":{""artifactId"":""TS_GP_BOP_BPM6SUM_M.P00340:8e12453347ce424ea0f526701627683c115bd4fc39748abf9e25b278e4093c55:2849852f85a8"",""sourceKey"":""TS_GP_BOP_BPM6SUM_M.P00340"",""retrievedAt"":""2026-09-30T22:08:48.102Z"",""locator"":{""seriesKey"":""TS_GP_BOP_BPM6SUM_M.P00340"",""observationDate"":""2023-01-31"",""row"":44,""column"":5,""columns"":{""seriesKey"":2,""date"":4,""value"":5,""unit"":6,""status"":7,""comments"":8}},""rawValue"":""193""},""debt"":{""artifactId"":""TS_GP_BOP_BPM6SUM_M.P00350:482b01db836fb4eea5f4fcb4c08066f65158d0772f33d64ce1d540b2f719da8d:1a2034b43048"",""sourceKey"":""TS_GP_BOP_BPM6SUM_M.P00350"",""retrievedAt"":""2026-09-30T22:08:48.536Z"",""locator"":{""seriesKey"":""TS_GP_BOP_BPM6SUM_M.P00350"",""observationDate"":""2023-01-31"",""row"":44,""column"":5,""columns"":{""seriesKey"":2,""date"":4,""value"":5,""unit"":6,""status"":7,""comments"":8}},""rawValue"":""49""}}","{""net_fdi"":{""observationDate"":""2023-01-31"",""status"":""not-stated"",""sourceStatus"":""Normal"",""comments"":"""",""unit"":""Million USD"",""missingReason"":null},""equity"":{""observationDate"":""2023-01-31"",""status"":""not-stated"",""sourceStatus"":""Normal"",""comments"":"""",""unit"":""Million USD"",""missingReason"":null},""debt"":{""observationDate"":""2023-01-31"",""status"":""not-stated"",""sourceStatus"":""Normal"",""comments"":"""",""unit"":""Million USD"",""missingReason"":null}}"
2023-02,119,106,13,"{""net_fdi"":{""artifactId"":""TS_GP_BOP_BPM6SUM_M.P00330:cd661cec1470a4ce0cde9aa3bdf3d3b740889c439ab991e7157827fec171a9ae:212874d0addb"",""sourceKey"":""TS_GP_BOP_BPM6SUM_M.P00330"",""retrievedAt"":""2026-09-30T22:08:47.664Z"",""locator"":{""seriesKey"":""TS_GP_BOP_BPM6SUM_M.P00330"",""observationDate"":""2023-02-28"",""row"":43,""column"":5,""columns"":{""seriesKey"":2,""date"":4,""value"":5,""unit"":6,""status"":7,""comments"":8}},""rawValue"":""119""},""equity"":{""artifactId"":""TS_GP_BOP_BPM6SUM_M.P00340:8e12453347ce424ea0f526701627683c115bd4fc39748abf9e25b278e4093c55:2849852f85a8"",""sourceKey"":""TS_GP_BOP_BPM6SUM_M.P00340"",""retrievedAt"":""2026-09-30T22:08:48.102Z"",""locator"":{""seriesKey"":""TS_GP_BOP_BPM6SUM_M.P00340"",""observationDate"":""2023-02-28"",""row"":43,""column"":5,""columns"":{""seriesKey"":2,""date"":4,""value"":5,""unit"":6,""status"":7,""comments"":8}},""rawValue"":""106""},""debt"":{""artifactId"":""TS_GP_BOP_BPM6SUM_M.P00350:482b01db836fb4eea5f4fcb4c08066f65158d0772f33d64ce1d540b2f719da8d:1a2034b43048"",""sourceKey"":""TS_GP_BOP_BPM6SUM_M.P00350"",""retrievedAt"":""2026-09-30T22:08:48.536Z"",""locator"":{""seriesKey"":""TS_GP_BOP_BPM6SUM_M.P00350"",""observationDate"":""2023-02-28"",""row"":43,""column"":5,""columns"":{""seriesKey"":2,""date"":4,""value"":5,""unit"":6,""status"":7,""comments"":8}},""rawValue"":""13""}}","{""net_fdi"":{""observationDate"":""2023-02-28"",""status"":""not-stated"",""sourceStatus"":""Normal"",""comments"":"""",""unit"":""Million USD"",""missingReason"":null},""equity"":{""observationDate"":""2023-02-28"",""status"":""not-stated"",""sourceStatus"":""Normal"",""comments"":"""",""unit"":""Million USD"",""missingReason"":null},""debt"":{""observationDate"":""2023-02-28"",""status"":""not-stated"",""sourceStatus"":""Normal"",""comments"":"""",""unit"":""Million USD"",""missingReason"":null}}"
2023-03,170,173,-3,"{""net_fdi"":{""artifactId"":""TS_GP_BOP_BPM6SUM_M.P00330:cd661cec1470a4ce0cde9aa3bdf3d3b740889c439ab991e7157827fec171a9ae:212874d0addb"",""sourceKey"":""TS_GP_BOP_BPM6SUM_M.P00330"",""retrievedAt"":""2026-09-30T22:08:47.664Z"",""locator"":{""seriesKey"":""TS_GP_BOP_BPM6SUM_M.P00330"",""observationDate"":""2023-03-31"",""row"":42,""column"":5,""columns"":{""seriesKey"":2,""date"":4,""value"":5,""unit"":6,""status"":7,""comments"":8}},""rawValue"":""170""},""equity"":{""artifactId"":""TS_GP_BOP_BPM6SUM_M.P00340:8e12453347ce424ea0f526701627683c115bd4fc39748abf9e25b278e4093c55:2849852f85a8"",""sourceKey"":""TS_GP_BOP_BPM6SUM_M.P00340"",""retrievedAt"":""2026-09-30T22:08:48.102Z"",""locator"":{""seriesKey"":""TS_GP_BOP_BPM6SUM_M.P00340"",""observationDate"":""2023-03-31"",""row"":42,""column"":5,""columns"":{""seriesKey"":2,""date"":4,""value"":5,""unit"":6,""status"":7,""comments"":8}},""rawValue"":""173""},""debt"":{""artifactId"":""TS_GP_BOP_BPM6SUM_M.P00350:482b01db836fb4eea5f4fcb4c08066f65158d0772f33d64ce1d540b2f719da8d:1a2034b43048"",""sourceKey"":""TS_GP_BOP_BPM6SUM_M.P00350"",""retrievedAt"":""2026-09-30T22:08:48.536Z"",""locator"":{""seriesKey"":""TS_GP_BOP_BPM6SUM_M.P00350"",""observationDate"":""2023-03-31"",""row"":42,""column"":5,""columns"":{""seriesKey"":2,""date"":4,""value"":5,""unit"":6,""status"":7,""comments"":8}},""rawValue"":""-3""}}","{""net_fdi"":{""observationDate"":""2023-03-31"",""status"":""not-stated"",""sourceStatus"":""Normal"",""comments"":"""",""unit"":""Million USD"",""missingReason"":null},""equity"":{""observationDate"":""2023-03-31"",""status"":""not-stated"",""sourceStatus"":""Normal"",""comments"":"""",""unit"":""Million USD"",""missingReason"":null},""debt"":{""observationDate"":""2023-03-31"",""status"":""not-stated"",""sourceStatus"":""Normal"",""comments"":"""",""unit"":""Million USD"",""missingReason"":null}}"
2023-04,132,122,10,"{""net_fdi"":{""artifactId"":""TS_GP_BOP_BPM6SUM_M.P00330:cd661cec1470a4ce0cde9aa3bdf3d3b740889c439ab991e7157827fec171a9ae:212874d0addb"",""sourceKey"":""TS_GP_BOP_BPM6SUM_M.P00330"",""retrievedAt"":""2026-09-30T22:08:47.664Z"",""locator"":{""seriesKey"":""TS_GP_BOP_BPM6SUM_M.P00330"",""observationDate"":""2023-04-30"",""row"":41,""column"":5,""columns"":{""seriesKey"":2,""date"":4,""value"":5,""unit"":6,""status"":7,""comments"":8}},""rawValue"":""132""},""equity"":{""artifactId"":""TS_GP_BOP_BPM6SUM_M.P00340:8e12453347ce424ea0f526701627683c115bd4fc39748abf9e25b278e4093c55:2849852f85a8"",""sourceKey"":""TS_GP_BOP_BPM6SUM_M.P00340"",""retrievedAt"":""2026-09-30T22:08:48.102Z"",""locator"":{""seriesKey"":""TS_GP_BOP_BPM6SUM_M.P00340"",""observationDate"":""2023-04-30"",""row"":41,""column"":5,""columns"":{""seriesKey"":2,""date"":4,""value"":5,""unit"":6,""status"":7,""comments"":8}},""rawValue"":""122""},""debt"":{""artifactId"":""TS_GP_BOP_BPM6SUM_M.P00350:482b01db836fb4eea5f4fcb4c08066f65158d0772f33d64ce1d540b2f719da8d:1a2034b43048"",""sourceKey"":""TS_GP_BOP_BPM6SUM_M.P00350"",""retrievedAt"":""2026-09-30T22:08:48.536Z"",""locator"":{""seriesKey"":""TS_GP_BOP_BPM6SUM_M.P00350"",""observationDate"":""2023-04-30"",""row"":41,""column"":5,""columns"":{""seriesKey"":2,""date"":4,""value"":5,""unit"":6,""status"":7,""comments"":8}},""rawValue"":""10""}}","{""net_fdi"":{""observationDate"":""2023-04-30"",""status"":""not-stated"",""sourceStatus"":""Normal"",""comments"":"""",""unit"":""Million USD"",""missingReason"":null},""equity"":{""observationDate"":""2023-04-30"",""status"":""not-stated"",""sourceStatus"":""Normal"",""comments"":"""",""unit"":""Million USD"",""missingReason"":null},""debt"":{""observationDate"":""2023-04-30"",""status"":""not-stated"",""sourceStatus"":""Normal"",""comments"":"""",""unit"":""Million USD"",""missingReason"":null}}"
2023-05,156,123,33,"{""net_fdi"":{""artifactId"":""TS_GP_BOP_BPM6SUM_M.P00330:cd661cec1470a4ce0cde9aa3bdf3d3b740889c439ab991e7157827fec171a9ae:212874d0addb"",""sourceKey"":""TS_GP_BOP_BPM6SUM_M.P00330"",""retrievedAt"":""2026-09-30T22:08:47.664Z"",""locator"":{""seriesKey"":""TS_GP_BOP_BPM6SUM_M.P00330"",""observationDate"":""2023-05-31"",""row"":40,""column"":5,""columns"":{""seriesKey"":2,""date"":4,""value"":5,""unit"":6,""status"":7,""comments"":8}},""rawValue"":""156""},""equity"":{""artifactId"":""TS_GP_BOP_BPM6SUM_M.P00340:8e12453347ce424ea0f526701627683c115bd4fc39748abf9e25b278e4093c55:2849852f85a8"",""sourceKey"":""TS_GP_BOP_BPM6SUM_M.P00340"",""retrievedAt"":""2026-09-30T22:08:48.102Z"",""locator"":{""seriesKey"":""TS_GP_BOP_BPM6SUM_M.P00340"",""observationDate"":""2023-05-31"",""row"":40,""column"":5,""columns"":{""seriesKey"":2,""date"":4,""value"":5,""unit"":6,""status"":7,""comments"":8}},""rawValue"":""123""},""debt"":{""artifactId"":""TS_GP_BOP_BPM6SUM_M.P00350:482b01db836fb4eea5f4fcb4c08066f65158d0772f33d64ce1d540b2f719da8d:1a2034b43048"",""sourceKey"":""TS_GP_BOP_BPM6SUM_M.P00350"",""retrievedAt"":""2026-09-30T22:08:48.536Z"",""locator"":{""seriesKey"":""TS_GP_BOP_BPM6SUM_M.P00350"",""observationDate"":""2023-05-31"",""row"":40,""column"":5,""columns"":{""seriesKey"":2,""date"":4,""value"":5,""unit"":6,""status"":7,""comments"":8}},""rawValue"":""33""}}","{""net_fdi"":{""observationDate"":""2023-05-31"",""status"":""not-stated"",""sourceStatus"":""Normal"",""comments"":"""",""unit"":""Million USD"",""missingReason"":null},""equity"":{""observationDate"":""2023-05-31"",""status"":""not-stated"",""sourceStatus"":""Normal"",""comments"":"""",""unit"":""Million USD"",""missingReason"":null},""debt"":{""observationDate"":""2023-05-31"",""status"":""not-stated"",""sourceStatus"":""Normal"",""comments"":"""",""unit"":""Million USD"",""missingReason"":null}}"
2023-06,122,116,6,"{""net_fdi"":{""artifactId"":""TS_GP_BOP_BPM6SUM_M.P00330:cd661cec1470a4ce0cde9aa3bdf3d3b740889c439ab991e7157827fec171a9ae:212874d0addb"",""sourceKey"":""TS_GP_BOP_BPM6SUM_M.P00330"",""retrievedAt"":""2026-09-30T22:08:47.664Z"",""locator"":{""seriesKey"":""TS_GP_BOP_BPM6SUM_M.P00330"",""observationDate"":""2023-06-30"",""row"":39,""column"":5,""columns"":{""seriesKey"":2,""date"":4,""value"":5,""unit"":6,""status"":7,""comments"":8}},""rawValue"":""122""},""equity"":{""artifactId"":""TS_GP_BOP_BPM6SUM_M.P00340:8e12453347ce424ea0f526701627683c115bd4fc39748abf9e25b278e4093c55:2849852f85a8"",""sourceKey"":""TS_GP_BOP_BPM6SUM_M.P00340"",""retrievedAt"":""2026-09-30T22:08:48.102Z"",""locator"":{""seriesKey"":""TS_GP_BOP_BPM6SUM_M.P00340"",""observationDate"":""2023-06-30"",""row"":39,""column"":5,""columns"":{""seriesKey"":2,""date"":4,""value"":5,""unit"":6,""status"":7,""comments"":8}},""rawValue"":""116""},""debt"":{""artifactId"":""TS_GP_BOP_BPM6SUM_M.P00350:482b01db836fb4eea5f4fcb4c08066f65158d0772f33d64ce1d540b2f719da8d:1a2034b43048"",""sourceKey"":""TS_GP_BOP_BPM6SUM_M.P00350"",""retrievedAt"":""2026-09-30T22:08:48.536Z"",""locator"":{""seriesKey"":""TS_GP_BOP_BPM6SUM_M.P00350"",""observationDate"":""2023-06-30"",""row"":39,""column"":5,""columns"":{""seriesKey"":2,""date"":4,""value"":5,""unit"":6,""status"":7,""comments"":8}},""rawValue"":""6""}}","{""net_fdi"":{""observationDate"":""2023-06-30"",""status"":""not-stated"",""sourceStatus"":""Normal"",""comments"":"""",""unit"":""Million USD"",""missingReason"":null},""equity"":{""observationDate"":""2023-06-30"",""status"":""not-stated"",""sourceStatus"":""Normal"",""comments"":"""",""unit"":""Million USD"",""missingReason"":null},""debt"":{""observationDate"":""2023-06-30"",""status"":""not-stated"",""sourceStatus"":""Normal"",""comments"":"""",""unit"":""Million USD"",""missingReason"":null}}"
2023-07,124,131,-7,"{""net_fdi"":{""artifactId"":""TS_GP_BOP_BPM6SUM_M.P00330:cd661cec1470a4ce0cde9aa3bdf3d3b740889c439ab991e7157827fec171a9ae:212874d0addb"",""sourceKey"":""TS_GP_BOP_BPM6SUM_M.P00330"",""retrievedAt"":""2026-09-30T22:08:47.664Z"",""locator"":{""seriesKey"":""TS_GP_BOP_BPM6SUM_M.P00330"",""observationDate"":""2023-07-31"",""row"":38,""column"":5,""columns"":{""seriesKey"":2,""date"":4,""value"":5,""unit"":6,""status"":7,""comments"":8}},""rawValue"":""124""},""equity"":{""artifactId"":""TS_GP_BOP_BPM6SUM_M.P00340:8e12453347ce424ea0f526701627683c115bd4fc39748abf9e25b278e4093c55:2849852f85a8"",""sourceKey"":""TS_GP_BOP_BPM6SUM_M.P00340"",""retrievedAt"":""2026-09-30T22:08:48.102Z"",""locator"":{""seriesKey"":""TS_GP_BOP_BPM6SUM_M.P00340"",""observationDate"":""2023-07-31"",""row"":38,""column"":5,""columns"":{""seriesKey"":2,""date"":4,""value"":5,""unit"":6,""status"":7,""comments"":8}},""rawValue"":""131""},""debt"":{""artifactId"":""TS_GP_BOP_BPM6SUM_M.P00350:482b01db836fb4eea5f4fcb4c08066f65158d0772f33d64ce1d540b2f719da8d:1a2034b43048"",""sourceKey"":""TS_GP_BOP_BPM6SUM_M.P00350"",""retrievedAt"":""2026-09-30T22:08:48.536Z"",""locator"":{""seriesKey"":""TS_GP_BOP_BPM6SUM_M.P00350"",""observationDate"":""2023-07-31"",""row"":38,""column"":5,""columns"":{""seriesKey"":2,""date"":4,""value"":5,""unit"":6,""status"":7,""comments"":8}},""rawValue"":""-7""}}","{""net_fdi"":{""observationDate"":""2023-07-31"",""status"":""not-stated"",""sourceStatus"":""Normal"",""comments"":"""",""unit"":""Million USD"",""missingReason"":null},""equity"":{""observationDate"":""2023-07-31"",""status"":""not-stated"",""sourceStatus"":""Normal"",""comments"":"""",""unit"":""Million USD"",""missingReason"":null},""debt"":{""observationDate"":""2023-07-31"",""status"":""not-stated"",""sourceStatus"":""Normal"",""comments"":"""",""unit"":""Million USD"",""missingReason"":null}}"
2023-08,183,179,4,"{""net_fdi"":{""artifactId"":""TS_GP_BOP_BPM6SUM_M.P00330:cd661cec1470a4ce0cde9aa3bdf3d3b740889c439ab991e7157827fec171a9ae:212874d0addb"",""sourceKey"":""TS_GP_BOP_BPM6SUM_M.P00330"",""retrievedAt"":""2026-09-30T22:08:47.664Z"",""locator"":{""seriesKey"":""TS_GP_BOP_BPM6SUM_M.P00330"",""observationDate"":""2023-08-31"",""row"":37,""column"":5,""columns"":{""seriesKey"":2,""date"":4,""value"":5,""unit"":6,""status"":7,""comments"":8}},""rawValue"":""183""},""equity"":{""artifactId"":""TS_GP_BOP_BPM6SUM_M.P00340:8e12453347ce424ea0f526701627683c115bd4fc39748abf9e25b278e4093c55:2849852f85a8"",""sourceKey"":""TS_GP_BOP_BPM6SUM_M.P00340"",""retrievedAt"":""2026-09-30T22:08:48.102Z"",""locator"":{""seriesKey"":""TS_GP_BOP_BPM6SUM_M.P00340"",""observationDate"":""2023-08-31"",""row"":37,""column"":5,""columns"":{""seriesKey"":2,""date"":4,""value"":5,""unit"":6,""status"":7,""comments"":8}},""rawValue"":""179""},""debt"":{""artifactId"":""TS_GP_BOP_BPM6SUM_M.P00350:482b01db836fb4eea5f4fcb4c08066f65158d0772f33d64ce1d540b2f719da8d:1a2034b43048"",""sourceKey"":""TS_GP_BOP_BPM6SUM_M.P00350"",""retrievedAt"":""2026-09-30T22:08:48.536Z"",""locator"":{""seriesKey"":""TS_GP_BOP_BPM6SUM_M.P00350"",""observationDate"":""2023-08-31"",""row"":37,""column"":5,""columns"":{""seriesKey"":2,""date"":4,""value"":5,""unit"":6,""status"":7,""comments"":8}},""rawValue"":""4""}}","{""net_fdi"":{""observationDate"":""2023-08-31"",""status"":""not-stated"",""sourceStatus"":""Normal"",""comments"":"""",""unit"":""Million USD"",""missingReason"":null},""equity"":{""observationDate"":""2023-08-31"",""status"":""not-stated"",""sourceStatus"":""Normal"",""comments"":"""",""unit"":""Million USD"",""missingReason"":null},""debt"":{""observationDate"":""2023-08-31"",""status"":""not-stated"",""sourceStatus"":""Normal"",""comments"":"""",""unit"":""Million USD"",""missingReason"":null}}"
2023-09,213,200,13,"{""net_fdi"":{""artifactId"":""TS_GP_BOP_BPM6SUM_M.P00330:cd661cec1470a4ce0cde9aa3bdf3d3b740889c439ab991e7157827fec171a9ae:212874d0addb"",""sourceKey"":""TS_GP_BOP_BPM6SUM_M.P00330"",""retrievedAt"":""2026-09-30T22:08:47.664Z"",""locator"":{""seriesKey"":""TS_GP_BOP_BPM6SUM_M.P00330"",""observationDate"":""2023-09-30"",""row"":36,""column"":5,""columns"":{""seriesKey"":2,""date"":4,""value"":5,""unit"":6,""status"":7,""comments"":8}},""rawValue"":""213""},""equity"":{""artifactId"":""TS_GP_BOP_BPM6SUM_M.P00340:8e12453347ce424ea0f526701627683c115bd4fc39748abf9e25b278e4093c55:2849852f85a8"",""sourceKey"":""TS_GP_BOP_BPM6SUM_M.P00340"",""retrievedAt"":""2026-09-30T22:08:48.102Z"",""locator"":{""seriesKey"":""TS_GP_BOP_BPM6SUM_M.P00340"",""observationDate"":""2023-09-30"",""row"":36,""column"":5,""columns"":{""seriesKey"":2,""date"":4,""value"":5,""unit"":6,""status"":7,""comments"":8}},""rawValue"":""200""},""debt"":{""artifactId"":""TS_GP_BOP_BPM6SUM_M.P00350:482b01db836fb4eea5f4fcb4c08066f65158d0772f33d64ce1d540b2f719da8d:1a2034b43048"",""sourceKey"":""TS_GP_BOP_BPM6SUM_M.P00350"",""retrievedAt"":""2026-09-30T22:08:48.536Z"",""locator"":{""seriesKey"":""TS_GP_BOP_BPM6SUM_M.P00350"",""observationDate"":""2023-09-30"",""row"":36,""column"":5,""columns"":{""seriesKey"":2,""date"":4,""value"":5,""unit"":6,""status"":7,""comments"":8}},""rawValue"":""13""}}","{""net_fdi"":{""observationDate"":""2023-09-30"",""status"":""not-stated"",""sourceStatus"":""Normal"",""comments"":"""",""unit"":""Million USD"",""missingReason"":null},""equity"":{""observationDate"":""2023-09-30"",""status"":""not-stated"",""sourceStatus"":""Normal"",""comments"":"""",""unit"":""Million USD"",""missingReason"":null},""debt"":{""observationDate"":""2023-09-30"",""status"":""not-stated"",""sourceStatus"":""Normal"",""comments"":"""",""unit"":""Million USD"",""missingReason"":null}}"
2023-10,163,137,26,"{""net_fdi"":{""artifactId"":""TS_GP_BOP_BPM6SUM_M.P00330:cd661cec1470a4ce0cde9aa3bdf3d3b740889c439ab991e7157827fec171a9ae:212874d0addb"",""sourceKey"":""TS_GP_BOP_BPM6SUM_M.P00330"",""retrievedAt"":""2026-09-30T22:08:47.664Z"",""locator"":{""seriesKey"":""TS_GP_BOP_BPM6SUM_M.P00330"",""observationDate"":""2023-10-31"",""row"":35,""column"":5,""columns"":{""seriesKey"":2,""date"":4,""value"":5,""unit"":6,""status"":7,""comments"":8}},""rawValue"":""163""},""equity"":{""artifactId"":""TS_GP_BOP_BPM6SUM_M.P00340:8e12453347ce424ea0f526701627683c115bd4fc39748abf9e25b278e4093c55:2849852f85a8"",""sourceKey"":""TS_GP_BOP_BPM6SUM_M.P00340"",""retrievedAt"":""2026-09-30T22:08:48.102Z"",""locator"":{""seriesKey"":""TS_GP_BOP_BPM6SUM_M.P00340"",""observationDate"":""2023-10-31"",""row"":35,""column"":5,""columns"":{""seriesKey"":2,""date"":4,""value"":5,""unit"":6,""status"":7,""comments"":8}},""rawValue"":""137""},""debt"":{""artifactId"":""TS_GP_BOP_BPM6SUM_M.P00350:482b01db836fb4eea5f4fcb4c08066f65158d0772f33d64ce1d540b2f719da8d:1a2034b43048"",""sourceKey"":""TS_GP_BOP_BPM6SUM_M.P00350"",""retrievedAt"":""2026-09-30T22:08:48.536Z"",""locator"":{""seriesKey"":""TS_GP_BOP_BPM6SUM_M.P00350"",""observationDate"":""2023-10-31"",""row"":35,""column"":5,""columns"":{""seriesKey"":2,""date"":4,""value"":5,""unit"":6,""status"":7,""comments"":8}},""rawValue"":""26""}}","{""net_fdi"":{""observationDate"":""2023-10-31"",""status"":""not-stated"",""sourceStatus"":""Normal"",""comments"":"""",""unit"":""Million USD"",""missingReason"":null},""equity"":{""observationDate"":""2023-10-31"",""status"":""not-stated"",""sourceStatus"":""Normal"",""comments"":"""",""unit"":""Million USD"",""missingReason"":null},""debt"":{""observationDate"":""2023-10-31"",""status"":""not-stated"",""sourceStatus"":""Normal"",""comments"":"""",""unit"":""Million USD"",""missingReason"":null}}"
2023-11,172,186,-14,"{""net_fdi"":{""artifactId"":""TS_GP_BOP_BPM6SUM_M.P00330:cd661cec1470a4ce0cde9aa3bdf3d3b740889c439ab991e7157827fec171a9ae:212874d0addb"",""sourceKey"":""TS_GP_BOP_BPM6SUM_M.P00330"",""retrievedAt"":""2026-09-30T22:08:47.664Z"",""locator"":{""seriesKey"":""TS_GP_BOP_BPM6SUM_M.P00330"",""observationDate"":""2023-11-30"",""row"":34,""column"":5,""columns"":{""seriesKey"":2,""date"":4,""value"":5,""unit"":6,""status"":7,""comments"":8}},""rawValue"":""172""},""equity"":{""artifactId"":""TS_GP_BOP_BPM6SUM_M.P00340:8e12453347ce424ea0f526701627683c115bd4fc39748abf9e25b278e4093c55:2849852f85a8"",""sourceKey"":""TS_GP_BOP_BPM6SUM_M.P00340"",""retrievedAt"":""2026-09-30T22:08:48.102Z"",""locator"":{""seriesKey"":""TS_GP_BOP_BPM6SUM_M.P00340"",""observationDate"":""2023-11-30"",""row"":34,""column"":5,""columns"":{""seriesKey"":2,""date"":4,""value"":5,""unit"":6,""status"":7,""comments"":8}},""rawValue"":""186""},""debt"":{""artifactId"":""TS_GP_BOP_BPM6SUM_M.P00350:482b01db836fb4eea5f4fcb4c08066f65158d0772f33d64ce1d540b2f719da8d:1a2034b43048"",""sourceKey"":""TS_GP_BOP_BPM6SUM_M.P00350"",""retrievedAt"":""2026-09-30T22:08:48.536Z"",""locator"":{""seriesKey"":""TS_GP_BOP_BPM6SUM_M.P00350"",""observationDate"":""2023-11-30"",""row"":34,""column"":5,""columns"":{""seriesKey"":2,""date"":4,""value"":5,""unit"":6,""status"":7,""comments"":8}},""rawValue"":""-14""}}","{""net_fdi"":{""observationDate"":""2023-11-30"",""status"":""not-stated"",""sourceStatus"":""Normal"",""comments"":"""",""unit"":""Million USD"",""missingReason"":null},""equity"":{""observationDate"":""2023-11-30"",""status"":""not-stated"",""sourceStatus"":""Normal"",""comments"":"""",""unit"":""Million USD"",""missingReason"":null},""debt"":{""observationDate"":""2023-11-30"",""status"":""not-stated"",""sourceStatus"":""Normal"",""comments"":"""",""unit"":""Million USD"",""missingReason"":null}}"
2023-12,252,240,12,"{""net_fdi"":{""artifactId"":""TS_GP_BOP_BPM6SUM_M.P00330:cd661cec1470a4ce0cde9aa3bdf3d3b740889c439ab991e7157827fec171a9ae:212874d0addb"",""sourceKey"":""TS_GP_BOP_BPM6SUM_M.P00330"",""retrievedAt"":""2026-09-30T22:08:47.664Z"",""locator"":{""seriesKey"":""TS_GP_BOP_BPM6SUM_M.P00330"",""observationDate"":""2023-12-31"",""row"":33,""column"":5,""columns"":{""seriesKey"":2,""date"":4,""value"":5,""unit"":6,""status"":7,""comments"":8}},""rawValue"":""252""},""equity"":{""artifactId"":""TS_GP_BOP_BPM6SUM_M.P00340:8e12453347ce424ea0f526701627683c115bd4fc39748abf9e25b278e4093c55:2849852f85a8"",""sourceKey"":""TS_GP_BOP_BPM6SUM_M.P00340"",""retrievedAt"":""2026-09-30T22:08:48.102Z"",""locator"":{""seriesKey"":""TS_GP_BOP_BPM6SUM_M.P00340"",""observationDate"":""2023-12-31"",""row"":33,""column"":5,""columns"":{""seriesKey"":2,""date"":4,""value"":5,""unit"":6,""status"":7,""comments"":8}},""rawValue"":""240""},""debt"":{""artifactId"":""TS_GP_BOP_BPM6SUM_M.P00350:482b01db836fb4eea5f4fcb4c08066f65158d0772f33d64ce1d540b2f719da8d:1a2034b43048"",""sourceKey"":""TS_GP_BOP_BPM6SUM_M.P00350"",""retrievedAt"":""2026-09-30T22:08:48.536Z"",""locator"":{""seriesKey"":""TS_GP_BOP_BPM6SUM_M.P00350"",""observationDate"":""2023-12-31"",""row"":33,""column"":5,""columns"":{""seriesKey"":2,""date"":4,""value"":5,""unit"":6,""status"":7,""comments"":8}},""rawValue"":""12""}}","{""net_fdi"":{""observationDate"":""2023-12-31"",""status"":""not-stated"",""sourceStatus"":""Normal"",""comments"":"""",""unit"":""Million USD"",""missingReason"":null},""equity"":{""observationDate"":""2023-12-31"",""status"":""not-stated"",""sourceStatus"":""Normal"",""comments"":"""",""unit"":""Million USD"",""missingReason"":null},""debt"":{""observationDate"":""2023-12-31"",""status"":""not-stated"",""sourceStatus"":""Normal"",""comments"":"""",""unit"":""Million USD"",""missingReason"":null}}"
2024-01,-132,-134,2,"{""net_fdi"":{""artifactId"":""TS_GP_BOP_BPM6SUM_M.P00330:cd661cec1470a4ce0cde9aa3bdf3d3b740889c439ab991e7157827fec171a9ae:212874d0addb"",""sourceKey"":""TS_GP_BOP_BPM6SUM_M.P00330"",""retrievedAt"":""2026-09-30T22:08:47.664Z"",""locator"":{""seriesKey"":""TS_GP_BOP_BPM6SUM_M.P00330"",""observationDate"":""2024-01-31"",""row"":32,""column"":5,""columns"":{""seriesKey"":2,""date"":4,""value"":5,""unit"":6,""status"":7,""comments"":8}},""rawValue"":""-132""},""equity"":{""artifactId"":""TS_GP_BOP_BPM6SUM_M.P00340:8e12453347ce424ea0f526701627683c115bd4fc39748abf9e25b278e4093c55:2849852f85a8"",""sourceKey"":""TS_GP_BOP_BPM6SUM_M.P00340"",""retrievedAt"":""2026-09-30T22:08:48.102Z"",""locator"":{""seriesKey"":""TS_GP_BOP_BPM6SUM_M.P00340"",""observationDate"":""2024-01-31"",""row"":32,""column"":5,""columns"":{""seriesKey"":2,""date"":4,""value"":5,""unit"":6,""status"":7,""comments"":8}},""rawValue"":""-134""},""debt"":{""artifactId"":""TS_GP_BOP_BPM6SUM_M.P00350:482b01db836fb4eea5f4fcb4c08066f65158d0772f33d64ce1d540b2f719da8d:1a2034b43048"",""sourceKey"":""TS_GP_BOP_BPM6SUM_M.P00350"",""retrievedAt"":""2026-09-30T22:08:48.536Z"",""locator"":{""seriesKey"":""TS_GP_BOP_BPM6SUM_M.P00350"",""observationDate"":""2024-01-31"",""row"":32,""column"":5,""columns"":{""seriesKey"":2,""date"":4,""value"":5,""unit"":6,""status"":7,""comments"":8}},""rawValue"":""2""}}","{""net_fdi"":{""observationDate"":""2024-01-31"",""status"":""not-stated"",""sourceStatus"":""Normal"",""comments"":"""",""unit"":""Million USD"",""missingReason"":null},""equity"":{""observationDate"":""2024-01-31"",""status"":""not-stated"",""sourceStatus"":""Normal"",""comments"":"""",""unit"":""Million USD"",""missingReason"":null},""debt"":{""observationDate"":""2024-01-31"",""status"":""not-stated"",""sourceStatus"":""Normal"",""comments"":"""",""unit"":""Million USD"",""missingReason"":null}}"
2024-02,172,156,16,"{""net_fdi"":{""artifactId"":""TS_GP_BOP_BPM6SUM_M.P00330:cd661cec1470a4ce0cde9aa3bdf3d3b740889c439ab991e7157827fec171a9ae:212874d0addb"",""sourceKey"":""TS_GP_BOP_BPM6SUM_M.P00330"",""retrievedAt"":""2026-09-30T22:08:47.664Z"",""locator"":{""seriesKey"":""TS_GP_BOP_BPM6SUM_M.P00330"",""observationDate"":""2024-02-29"",""row"":31,""column"":5,""columns"":{""seriesKey"":2,""date"":4,""value"":5,""unit"":6,""status"":7,""comments"":8}},""rawValue"":""172""},""equity"":{""artifactId"":""TS_GP_BOP_BPM6SUM_M.P00340:8e12453347ce424ea0f526701627683c115bd4fc39748abf9e25b278e4093c55:2849852f85a8"",""sourceKey"":""TS_GP_BOP_BPM6SUM_M.P00340"",""retrievedAt"":""2026-09-30T22:08:48.102Z"",""locator"":{""seriesKey"":""TS_GP_BOP_BPM6SUM_M.P00340"",""observationDate"":""2024-02-29"",""row"":31,""column"":5,""columns"":{""seriesKey"":2,""date"":4,""value"":5,""unit"":6,""status"":7,""comments"":8}},""rawValue"":""156""},""debt"":{""artifactId"":""TS_GP_BOP_BPM6SUM_M.P00350:482b01db836fb4eea5f4fcb4c08066f65158d0772f33d64ce1d540b2f719da8d:1a2034b43048"",""sourceKey"":""TS_GP_BOP_BPM6SUM_M.P00350"",""retrievedAt"":""2026-09-30T22:08:48.536Z"",""locator"":{""seriesKey"":""TS_GP_BOP_BPM6SUM_M.P00350"",""observationDate"":""2024-02-29"",""row"":31,""column"":5,""columns"":{""seriesKey"":2,""date"":4,""value"":5,""unit"":6,""status"":7,""comments"":8}},""rawValue"":""16""}}","{""net_fdi"":{""observationDate"":""2024-02-29"",""status"":""not-stated"",""sourceStatus"":""Normal"",""comments"":"""",""unit"":""Million USD"",""missingReason"":null},""equity"":{""observationDate"":""2024-02-29"",""status"":""not-stated"",""sourceStatus"":""Normal"",""comments"":"""",""unit"":""Million USD"",""missingReason"":null},""debt"":{""observationDate"":""2024-02-29"",""status"":""not-stated"",""sourceStatus"":""Normal"",""comments"":"""",""unit"":""Million USD"",""missingReason"":null}}"
2024-03,294,274,20,"{""net_fdi"":{""artifactId"":""TS_GP_BOP_BPM6SUM_M.P00330:cd661cec1470a4ce0cde9aa3bdf3d3b740889c439ab991e7157827fec171a9ae:212874d0addb"",""sourceKey"":""TS_GP_BOP_BPM6SUM_M.P00330"",""retrievedAt"":""2026-09-30T22:08:47.664Z"",""locator"":{""seriesKey"":""TS_GP_BOP_BPM6SUM_M.P00330"",""observationDate"":""2024-03-31"",""row"":30,""column"":5,""columns"":{""seriesKey"":2,""date"":4,""value"":5,""unit"":6,""status"":7,""comments"":8}},""rawValue"":""294""},""equity"":{""artifactId"":""TS_GP_BOP_BPM6SUM_M.P00340:8e12453347ce424ea0f526701627683c115bd4fc39748abf9e25b278e4093c55:2849852f85a8"",""sourceKey"":""TS_GP_BOP_BPM6SUM_M.P00340"",""retrievedAt"":""2026-09-30T22:08:48.102Z"",""locator"":{""seriesKey"":""TS_GP_BOP_BPM6SUM_M.P00340"",""observationDate"":""2024-03-31"",""row"":30,""column"":5,""columns"":{""seriesKey"":2,""date"":4,""value"":5,""unit"":6,""status"":7,""comments"":8}},""rawValue"":""274""},""debt"":{""artifactId"":""TS_GP_BOP_BPM6SUM_M.P00350:482b01db836fb4eea5f4fcb4c08066f65158d0772f33d64ce1d540b2f719da8d:1a2034b43048"",""sourceKey"":""TS_GP_BOP_BPM6SUM_M.P00350"",""retrievedAt"":""2026-09-30T22:08:48.536Z"",""locator"":{""seriesKey"":""TS_GP_BOP_BPM6SUM_M.P00350"",""observationDate"":""2024-03-31"",""row"":30,""column"":5,""columns"":{""seriesKey"":2,""date"":4,""value"":5,""unit"":6,""status"":7,""comments"":8}},""rawValue"":""20""}}","{""net_fdi"":{""observationDate"":""2024-03-31"",""status"":""not-stated"",""sourceStatus"":""Normal"",""comments"":"""",""unit"":""Million USD"",""missingReason"":null},""equity"":{""observationDate"":""2024-03-31"",""status"":""not-stated"",""sourceStatus"":""Normal"",""comments"":"""",""unit"":""Million USD"",""missingReason"":null},""debt"":{""observationDate"":""2024-03-31"",""status"":""not-stated"",""sourceStatus"":""Normal"",""comments"":"""",""unit"":""Million USD"",""missingReason"":null}}"
2024-04,394,371,23,"{""net_fdi"":{""artifactId"":""TS_GP_BOP_BPM6SUM_M.P00330:cd661cec1470a4ce0cde9aa3bdf3d3b740889c439ab991e7157827fec171a9ae:212874d0addb"",""sourceKey"":""TS_GP_BOP_BPM6SUM_M.P00330"",""retrievedAt"":""2026-09-30T22:08:47.664Z"",""locator"":{""seriesKey"":""TS_GP_BOP_BPM6SUM_M.P00330"",""observationDate"":""2024-04-30"",""row"":29,""column"":5,""columns"":{""seriesKey"":2,""date"":4,""value"":5,""unit"":6,""status"":7,""comments"":8}},""rawValue"":""394""},""equity"":{""artifactId"":""TS_GP_BOP_BPM6SUM_M.P00340:8e12453347ce424ea0f526701627683c115bd4fc39748abf9e25b278e4093c55:2849852f85a8"",""sourceKey"":""TS_GP_BOP_BPM6SUM_M.P00340"",""retrievedAt"":""2026-09-30T22:08:48.102Z"",""locator"":{""seriesKey"":""TS_GP_BOP_BPM6SUM_M.P00340"",""observationDate"":""2024-04-30"",""row"":29,""column"":5,""columns"":{""seriesKey"":2,""date"":4,""value"":5,""unit"":6,""status"":7,""comments"":8}},""rawValue"":""371""},""debt"":{""artifactId"":""TS_GP_BOP_BPM6SUM_M.P00350:482b01db836fb4eea5f4fcb4c08066f65158d0772f33d64ce1d540b2f719da8d:1a2034b43048"",""sourceKey"":""TS_GP_BOP_BPM6SUM_M.P00350"",""retrievedAt"":""2026-09-30T22:08:48.536Z"",""locator"":{""seriesKey"":""TS_GP_BOP_BPM6SUM_M.P00350"",""observationDate"":""2024-04-30"",""row"":29,""column"":5,""columns"":{""seriesKey"":2,""date"":4,""value"":5,""unit"":6,""status"":7,""comments"":8}},""rawValue"":""23""}}","{""net_fdi"":{""observationDate"":""2024-04-30"",""status"":""not-stated"",""sourceStatus"":""Normal"",""comments"":"""",""unit"":""Million USD"",""missingReason"":null},""equity"":{""observationDate"":""2024-04-30"",""status"":""not-stated"",""sourceStatus"":""Normal"",""comments"":"""",""unit"":""Million USD"",""missingReason"":null},""debt"":{""observationDate"":""2024-04-30"",""status"":""not-stated"",""sourceStatus"":""Normal"",""comments"":"""",""unit"":""Million USD"",""missingReason"":null}}"
2024-05,306,287,19,"{""net_fdi"":{""artifactId"":""TS_GP_BOP_BPM6SUM_M.P00330:cd661cec1470a4ce0cde9aa3bdf3d3b740889c439ab991e7157827fec171a9ae:212874d0addb"",""sourceKey"":""TS_GP_BOP_BPM6SUM_M.P00330"",""retrievedAt"":""2026-09-30T22:08:47.664Z"",""locator"":{""seriesKey"":""TS_GP_BOP_BPM6SUM_M.P00330"",""observationDate"":""2024-05-31"",""row"":28,""column"":5,""columns"":{""seriesKey"":2,""date"":4,""value"":5,""unit"":6,""status"":7,""comments"":8}},""rawValue"":""306""},""equity"":{""artifactId"":""TS_GP_BOP_BPM6SUM_M.P00340:8e12453347ce424ea0f526701627683c115bd4fc39748abf9e25b278e4093c55:2849852f85a8"",""sourceKey"":""TS_GP_BOP_BPM6SUM_M.P00340"",""retrievedAt"":""2026-09-30T22:08:48.102Z"",""locator"":{""seriesKey"":""TS_GP_BOP_BPM6SUM_M.P00340"",""observationDate"":""2024-05-31"",""row"":28,""column"":5,""columns"":{""seriesKey"":2,""date"":4,""value"":5,""unit"":6,""status"":7,""comments"":8}},""rawValue"":""287""},""debt"":{""artifactId"":""TS_GP_BOP_BPM6SUM_M.P00350:482b01db836fb4eea5f4fcb4c08066f65158d0772f33d64ce1d540b2f719da8d:1a2034b43048"",""sourceKey"":""TS_GP_BOP_BPM6SUM_M.P00350"",""retrievedAt"":""2026-09-30T22:08:48.536Z"",""locator"":{""seriesKey"":""TS_GP_BOP_BPM6SUM_M.P00350"",""observationDate"":""2024-05-31"",""row"":28,""column"":5,""columns"":{""seriesKey"":2,""date"":4,""value"":5,""unit"":6,""status"":7,""comments"":8}},""rawValue"":""19""}}","{""net_fdi"":{""observationDate"":""2024-05-31"",""status"":""not-stated"",""sourceStatus"":""Normal"",""comments"":"""",""unit"":""Million USD"",""missingReason"":null},""equity"":{""observationDate"":""2024-05-31"",""status"":""not-stated"",""sourceStatus"":""Normal"",""comments"":"""",""unit"":""Million USD"",""missingReason"":null},""debt"":{""observationDate"":""2024-05-31"",""status"":""not-stated"",""sourceStatus"":""Normal"",""comments"":"""",""unit"":""Million USD"",""missingReason"":null}}"
2024-06,205,201,4,"{""net_fdi"":{""artifactId"":""TS_GP_BOP_BPM6SUM_M.P00330:cd661cec1470a4ce0cde9aa3bdf3d3b740889c439ab991e7157827fec171a9ae:212874d0addb"",""sourceKey"":""TS_GP_BOP_BPM6SUM_M.P00330"",""retrievedAt"":""2026-09-30T22:08:47.664Z"",""locator"":{""seriesKey"":""TS_GP_BOP_BPM6SUM_M.P00330"",""observationDate"":""2024-06-30"",""row"":27,""column"":5,""columns"":{""seriesKey"":2,""date"":4,""value"":5,""unit"":6,""status"":7,""comments"":8}},""rawValue"":""205""},""equity"":{""artifactId"":""TS_GP_BOP_BPM6SUM_M.P00340:8e12453347ce424ea0f526701627683c115bd4fc39748abf9e25b278e4093c55:2849852f85a8"",""sourceKey"":""TS_GP_BOP_BPM6SUM_M.P00340"",""retrievedAt"":""2026-09-30T22:08:48.102Z"",""locator"":{""seriesKey"":""TS_GP_BOP_BPM6SUM_M.P00340"",""observationDate"":""2024-06-30"",""row"":27,""column"":5,""columns"":{""seriesKey"":2,""date"":4,""value"":5,""unit"":6,""status"":7,""comments"":8}},""rawValue"":""201""},""debt"":{""artifactId"":""TS_GP_BOP_BPM6SUM_M.P00350:482b01db836fb4eea5f4fcb4c08066f65158d0772f33d64ce1d540b2f719da8d:1a2034b43048"",""sourceKey"":""TS_GP_BOP_BPM6SUM_M.P00350"",""retrievedAt"":""2026-09-30T22:08:48.536Z"",""locator"":{""seriesKey"":""TS_GP_BOP_BPM6SUM_M.P00350"",""observationDate"":""2024-06-30"",""row"":27,""column"":5,""columns"":{""seriesKey"":2,""date"":4,""value"":5,""unit"":6,""status"":7,""comments"":8}},""rawValue"":""4""}}","{""net_fdi"":{""observationDate"":""2024-06-30"",""status"":""not-stated"",""sourceStatus"":""Normal"",""comments"":"""",""unit"":""Million USD"",""missingReason"":null},""equity"":{""observationDate"":""2024-06-30"",""status"":""not-stated"",""sourceStatus"":""Normal"",""comments"":"""",""unit"":""Million USD"",""missingReason"":null},""debt"":{""observationDate"":""2024-06-30"",""status"":""not-stated"",""sourceStatus"":""Normal"",""comments"":"""",""unit"":""Million USD"",""missingReason"":null}}"
2024-07,185,195,-10,"{""net_fdi"":{""artifactId"":""TS_GP_BOP_BPM6SUM_M.P00330:cd661cec1470a4ce0cde9aa3bdf3d3b740889c439ab991e7157827fec171a9ae:212874d0addb"",""sourceKey"":""TS_GP_BOP_BPM6SUM_M.P00330"",""retrievedAt"":""2026-09-30T22:08:47.664Z"",""locator"":{""seriesKey"":""TS_GP_BOP_BPM6SUM_M.P00330"",""observationDate"":""2024-07-31"",""row"":26,""column"":5,""columns"":{""seriesKey"":2,""date"":4,""value"":5,""unit"":6,""status"":7,""comments"":8}},""rawValue"":""185""},""equity"":{""artifactId"":""TS_GP_BOP_BPM6SUM_M.P00340:8e12453347ce424ea0f526701627683c115bd4fc39748abf9e25b278e4093c55:2849852f85a8"",""sourceKey"":""TS_GP_BOP_BPM6SUM_M.P00340"",""retrievedAt"":""2026-09-30T22:08:48.102Z"",""locator"":{""seriesKey"":""TS_GP_BOP_BPM6SUM_M.P00340"",""observationDate"":""2024-07-31"",""row"":26,""column"":5,""columns"":{""seriesKey"":2,""date"":4,""value"":5,""unit"":6,""status"":7,""comments"":8}},""rawValue"":""195""},""debt"":{""artifactId"":""TS_GP_BOP_BPM6SUM_M.P00350:482b01db836fb4eea5f4fcb4c08066f65158d0772f33d64ce1d540b2f719da8d:1a2034b43048"",""sourceKey"":""TS_GP_BOP_BPM6SUM_M.P00350"",""retrievedAt"":""2026-09-30T22:08:48.536Z"",""locator"":{""seriesKey"":""TS_GP_BOP_BPM6SUM_M.P00350"",""observationDate"":""2024-07-31"",""row"":26,""column"":5,""columns"":{""seriesKey"":2,""date"":4,""value"":5,""unit"":6,""status"":7,""comments"":8}},""rawValue"":""-10""}}","{""net_fdi"":{""observationDate"":""2024-07-31"",""status"":""not-stated"",""sourceStatus"":""Normal"",""comments"":"""",""unit"":""Million USD"",""missingReason"":null},""equity"":{""observationDate"":""2024-07-31"",""status"":""not-stated"",""sourceStatus"":""Normal"",""comments"":"""",""unit"":""Million USD"",""missingReason"":null},""debt"":{""observationDate"":""2024-07-31"",""status"":""not-stated"",""sourceStatus"":""Normal"",""comments"":"""",""unit"":""Million USD"",""missingReason"":null}}"
2024-08,264,257,7,"{""net_fdi"":{""artifactId"":""TS_GP_BOP_BPM6SUM_M.P00330:cd661cec1470a4ce0cde9aa3bdf3d3b740889c439ab991e7157827fec171a9ae:212874d0addb"",""sourceKey"":""TS_GP_BOP_BPM6SUM_M.P00330"",""retrievedAt"":""2026-09-30T22:08:47.664Z"",""locator"":{""seriesKey"":""TS_GP_BOP_BPM6SUM_M.P00330"",""observationDate"":""2024-08-31"",""row"":25,""column"":5,""columns"":{""seriesKey"":2,""date"":4,""value"":5,""unit"":6,""status"":7,""comments"":8}},""rawValue"":""264""},""equity"":{""artifactId"":""TS_GP_BOP_BPM6SUM_M.P00340:8e12453347ce424ea0f526701627683c115bd4fc39748abf9e25b278e4093c55:2849852f85a8"",""sourceKey"":""TS_GP_BOP_BPM6SUM_M.P00340"",""retrievedAt"":""2026-09-30T22:08:48.102Z"",""locator"":{""seriesKey"":""TS_GP_BOP_BPM6SUM_M.P00340"",""observationDate"":""2024-08-31"",""row"":25,""column"":5,""columns"":{""seriesKey"":2,""date"":4,""value"":5,""unit"":6,""status"":7,""comments"":8}},""rawValue"":""257""},""debt"":{""artifactId"":""TS_GP_BOP_BPM6SUM_M.P00350:482b01db836fb4eea5f4fcb4c08066f65158d0772f33d64ce1d540b2f719da8d:1a2034b43048"",""sourceKey"":""TS_GP_BOP_BPM6SUM_M.P00350"",""retrievedAt"":""2026-09-30T22:08:48.536Z"",""locator"":{""seriesKey"":""TS_GP_BOP_BPM6SUM_M.P00350"",""observationDate"":""2024-08-31"",""row"":25,""column"":5,""columns"":{""seriesKey"":2,""date"":4,""value"":5,""unit"":6,""status"":7,""comments"":8}},""rawValue"":""7""}}","{""net_fdi"":{""observationDate"":""2024-08-31"",""status"":""not-stated"",""sourceStatus"":""Normal"",""comments"":"""",""unit"":""Million USD"",""missingReason"":null},""equity"":{""observationDate"":""2024-08-31"",""status"":""not-stated"",""sourceStatus"":""Normal"",""comments"":"""",""unit"":""Million USD"",""missingReason"":null},""debt"":{""observationDate"":""2024-08-31"",""status"":""not-stated"",""sourceStatus"":""Normal"",""comments"":"""",""unit"":""Million USD"",""missingReason"":null}}"
2024-09,417,431,-14,"{""net_fdi"":{""artifactId"":""TS_GP_BOP_BPM6SUM_M.P00330:cd661cec1470a4ce0cde9aa3bdf3d3b740889c439ab991e7157827fec171a9ae:212874d0addb"",""sourceKey"":""TS_GP_BOP_BPM6SUM_M.P00330"",""retrievedAt"":""2026-09-30T22:08:47.664Z"",""locator"":{""seriesKey"":""TS_GP_BOP_BPM6SUM_M.P00330"",""observationDate"":""2024-09-30"",""row"":24,""column"":5,""columns"":{""seriesKey"":2,""date"":4,""value"":5,""unit"":6,""status"":7,""comments"":8}},""rawValue"":""417""},""equity"":{""artifactId"":""TS_GP_BOP_BPM6SUM_M.P00340:8e12453347ce424ea0f526701627683c115bd4fc39748abf9e25b278e4093c55:2849852f85a8"",""sourceKey"":""TS_GP_BOP_BPM6SUM_M.P00340"",""retrievedAt"":""2026-09-30T22:08:48.102Z"",""locator"":{""seriesKey"":""TS_GP_BOP_BPM6SUM_M.P00340"",""observationDate"":""2024-09-30"",""row"":24,""column"":5,""columns"":{""seriesKey"":2,""date"":4,""value"":5,""unit"":6,""status"":7,""comments"":8}},""rawValue"":""431""},""debt"":{""artifactId"":""TS_GP_BOP_BPM6SUM_M.P00350:482b01db836fb4eea5f4fcb4c08066f65158d0772f33d64ce1d540b2f719da8d:1a2034b43048"",""sourceKey"":""TS_GP_BOP_BPM6SUM_M.P00350"",""retrievedAt"":""2026-09-30T22:08:48.536Z"",""locator"":{""seriesKey"":""TS_GP_BOP_BPM6SUM_M.P00350"",""observationDate"":""2024-09-30"",""row"":24,""column"":5,""columns"":{""seriesKey"":2,""date"":4,""value"":5,""unit"":6,""status"":7,""comments"":8}},""rawValue"":""-14""}}","{""net_fdi"":{""observationDate"":""2024-09-30"",""status"":""not-stated"",""sourceStatus"":""Normal"",""comments"":"""",""unit"":""Million USD"",""missingReason"":null},""equity"":{""observationDate"":""2024-09-30"",""status"":""not-stated"",""sourceStatus"":""Normal"",""comments"":"""",""unit"":""Million USD"",""missingReason"":null},""debt"":{""observationDate"":""2024-09-30"",""status"":""not-stated"",""sourceStatus"":""Normal"",""comments"":"""",""unit"":""Million USD"",""missingReason"":null}}"
2024-10,146,127,19,"{""net_fdi"":{""artifactId"":""TS_GP_BOP_BPM6SUM_M.P00330:cd661cec1470a4ce0cde9aa3bdf3d3b740889c439ab991e7157827fec171a9ae:212874d0addb"",""sourceKey"":""TS_GP_BOP_BPM6SUM_M.P00330"",""retrievedAt"":""2026-09-30T22:08:47.664Z"",""locator"":{""seriesKey"":""TS_GP_BOP_BPM6SUM_M.P00330"",""observationDate"":""2024-10-31"",""row"":23,""column"":5,""columns"":{""seriesKey"":2,""date"":4,""value"":5,""unit"":6,""status"":7,""comments"":8}},""rawValue"":""146""},""equity"":{""artifactId"":""TS_GP_BOP_BPM6SUM_M.P00340:8e12453347ce424ea0f526701627683c115bd4fc39748abf9e25b278e4093c55:2849852f85a8"",""sourceKey"":""TS_GP_BOP_BPM6SUM_M.P00340"",""retrievedAt"":""2026-09-30T22:08:48.102Z"",""locator"":{""seriesKey"":""TS_GP_BOP_BPM6SUM_M.P00340"",""observationDate"":""2024-10-31"",""row"":23,""column"":5,""columns"":{""seriesKey"":2,""date"":4,""value"":5,""unit"":6,""status"":7,""comments"":8}},""rawValue"":""127""},""debt"":{""artifactId"":""TS_GP_BOP_BPM6SUM_M.P00350:482b01db836fb4eea5f4fcb4c08066f65158d0772f33d64ce1d540b2f719da8d:1a2034b43048"",""sourceKey"":""TS_GP_BOP_BPM6SUM_M.P00350"",""retrievedAt"":""2026-09-30T22:08:48.536Z"",""locator"":{""seriesKey"":""TS_GP_BOP_BPM6SUM_M.P00350"",""observationDate"":""2024-10-31"",""row"":23,""column"":5,""columns"":{""seriesKey"":2,""date"":4,""value"":5,""unit"":6,""status"":7,""comments"":8}},""rawValue"":""19""}}","{""net_fdi"":{""observationDate"":""2024-10-31"",""status"":""not-stated"",""sourceStatus"":""Normal"",""comments"":"""",""unit"":""Million USD"",""missingReason"":null},""equity"":{""observationDate"":""2024-10-31"",""status"":""not-stated"",""sourceStatus"":""Normal"",""comments"":"""",""unit"":""Million USD"",""missingReason"":null},""debt"":{""observationDate"":""2024-10-31"",""status"":""not-stated"",""sourceStatus"":""Normal"",""comments"":"""",""unit"":""Million USD"",""missingReason"":null}}"
2024-11,232,240,-8,"{""net_fdi"":{""artifactId"":""TS_GP_BOP_BPM6SUM_M.P00330:cd661cec1470a4ce0cde9aa3bdf3d3b740889c439ab991e7157827fec171a9ae:212874d0addb"",""sourceKey"":""TS_GP_BOP_BPM6SUM_M.P00330"",""retrievedAt"":""2026-09-30T22:08:47.664Z"",""locator"":{""seriesKey"":""TS_GP_BOP_BPM6SUM_M.P00330"",""observationDate"":""2024-11-30"",""row"":22,""column"":5,""columns"":{""seriesKey"":2,""date"":4,""value"":5,""unit"":6,""status"":7,""comments"":8}},""rawValue"":""232""},""equity"":{""artifactId"":""TS_GP_BOP_BPM6SUM_M.P00340:8e12453347ce424ea0f526701627683c115bd4fc39748abf9e25b278e4093c55:2849852f85a8"",""sourceKey"":""TS_GP_BOP_BPM6SUM_M.P00340"",""retrievedAt"":""2026-09-30T22:08:48.102Z"",""locator"":{""seriesKey"":""TS_GP_BOP_BPM6SUM_M.P00340"",""observationDate"":""2024-11-30"",""row"":22,""column"":5,""columns"":{""seriesKey"":2,""date"":4,""value"":5,""unit"":6,""status"":7,""comments"":8}},""rawValue"":""240""},""debt"":{""artifactId"":""TS_GP_BOP_BPM6SUM_M.P00350:482b01db836fb4eea5f4fcb4c08066f65158d0772f33d64ce1d540b2f719da8d:1a2034b43048"",""sourceKey"":""TS_GP_BOP_BPM6SUM_M.P00350"",""retrievedAt"":""2026-09-30T22:08:48.536Z"",""locator"":{""seriesKey"":""TS_GP_BOP_BPM6SUM_M.P00350"",""observationDate"":""2024-11-30"",""row"":22,""column"":5,""columns"":{""seriesKey"":2,""date"":4,""value"":5,""unit"":6,""status"":7,""comments"":8}},""rawValue"":""-8""}}","{""net_fdi"":{""observationDate"":""2024-11-30"",""status"":""not-stated"",""sourceStatus"":""Normal"",""comments"":"""",""unit"":""Million USD"",""missingReason"":null},""equity"":{""observationDate"":""2024-11-30"",""status"":""not-stated"",""sourceStatus"":""Normal"",""comments"":"""",""unit"":""Million USD"",""missingReason"":null},""debt"":{""observationDate"":""2024-11-30"",""status"":""not-stated"",""sourceStatus"":""Normal"",""comments"":"""",""unit"":""Million USD"",""missingReason"":null}}"
2024-12,182,175,7,"{""net_fdi"":{""artifactId"":""TS_GP_BOP_BPM6SUM_M.P00330:cd661cec1470a4ce0cde9aa3bdf3d3b740889c439ab991e7157827fec171a9ae:212874d0addb"",""sourceKey"":""TS_GP_BOP_BPM6SUM_M.P00330"",""retrievedAt"":""2026-09-30T22:08:47.664Z"",""locator"":{""seriesKey"":""TS_GP_BOP_BPM6SUM_M.P00330"",""observationDate"":""2024-12-31"",""row"":21,""column"":5,""columns"":{""seriesKey"":2,""date"":4,""value"":5,""unit"":6,""status"":7,""comments"":8}},""rawValue"":""182""},""equity"":{""artifactId"":""TS_GP_BOP_BPM6SUM_M.P00340:8e12453347ce424ea0f526701627683c115bd4fc39748abf9e25b278e4093c55:2849852f85a8"",""sourceKey"":""TS_GP_BOP_BPM6SUM_M.P00340"",""retrievedAt"":""2026-09-30T22:08:48.102Z"",""locator"":{""seriesKey"":""TS_GP_BOP_BPM6SUM_M.P00340"",""observationDate"":""2024-12-31"",""row"":21,""column"":5,""columns"":{""seriesKey"":2,""date"":4,""value"":5,""unit"":6,""status"":7,""comments"":8}},""rawValue"":""175""},""debt"":{""artifactId"":""TS_GP_BOP_BPM6SUM_M.P00350:482b01db836fb4eea5f4fcb4c08066f65158d0772f33d64ce1d540b2f719da8d:1a2034b43048"",""sourceKey"":""TS_GP_BOP_BPM6SUM_M.P00350"",""retrievedAt"":""2026-09-30T22:08:48.536Z"",""locator"":{""seriesKey"":""TS_GP_BOP_BPM6SUM_M.P00350"",""observationDate"":""2024-12-31"",""row"":21,""column"":5,""columns"":{""seriesKey"":2,""date"":4,""value"":5,""unit"":6,""status"":7,""comments"":8}},""rawValue"":""7""}}","{""net_fdi"":{""observationDate"":""2024-12-31"",""status"":""not-stated"",""sourceStatus"":""Normal"",""comments"":"""",""unit"":""Million USD"",""missingReason"":null},""equity"":{""observationDate"":""2024-12-31"",""status"":""not-stated"",""sourceStatus"":""Normal"",""comments"":"""",""unit"":""Million USD"",""missingReason"":null},""debt"":{""observationDate"":""2024-12-31"",""status"":""not-stated"",""sourceStatus"":""Normal"",""comments"":"""",""unit"":""Million USD"",""missingReason"":null}}"
2025-01,236,219,17,"{""net_fdi"":{""artifactId"":""TS_GP_BOP_BPM6SUM_M.P00330:cd661cec1470a4ce0cde9aa3bdf3d3b740889c439ab991e7157827fec171a9ae:212874d0addb"",""sourceKey"":""TS_GP_BOP_BPM6SUM_M.P00330"",""retrievedAt"":""2026-09-30T22:08:47.664Z"",""locator"":{""seriesKey"":""TS_GP_BOP_BPM6SUM_M.P00330"",""observationDate"":""2025-01-31"",""row"":20,""column"":5,""columns"":{""seriesKey"":2,""date"":4,""value"":5,""unit"":6,""status"":7,""comments"":8}},""rawValue"":""236""},""equity"":{""artifactId"":""TS_GP_BOP_BPM6SUM_M.P00340:8e12453347ce424ea0f526701627683c115bd4fc39748abf9e25b278e4093c55:2849852f85a8"",""sourceKey"":""TS_GP_BOP_BPM6SUM_M.P00340"",""retrievedAt"":""2026-09-30T22:08:48.102Z"",""locator"":{""seriesKey"":""TS_GP_BOP_BPM6SUM_M.P00340"",""observationDate"":""2025-01-31"",""row"":20,""column"":5,""columns"":{""seriesKey"":2,""date"":4,""value"":5,""unit"":6,""status"":7,""comments"":8}},""rawValue"":""219""},""debt"":{""artifactId"":""TS_GP_BOP_BPM6SUM_M.P00350:482b01db836fb4eea5f4fcb4c08066f65158d0772f33d64ce1d540b2f719da8d:1a2034b43048"",""sourceKey"":""TS_GP_BOP_BPM6SUM_M.P00350"",""retrievedAt"":""2026-09-30T22:08:48.536Z"",""locator"":{""seriesKey"":""TS_GP_BOP_BPM6SUM_M.P00350"",""observationDate"":""2025-01-31"",""row"":20,""column"":5,""columns"":{""seriesKey"":2,""date"":4,""value"":5,""unit"":6,""status"":7,""comments"":8}},""rawValue"":""17""}}","{""net_fdi"":{""observationDate"":""2025-01-31"",""status"":""not-stated"",""sourceStatus"":""Normal"",""comments"":"""",""unit"":""Million USD"",""missingReason"":null},""equity"":{""observationDate"":""2025-01-31"",""status"":""not-stated"",""sourceStatus"":""Normal"",""comments"":"""",""unit"":""Million USD"",""missingReason"":null},""debt"":{""observationDate"":""2025-01-31"",""status"":""not-stated"",""sourceStatus"":""Normal"",""comments"":"""",""unit"":""Million USD"",""missingReason"":null}}"
2025-02,130,173,-43,"{""net_fdi"":{""artifactId"":""TS_GP_BOP_BPM6SUM_M.P00330:cd661cec1470a4ce0cde9aa3bdf3d3b740889c439ab991e7157827fec171a9ae:212874d0addb"",""sourceKey"":""TS_GP_BOP_BPM6SUM_M.P00330"",""retrievedAt"":""2026-09-30T22:08:47.664Z"",""locator"":{""seriesKey"":""TS_GP_BOP_BPM6SUM_M.P00330"",""observationDate"":""2025-02-28"",""row"":19,""column"":5,""columns"":{""seriesKey"":2,""date"":4,""value"":5,""unit"":6,""status"":7,""comments"":8}},""rawValue"":""130""},""equity"":{""artifactId"":""TS_GP_BOP_BPM6SUM_M.P00340:8e12453347ce424ea0f526701627683c115bd4fc39748abf9e25b278e4093c55:2849852f85a8"",""sourceKey"":""TS_GP_BOP_BPM6SUM_M.P00340"",""retrievedAt"":""2026-09-30T22:08:48.102Z"",""locator"":{""seriesKey"":""TS_GP_BOP_BPM6SUM_M.P00340"",""observationDate"":""2025-02-28"",""row"":19,""column"":5,""columns"":{""seriesKey"":2,""date"":4,""value"":5,""unit"":6,""status"":7,""comments"":8}},""rawValue"":""173""},""debt"":{""artifactId"":""TS_GP_BOP_BPM6SUM_M.P00350:482b01db836fb4eea5f4fcb4c08066f65158d0772f33d64ce1d540b2f719da8d:1a2034b43048"",""sourceKey"":""TS_GP_BOP_BPM6SUM_M.P00350"",""retrievedAt"":""2026-09-30T22:08:48.536Z"",""locator"":{""seriesKey"":""TS_GP_BOP_BPM6SUM_M.P00350"",""observationDate"":""2025-02-28"",""row"":19,""column"":5,""columns"":{""seriesKey"":2,""date"":4,""value"":5,""unit"":6,""status"":7,""comments"":8}},""rawValue"":""-43""}}","{""net_fdi"":{""observationDate"":""2025-02-28"",""status"":""not-stated"",""sourceStatus"":""Normal"",""comments"":"""",""unit"":""Million USD"",""missingReason"":null},""equity"":{""observationDate"":""2025-02-28"",""status"":""not-stated"",""sourceStatus"":""Normal"",""comments"":"""",""unit"":""Million USD"",""missingReason"":null},""debt"":{""observationDate"":""2025-02-28"",""status"":""not-stated"",""sourceStatus"":""Normal"",""comments"":"""",""unit"":""Million USD"",""missingReason"":null}}"
2025-03,64,67,-3,"{""net_fdi"":{""artifactId"":""TS_GP_BOP_BPM6SUM_M.P00330:cd661cec1470a4ce0cde9aa3bdf3d3b740889c439ab991e7157827fec171a9ae:212874d0addb"",""sourceKey"":""TS_GP_BOP_BPM6SUM_M.P00330"",""retrievedAt"":""2026-09-30T22:08:47.664Z"",""locator"":{""seriesKey"":""TS_GP_BOP_BPM6SUM_M.P00330"",""observationDate"":""2025-03-31"",""row"":18,""column"":5,""columns"":{""seriesKey"":2,""date"":4,""value"":5,""unit"":6,""status"":7,""comments"":8}},""rawValue"":""64""},""equity"":{""artifactId"":""TS_GP_BOP_BPM6SUM_M.P00340:8e12453347ce424ea0f526701627683c115bd4fc39748abf9e25b278e4093c55:2849852f85a8"",""sourceKey"":""TS_GP_BOP_BPM6SUM_M.P00340"",""retrievedAt"":""2026-09-30T22:08:48.102Z"",""locator"":{""seriesKey"":""TS_GP_BOP_BPM6SUM_M.P00340"",""observationDate"":""2025-03-31"",""row"":18,""column"":5,""columns"":{""seriesKey"":2,""date"":4,""value"":5,""unit"":6,""status"":7,""comments"":8}},""rawValue"":""67""},""debt"":{""artifactId"":""TS_GP_BOP_BPM6SUM_M.P00350:482b01db836fb4eea5f4fcb4c08066f65158d0772f33d64ce1d540b2f719da8d:1a2034b43048"",""sourceKey"":""TS_GP_BOP_BPM6SUM_M.P00350"",""retrievedAt"":""2026-09-30T22:08:48.536Z"",""locator"":{""seriesKey"":""TS_GP_BOP_BPM6SUM_M.P00350"",""observationDate"":""2025-03-31"",""row"":18,""column"":5,""columns"":{""seriesKey"":2,""date"":4,""value"":5,""unit"":6,""status"":7,""comments"":8}},""rawValue"":""-3""}}","{""net_fdi"":{""observationDate"":""2025-03-31"",""status"":""not-stated"",""sourceStatus"":""Normal"",""comments"":"""",""unit"":""Million USD"",""missingReason"":null},""equity"":{""observationDate"":""2025-03-31"",""status"":""not-stated"",""sourceStatus"":""Normal"",""comments"":"""",""unit"":""Million USD"",""missingReason"":null},""debt"":{""observationDate"":""2025-03-31"",""status"":""not-stated"",""sourceStatus"":""Normal"",""comments"":"""",""unit"":""Million USD"",""missingReason"":null}}"
2025-04,179,197,-18,"{""net_fdi"":{""artifactId"":""TS_GP_BOP_BPM6SUM_M.P00330:cd661cec1470a4ce0cde9aa3bdf3d3b740889c439ab991e7157827fec171a9ae:212874d0addb"",""sourceKey"":""TS_GP_BOP_BPM6SUM_M.P00330"",""retrievedAt"":""2026-09-30T22:08:47.664Z"",""locator"":{""seriesKey"":""TS_GP_BOP_BPM6SUM_M.P00330"",""observationDate"":""2025-04-30"",""row"":17,""column"":5,""columns"":{""seriesKey"":2,""date"":4,""value"":5,""unit"":6,""status"":7,""comments"":8}},""rawValue"":""179""},""equity"":{""artifactId"":""TS_GP_BOP_BPM6SUM_M.P00340:8e12453347ce424ea0f526701627683c115bd4fc39748abf9e25b278e4093c55:2849852f85a8"",""sourceKey"":""TS_GP_BOP_BPM6SUM_M.P00340"",""retrievedAt"":""2026-09-30T22:08:48.102Z"",""locator"":{""seriesKey"":""TS_GP_BOP_BPM6SUM_M.P00340"",""observationDate"":""2025-04-30"",""row"":17,""column"":5,""columns"":{""seriesKey"":2,""date"":4,""value"":5,""unit"":6,""status"":7,""comments"":8}},""rawValue"":""197""},""debt"":{""artifactId"":""TS_GP_BOP_BPM6SUM_M.P00350:482b01db836fb4eea5f4fcb4c08066f65158d0772f33d64ce1d540b2f719da8d:1a2034b43048"",""sourceKey"":""TS_GP_BOP_BPM6SUM_M.P00350"",""retrievedAt"":""2026-09-30T22:08:48.536Z"",""locator"":{""seriesKey"":""TS_GP_BOP_BPM6SUM_M.P00350"",""observationDate"":""2025-04-30"",""row"":17,""column"":5,""columns"":{""seriesKey"":2,""date"":4,""value"":5,""unit"":6,""status"":7,""comments"":8}},""rawValue"":""-18""}}","{""net_fdi"":{""observationDate"":""2025-04-30"",""status"":""not-stated"",""sourceStatus"":""Normal"",""comments"":"""",""unit"":""Million USD"",""missingReason"":null},""equity"":{""observationDate"":""2025-04-30"",""status"":""not-stated"",""sourceStatus"":""Normal"",""comments"":"""",""unit"":""Million USD"",""missingReason"":null},""debt"":{""observationDate"":""2025-04-30"",""status"":""not-stated"",""sourceStatus"":""Normal"",""comments"":"""",""unit"":""Million USD"",""missingReason"":null}}"
2025-05,232,191,41,"{""net_fdi"":{""artifactId"":""TS_GP_BOP_BPM6SUM_M.P00330:cd661cec1470a4ce0cde9aa3bdf3d3b740889c439ab991e7157827fec171a9ae:212874d0addb"",""sourceKey"":""TS_GP_BOP_BPM6SUM_M.P00330"",""retrievedAt"":""2026-09-30T22:08:47.664Z"",""locator"":{""seriesKey"":""TS_GP_BOP_BPM6SUM_M.P00330"",""observationDate"":""2025-05-31"",""row"":16,""column"":5,""columns"":{""seriesKey"":2,""date"":4,""value"":5,""unit"":6,""status"":7,""comments"":8}},""rawValue"":""232""},""equity"":{""artifactId"":""TS_GP_BOP_BPM6SUM_M.P00340:8e12453347ce424ea0f526701627683c115bd4fc39748abf9e25b278e4093c55:2849852f85a8"",""sourceKey"":""TS_GP_BOP_BPM6SUM_M.P00340"",""retrievedAt"":""2026-09-30T22:08:48.102Z"",""locator"":{""seriesKey"":""TS_GP_BOP_BPM6SUM_M.P00340"",""observationDate"":""2025-05-31"",""row"":16,""column"":5,""columns"":{""seriesKey"":2,""date"":4,""value"":5,""unit"":6,""status"":7,""comments"":8}},""rawValue"":""191""},""debt"":{""artifactId"":""TS_GP_BOP_BPM6SUM_M.P00350:482b01db836fb4eea5f4fcb4c08066f65158d0772f33d64ce1d540b2f719da8d:1a2034b43048"",""sourceKey"":""TS_GP_BOP_BPM6SUM_M.P00350"",""retrievedAt"":""2026-09-30T22:08:48.536Z"",""locator"":{""seriesKey"":""TS_GP_BOP_BPM6SUM_M.P00350"",""observationDate"":""2025-05-31"",""row"":16,""column"":5,""columns"":{""seriesKey"":2,""date"":4,""value"":5,""unit"":6,""status"":7,""comments"":8}},""rawValue"":""41""}}","{""net_fdi"":{""observationDate"":""2025-05-31"",""status"":""not-stated"",""sourceStatus"":""Normal"",""comments"":"""",""unit"":""Million USD"",""missingReason"":null},""equity"":{""observationDate"":""2025-05-31"",""status"":""not-stated"",""sourceStatus"":""Normal"",""comments"":"""",""unit"":""Million USD"",""missingReason"":null},""debt"":{""observationDate"":""2025-05-31"",""status"":""not-stated"",""sourceStatus"":""Normal"",""comments"":"""",""unit"":""Million USD"",""missingReason"":null}}"
2025-06,210,225,-15,"{""net_fdi"":{""artifactId"":""TS_GP_BOP_BPM6SUM_M.P00330:cd661cec1470a4ce0cde9aa3bdf3d3b740889c439ab991e7157827fec171a9ae:212874d0addb"",""sourceKey"":""TS_GP_BOP_BPM6SUM_M.P00330"",""retrievedAt"":""2026-09-30T22:08:47.664Z"",""locator"":{""seriesKey"":""TS_GP_BOP_BPM6SUM_M.P00330"",""observationDate"":""2025-06-30"",""row"":15,""column"":5,""columns"":{""seriesKey"":2,""date"":4,""value"":5,""unit"":6,""status"":7,""comments"":8}},""rawValue"":""210""},""equity"":{""artifactId"":""TS_GP_BOP_BPM6SUM_M.P00340:8e12453347ce424ea0f526701627683c115bd4fc39748abf9e25b278e4093c55:2849852f85a8"",""sourceKey"":""TS_GP_BOP_BPM6SUM_M.P00340"",""retrievedAt"":""2026-09-30T22:08:48.102Z"",""locator"":{""seriesKey"":""TS_GP_BOP_BPM6SUM_M.P00340"",""observationDate"":""2025-06-30"",""row"":15,""column"":5,""columns"":{""seriesKey"":2,""date"":4,""value"":5,""unit"":6,""status"":7,""comments"":8}},""rawValue"":""225""},""debt"":{""artifactId"":""TS_GP_BOP_BPM6SUM_M.P00350:482b01db836fb4eea5f4fcb4c08066f65158d0772f33d64ce1d540b2f719da8d:1a2034b43048"",""sourceKey"":""TS_GP_BOP_BPM6SUM_M.P00350"",""retrievedAt"":""2026-09-30T22:08:48.536Z"",""locator"":{""seriesKey"":""TS_GP_BOP_BPM6SUM_M.P00350"",""observationDate"":""2025-06-30"",""row"":15,""column"":5,""columns"":{""seriesKey"":2,""date"":4,""value"":5,""unit"":6,""status"":7,""comments"":8}},""rawValue"":""-15""}}","{""net_fdi"":{""observationDate"":""2025-06-30"",""status"":""not-stated"",""sourceStatus"":""Normal"",""comments"":"""",""unit"":""Million USD"",""missingReason"":null},""equity"":{""observationDate"":""2025-06-30"",""status"":""not-stated"",""sourceStatus"":""Normal"",""comments"":"""",""unit"":""Million USD"",""missingReason"":null},""debt"":{""observationDate"":""2025-06-30"",""status"":""not-stated"",""sourceStatus"":""Normal"",""comments"":"""",""unit"":""Million USD"",""missingReason"":null}}"
2025-07,224,252,-28,"{""net_fdi"":{""artifactId"":""TS_GP_BOP_BPM6SUM_M.P00330:cd661cec1470a4ce0cde9aa3bdf3d3b740889c439ab991e7157827fec171a9ae:212874d0addb"",""sourceKey"":""TS_GP_BOP_BPM6SUM_M.P00330"",""retrievedAt"":""2026-09-30T22:08:47.664Z"",""locator"":{""seriesKey"":""TS_GP_BOP_BPM6SUM_M.P00330"",""observationDate"":""2025-07-31"",""row"":14,""column"":5,""columns"":{""seriesKey"":2,""date"":4,""value"":5,""unit"":6,""status"":7,""comments"":8}},""rawValue"":""224""},""equity"":{""artifactId"":""TS_GP_BOP_BPM6SUM_M.P00340:8e12453347ce424ea0f526701627683c115bd4fc39748abf9e25b278e4093c55:2849852f85a8"",""sourceKey"":""TS_GP_BOP_BPM6SUM_M.P00340"",""retrievedAt"":""2026-09-30T22:08:48.102Z"",""locator"":{""seriesKey"":""TS_GP_BOP_BPM6SUM_M.P00340"",""observationDate"":""2025-07-31"",""row"":14,""column"":5,""columns"":{""seriesKey"":2,""date"":4,""value"":5,""unit"":6,""status"":7,""comments"":8}},""rawValue"":""252""},""debt"":{""artifactId"":""TS_GP_BOP_BPM6SUM_M.P00350:482b01db836fb4eea5f4fcb4c08066f65158d0772f33d64ce1d540b2f719da8d:1a2034b43048"",""sourceKey"":""TS_GP_BOP_BPM6SUM_M.P00350"",""retrievedAt"":""2026-09-30T22:08:48.536Z"",""locator"":{""seriesKey"":""TS_GP_BOP_BPM6SUM_M.P00350"",""observationDate"":""2025-07-31"",""row"":14,""column"":5,""columns"":{""seriesKey"":2,""date"":4,""value"":5,""unit"":6,""status"":7,""comments"":8}},""rawValue"":""-28""}}","{""net_fdi"":{""observationDate"":""2025-07-31"",""status"":""not-stated"",""sourceStatus"":""Normal"",""comments"":"""",""unit"":""Million USD"",""missingReason"":null},""equity"":{""observationDate"":""2025-07-31"",""status"":""not-stated"",""sourceStatus"":""Normal"",""comments"":"""",""unit"":""Million USD"",""missingReason"":null},""debt"":{""observationDate"":""2025-07-31"",""status"":""not-stated"",""sourceStatus"":""Normal"",""comments"":"""",""unit"":""Million USD"",""missingReason"":null}}"
2025-08,175,175,0,"{""net_fdi"":{""artifactId"":""TS_GP_BOP_BPM6SUM_M.P00330:cd661cec1470a4ce0cde9aa3bdf3d3b740889c439ab991e7157827fec171a9ae:212874d0addb"",""sourceKey"":""TS_GP_BOP_BPM6SUM_M.P00330"",""retrievedAt"":""2026-09-30T22:08:47.664Z"",""locator"":{""seriesKey"":""TS_GP_BOP_BPM6SUM_M.P00330"",""observationDate"":""2025-08-31"",""row"":13,""column"":5,""columns"":{""seriesKey"":2,""date"":4,""value"":5,""unit"":6,""status"":7,""comments"":8}},""rawValue"":""175""},""equity"":{""artifactId"":""TS_GP_BOP_BPM6SUM_M.P00340:8e12453347ce424ea0f526701627683c115bd4fc39748abf9e25b278e4093c55:2849852f85a8"",""sourceKey"":""TS_GP_BOP_BPM6SUM_M.P00340"",""retrievedAt"":""2026-09-30T22:08:48.102Z"",""locator"":{""seriesKey"":""TS_GP_BOP_BPM6SUM_M.P00340"",""observationDate"":""2025-08-31"",""row"":13,""column"":5,""columns"":{""seriesKey"":2,""date"":4,""value"":5,""unit"":6,""status"":7,""comments"":8}},""rawValue"":""175""},""debt"":{""artifactId"":""TS_GP_BOP_BPM6SUM_M.P00350:482b01db836fb4eea5f4fcb4c08066f65158d0772f33d64ce1d540b2f719da8d:1a2034b43048"",""sourceKey"":""TS_GP_BOP_BPM6SUM_M.P00350"",""retrievedAt"":""2026-09-30T22:08:48.536Z"",""locator"":{""seriesKey"":""TS_GP_BOP_BPM6SUM_M.P00350"",""observationDate"":""2025-08-31"",""row"":13,""column"":5,""columns"":{""seriesKey"":2,""date"":4,""value"":5,""unit"":6,""status"":7,""comments"":8}},""rawValue"":""0""}}","{""net_fdi"":{""observationDate"":""2025-08-31"",""status"":""not-stated"",""sourceStatus"":""Normal"",""comments"":"""",""unit"":""Million USD"",""missingReason"":null},""equity"":{""observationDate"":""2025-08-31"",""status"":""not-stated"",""sourceStatus"":""Normal"",""comments"":"""",""unit"":""Million USD"",""missingReason"":null},""debt"":{""observationDate"":""2025-08-31"",""status"":""not-stated"",""sourceStatus"":""Normal"",""comments"":"""",""unit"":""Million USD"",""missingReason"":null}}"
2025-09,186,215,-29,"{""net_fdi"":{""artifactId"":""TS_GP_BOP_BPM6SUM_M.P00330:cd661cec1470a4ce0cde9aa3bdf3d3b740889c439ab991e7157827fec171a9ae:212874d0addb"",""sourceKey"":""TS_GP_BOP_BPM6SUM_M.P00330"",""retrievedAt"":""2026-09-30T22:08:47.664Z"",""locator"":{""seriesKey"":""TS_GP_BOP_BPM6SUM_M.P00330"",""observationDate"":""2025-09-30"",""row"":12,""column"":5,""columns"":{""seriesKey"":2,""date"":4,""value"":5,""unit"":6,""status"":7,""comments"":8}},""rawValue"":""186""},""equity"":{""artifactId"":""TS_GP_BOP_BPM6SUM_M.P00340:8e12453347ce424ea0f526701627683c115bd4fc39748abf9e25b278e4093c55:2849852f85a8"",""sourceKey"":""TS_GP_BOP_BPM6SUM_M.P00340"",""retrievedAt"":""2026-09-30T22:08:48.102Z"",""locator"":{""seriesKey"":""TS_GP_BOP_BPM6SUM_M.P00340"",""observationDate"":""2025-09-30"",""row"":12,""column"":5,""columns"":{""seriesKey"":2,""date"":4,""value"":5,""unit"":6,""status"":7,""comments"":8}},""rawValue"":""215""},""debt"":{""artifactId"":""TS_GP_BOP_BPM6SUM_M.P00350:482b01db836fb4eea5f4fcb4c08066f65158d0772f33d64ce1d540b2f719da8d:1a2034b43048"",""sourceKey"":""TS_GP_BOP_BPM6SUM_M.P00350"",""retrievedAt"":""2026-09-30T22:08:48.536Z"",""locator"":{""seriesKey"":""TS_GP_BOP_BPM6SUM_M.P00350"",""observationDate"":""2025-09-30"",""row"":12,""column"":5,""columns"":{""seriesKey"":2,""date"":4,""value"":5,""unit"":6,""status"":7,""comments"":8}},""rawValue"":""-29""}}","{""net_fdi"":{""observationDate"":""2025-09-30"",""status"":""not-stated"",""sourceStatus"":""Normal"",""comments"":"""",""unit"":""Million USD"",""missingReason"":null},""equity"":{""observationDate"":""2025-09-30"",""status"":""not-stated"",""sourceStatus"":""Normal"",""comments"":"""",""unit"":""Million USD"",""missingReason"":null},""debt"":{""observationDate"":""2025-09-30"",""status"":""not-stated"",""sourceStatus"":""Normal"",""comments"":"""",""unit"":""Million USD"",""missingReason"":null}}"
2025-10,171,177,-6,"{""net_fdi"":{""artifactId"":""TS_GP_BOP_BPM6SUM_M.P00330:cd661cec1470a4ce0cde9aa3bdf3d3b740889c439ab991e7157827fec171a9ae:212874d0addb"",""sourceKey"":""TS_GP_BOP_BPM6SUM_M.P00330"",""retrievedAt"":""2026-09-30T22:08:47.664Z"",""locator"":{""seriesKey"":""TS_GP_BOP_BPM6SUM_M.P00330"",""observationDate"":""2025-10-31"",""row"":11,""column"":5,""columns"":{""seriesKey"":2,""date"":4,""value"":5,""unit"":6,""status"":7,""comments"":8}},""rawValue"":""171""},""equity"":{""artifactId"":""TS_GP_BOP_BPM6SUM_M.P00340:8e12453347ce424ea0f526701627683c115bd4fc39748abf9e25b278e4093c55:2849852f85a8"",""sourceKey"":""TS_GP_BOP_BPM6SUM_M.P00340"",""retrievedAt"":""2026-09-30T22:08:48.102Z"",""locator"":{""seriesKey"":""TS_GP_BOP_BPM6SUM_M.P00340"",""observationDate"":""2025-10-31"",""row"":11,""column"":5,""columns"":{""seriesKey"":2,""date"":4,""value"":5,""unit"":6,""status"":7,""comments"":8}},""rawValue"":""177""},""debt"":{""artifactId"":""TS_GP_BOP_BPM6SUM_M.P00350:482b01db836fb4eea5f4fcb4c08066f65158d0772f33d64ce1d540b2f719da8d:1a2034b43048"",""sourceKey"":""TS_GP_BOP_BPM6SUM_M.P00350"",""retrievedAt"":""2026-09-30T22:08:48.536Z"",""locator"":{""seriesKey"":""TS_GP_BOP_BPM6SUM_M.P00350"",""observationDate"":""2025-10-31"",""row"":11,""column"":5,""columns"":{""seriesKey"":2,""date"":4,""value"":5,""unit"":6,""status"":7,""comments"":8}},""rawValue"":""-6""}}","{""net_fdi"":{""observationDate"":""2025-10-31"",""status"":""not-stated"",""sourceStatus"":""Normal"",""comments"":"""",""unit"":""Million USD"",""missingReason"":null},""equity"":{""observationDate"":""2025-10-31"",""status"":""not-stated"",""sourceStatus"":""Normal"",""comments"":"""",""unit"":""Million USD"",""missingReason"":null},""debt"":{""observationDate"":""2025-10-31"",""status"":""not-stated"",""sourceStatus"":""Normal"",""comments"":"""",""unit"":""Million USD"",""missingReason"":null}}"
2025-11,180,168,12,"{""net_fdi"":{""artifactId"":""TS_GP_BOP_BPM6SUM_M.P00330:cd661cec1470a4ce0cde9aa3bdf3d3b740889c439ab991e7157827fec171a9ae:212874d0addb"",""sourceKey"":""TS_GP_BOP_BPM6SUM_M.P00330"",""retrievedAt"":""2026-09-30T22:08:47.664Z"",""locator"":{""seriesKey"":""TS_GP_BOP_BPM6SUM_M.P00330"",""observationDate"":""2025-11-30"",""row"":10,""column"":5,""columns"":{""seriesKey"":2,""date"":4,""value"":5,""unit"":6,""status"":7,""comments"":8}},""rawValue"":""180""},""equity"":{""artifactId"":""TS_GP_BOP_BPM6SUM_M.P00340:8e12453347ce424ea0f526701627683c115bd4fc39748abf9e25b278e4093c55:2849852f85a8"",""sourceKey"":""TS_GP_BOP_BPM6SUM_M.P00340"",""retrievedAt"":""2026-09-30T22:08:48.102Z"",""locator"":{""seriesKey"":""TS_GP_BOP_BPM6SUM_M.P00340"",""observationDate"":""2025-11-30"",""row"":10,""column"":5,""columns"":{""seriesKey"":2,""date"":4,""value"":5,""unit"":6,""status"":7,""comments"":8}},""rawValue"":""168""},""debt"":{""artifactId"":""TS_GP_BOP_BPM6SUM_M.P00350:482b01db836fb4eea5f4fcb4c08066f65158d0772f33d64ce1d540b2f719da8d:1a2034b43048"",""sourceKey"":""TS_GP_BOP_BPM6SUM_M.P00350"",""retrievedAt"":""2026-09-30T22:08:48.536Z"",""locator"":{""seriesKey"":""TS_GP_BOP_BPM6SUM_M.P00350"",""observationDate"":""2025-11-30"",""row"":10,""column"":5,""columns"":{""seriesKey"":2,""date"":4,""value"":5,""unit"":6,""status"":7,""comments"":8}},""rawValue"":""12""}}","{""net_fdi"":{""observationDate"":""2025-11-30"",""status"":""not-stated"",""sourceStatus"":""Normal"",""comments"":"""",""unit"":""Million USD"",""missingReason"":null},""equity"":{""observationDate"":""2025-11-30"",""status"":""not-stated"",""sourceStatus"":""Normal"",""comments"":"""",""unit"":""Million USD"",""missingReason"":null},""debt"":{""observationDate"":""2025-11-30"",""status"":""not-stated"",""sourceStatus"":""Normal"",""comments"":"""",""unit"":""Million USD"",""missingReason"":null}}"
2025-12,-135,34,-169,"{""net_fdi"":{""artifactId"":""TS_GP_BOP_BPM6SUM_M.P00330:cd661cec1470a4ce0cde9aa3bdf3d3b740889c439ab991e7157827fec171a9ae:212874d0addb"",""sourceKey"":""TS_GP_BOP_BPM6SUM_M.P00330"",""retrievedAt"":""2026-09-30T22:08:47.664Z"",""locator"":{""seriesKey"":""TS_GP_BOP_BPM6SUM_M.P00330"",""observationDate"":""2025-12-31"",""row"":9,""column"":5,""columns"":{""seriesKey"":2,""date"":4,""value"":5,""unit"":6,""status"":7,""comments"":8}},""rawValue"":""-135""},""equity"":{""artifactId"":""TS_GP_BOP_BPM6SUM_M.P00340:8e12453347ce424ea0f526701627683c115bd4fc39748abf9e25b278e4093c55:2849852f85a8"",""sourceKey"":""TS_GP_BOP_BPM6SUM_M.P00340"",""retrievedAt"":""2026-09-30T22:08:48.102Z"",""locator"":{""seriesKey"":""TS_GP_BOP_BPM6SUM_M.P00340"",""observationDate"":""2025-12-31"",""row"":9,""column"":5,""columns"":{""seriesKey"":2,""date"":4,""value"":5,""unit"":6,""status"":7,""comments"":8}},""rawValue"":""34""},""debt"":{""artifactId"":""TS_GP_BOP_BPM6SUM_M.P00350:482b01db836fb4eea5f4fcb4c08066f65158d0772f33d64ce1d540b2f719da8d:1a2034b43048"",""sourceKey"":""TS_GP_BOP_BPM6SUM_M.P00350"",""retrievedAt"":""2026-09-30T22:08:48.536Z"",""locator"":{""seriesKey"":""TS_GP_BOP_BPM6SUM_M.P00350"",""observationDate"":""2025-12-31"",""row"":9,""column"":5,""columns"":{""seriesKey"":2,""date"":4,""value"":5,""unit"":6,""status"":7,""comments"":8}},""rawValue"":""-169""}}","{""net_fdi"":{""observationDate"":""2025-12-31"",""status"":""not-stated"",""sourceStatus"":""Normal"",""comments"":"""",""unit"":""Million USD"",""missingReason"":null},""equity"":{""observationDate"":""2025-12-31"",""status"":""not-stated"",""sourceStatus"":""Normal"",""comments"":"""",""unit"":""Million USD"",""missingReason"":null},""debt"":{""observationDate"":""2025-12-31"",""status"":""not-stated"",""sourceStatus"":""Normal"",""comments"":"""",""unit"":""Million USD"",""missingReason"":null}}"
2026-01,173,177,-4,"{""net_fdi"":{""artifactId"":""TS_GP_BOP_BPM6SUM_M.P00330:cd661cec1470a4ce0cde9aa3bdf3d3b740889c439ab991e7157827fec171a9ae:212874d0addb"",""sourceKey"":""TS_GP_BOP_BPM6SUM_M.P00330"",""retrievedAt"":""2026-09-30T22:08:47.664Z"",""locator"":{""seriesKey"":""TS_GP_BOP_BPM6SUM_M.P00330"",""observationDate"":""2026-01-31"",""row"":8,""column"":5,""columns"":{""seriesKey"":2,""date"":4,""value"":5,""unit"":6,""status"":7,""comments"":8}},""rawValue"":""173""},""equity"":{""artifactId"":""TS_GP_BOP_BPM6SUM_M.P00340:8e12453347ce424ea0f526701627683c115bd4fc39748abf9e25b278e4093c55:2849852f85a8"",""sourceKey"":""TS_GP_BOP_BPM6SUM_M.P00340"",""retrievedAt"":""2026-09-30T22:08:48.102Z"",""locator"":{""seriesKey"":""TS_GP_BOP_BPM6SUM_M.P00340"",""observationDate"":""2026-01-31"",""row"":8,""column"":5,""columns"":{""seriesKey"":2,""date"":4,""value"":5,""unit"":6,""status"":7,""comments"":8}},""rawValue"":""177""},""debt"":{""artifactId"":""TS_GP_BOP_BPM6SUM_M.P00350:482b01db836fb4eea5f4fcb4c08066f65158d0772f33d64ce1d540b2f719da8d:1a2034b43048"",""sourceKey"":""TS_GP_BOP_BPM6SUM_M.P00350"",""retrievedAt"":""2026-09-30T22:08:48.536Z"",""locator"":{""seriesKey"":""TS_GP_BOP_BPM6SUM_M.P00350"",""observationDate"":""2026-01-31"",""row"":8,""column"":5,""columns"":{""seriesKey"":2,""date"":4,""value"":5,""unit"":6,""status"":7,""comments"":8}},""rawValue"":""-4""}}","{""net_fdi"":{""observationDate"":""2026-01-31"",""status"":""not-stated"",""sourceStatus"":""Normal"",""comments"":"""",""unit"":""Million USD"",""missingReason"":null},""equity"":{""observationDate"":""2026-01-31"",""status"":""not-stated"",""sourceStatus"":""Normal"",""comments"":"""",""unit"":""Million USD"",""missingReason"":null},""debt"":{""observationDate"":""2026-01-31"",""status"":""not-stated"",""sourceStatus"":""Normal"",""comments"":"""",""unit"":""Million USD"",""missingReason"":null}}"
2026-02,214,175,39,"{""net_fdi"":{""artifactId"":""TS_GP_BOP_BPM6SUM_M.P00330:cd661cec1470a4ce0cde9aa3bdf3d3b740889c439ab991e7157827fec171a9ae:212874d0addb"",""sourceKey"":""TS_GP_BOP_BPM6SUM_M.P00330"",""retrievedAt"":""2026-09-30T22:08:47.664Z"",""locator"":{""seriesKey"":""TS_GP_BOP_BPM6SUM_M.P00330"",""observationDate"":""2026-02-28"",""row"":7,""column"":5,""columns"":{""seriesKey"":2,""date"":4,""value"":5,""unit"":6,""status"":7,""comments"":8}},""rawValue"":""214""},""equity"":{""artifactId"":""TS_GP_BOP_BPM6SUM_M.P00340:8e12453347ce424ea0f526701627683c115bd4fc39748abf9e25b278e4093c55:2849852f85a8"",""sourceKey"":""TS_GP_BOP_BPM6SUM_M.P00340"",""retrievedAt"":""2026-09-30T22:08:48.102Z"",""locator"":{""seriesKey"":""TS_GP_BOP_BPM6SUM_M.P00340"",""observationDate"":""2026-02-28"",""row"":7,""column"":5,""columns"":{""seriesKey"":2,""date"":4,""value"":5,""unit"":6,""status"":7,""comments"":8}},""rawValue"":""175""},""debt"":{""artifactId"":""TS_GP_BOP_BPM6SUM_M.P00350:482b01db836fb4eea5f4fcb4c08066f65158d0772f33d64ce1d540b2f719da8d:1a2034b43048"",""sourceKey"":""TS_GP_BOP_BPM6SUM_M.P00350"",""retrievedAt"":""2026-09-30T22:08:48.536Z"",""locator"":{""seriesKey"":""TS_GP_BOP_BPM6SUM_M.P00350"",""observationDate"":""2026-02-28"",""row"":7,""column"":5,""columns"":{""seriesKey"":2,""date"":4,""value"":5,""unit"":6,""status"":7,""comments"":8}},""rawValue"":""39""}}","{""net_fdi"":{""observationDate"":""2026-02-28"",""status"":""not-stated"",""sourceStatus"":""Normal"",""comments"":"""",""unit"":""Million USD"",""missingReason"":null},""equity"":{""observationDate"":""2026-02-28"",""status"":""not-stated"",""sourceStatus"":""Normal"",""comments"":"""",""unit"":""Million USD"",""missingReason"":null},""debt"":{""observationDate"":""2026-02-28"",""status"":""not-stated"",""sourceStatus"":""Normal"",""comments"":"""",""unit"":""Million USD"",""missingReason"":null}}"
2026-03,168,212,-44,"{""net_fdi"":{""artifactId"":""TS_GP_BOP_BPM6SUM_M.P00330:cd661cec1470a4ce0cde9aa3bdf3d3b740889c439ab991e7157827fec171a9ae:212874d0addb"",""sourceKey"":""TS_GP_BOP_BPM6SUM_M.P00330"",""retrievedAt"":""2026-09-30T22:08:47.664Z"",""locator"":{""seriesKey"":""TS_GP_BOP_BPM6SUM_M.P00330"",""observationDate"":""2026-03-31"",""row"":6,""column"":5,""columns"":{""seriesKey"":2,""date"":4,""value"":5,""unit"":6,""status"":7,""comments"":8}},""rawValue"":""168""},""equity"":{""artifactId"":""TS_GP_BOP_BPM6SUM_M.P00340:8e12453347ce424ea0f526701627683c115bd4fc39748abf9e25b278e4093c55:2849852f85a8"",""sourceKey"":""TS_GP_BOP_BPM6SUM_M.P00340"",""retrievedAt"":""2026-09-30T22:08:48.102Z"",""locator"":{""seriesKey"":""TS_GP_BOP_BPM6SUM_M.P00340"",""observationDate"":""2026-03-31"",""row"":6,""column"":5,""columns"":{""seriesKey"":2,""date"":4,""value"":5,""unit"":6,""status"":7,""comments"":8}},""rawValue"":""212""},""debt"":{""artifactId"":""TS_GP_BOP_BPM6SUM_M.P00350:482b01db836fb4eea5f4fcb4c08066f65158d0772f33d64ce1d540b2f719da8d:1a2034b43048"",""sourceKey"":""TS_GP_BOP_BPM6SUM_M.P00350"",""retrievedAt"":""2026-09-30T22:08:48.536Z"",""locator"":{""seriesKey"":""TS_GP_BOP_BPM6SUM_M.P00350"",""observationDate"":""2026-03-31"",""row"":6,""column"":5,""columns"":{""seriesKey"":2,""date"":4,""value"":5,""unit"":6,""status"":7,""comments"":8}},""rawValue"":""-44""}}","{""net_fdi"":{""observationDate"":""2026-03-31"",""status"":""not-stated"",""sourceStatus"":""Normal"",""comments"":"""",""unit"":""Million USD"",""missingReason"":null},""equity"":{""observationDate"":""2026-03-31"",""status"":""not-stated"",""sourceStatus"":""Normal"",""comments"":"""",""unit"":""Million USD"",""missingReason"":null},""debt"":{""observationDate"":""2026-03-31"",""status"":""not-stated"",""sourceStatus"":""Normal"",""comments"":"""",""unit"":""Million USD"",""missingReason"":null}}"
2026-04,54,86,-32,"{""net_fdi"":{""artifactId"":""TS_GP_BOP_BPM6SUM_M.P00330:cd661cec1470a4ce0cde9aa3bdf3d3b740889c439ab991e7157827fec171a9ae:212874d0addb"",""sourceKey"":""TS_GP_BOP_BPM6SUM_M.P00330"",""retrievedAt"":""2026-09-30T22:08:47.664Z"",""locator"":{""seriesKey"":""TS_GP_BOP_BPM6SUM_M.P00330"",""observationDate"":""2026-04-30"",""row"":5,""column"":5,""columns"":{""seriesKey"":2,""date"":4,""value"":5,""unit"":6,""status"":7,""comments"":8}},""rawValue"":""54""},""equity"":{""artifactId"":""TS_GP_BOP_BPM6SUM_M.P00340:8e12453347ce424ea0f526701627683c115bd4fc39748abf9e25b278e4093c55:2849852f85a8"",""sourceKey"":""TS_GP_BOP_BPM6SUM_M.P00340"",""retrievedAt"":""2026-09-30T22:08:48.102Z"",""locator"":{""seriesKey"":""TS_GP_BOP_BPM6SUM_M.P00340"",""observationDate"":""2026-04-30"",""row"":5,""column"":5,""columns"":{""seriesKey"":2,""date"":4,""value"":5,""unit"":6,""status"":7,""comments"":8}},""rawValue"":""86""},""debt"":{""artifactId"":""TS_GP_BOP_BPM6SUM_M.P00350:482b01db836fb4eea5f4fcb4c08066f65158d0772f33d64ce1d540b2f719da8d:1a2034b43048"",""sourceKey"":""TS_GP_BOP_BPM6SUM_M.P00350"",""retrievedAt"":""2026-09-30T22:08:48.536Z"",""locator"":{""seriesKey"":""TS_GP_BOP_BPM6SUM_M.P00350"",""observationDate"":""2026-04-30"",""row"":5,""column"":5,""columns"":{""seriesKey"":2,""date"":4,""value"":5,""unit"":6,""status"":7,""comments"":8}},""rawValue"":""-32""}}","{""net_fdi"":{""observationDate"":""2026-04-30"",""status"":""not-stated"",""sourceStatus"":""Normal"",""comments"":"""",""unit"":""Million USD"",""missingReason"":null},""equity"":{""observationDate"":""2026-04-30"",""status"":""not-stated"",""sourceStatus"":""Normal"",""comments"":"""",""unit"":""Million USD"",""missingReason"":null},""debt"":{""observationDate"":""2026-04-30"",""status"":""not-stated"",""sourceStatus"":""Normal"",""comments"":"""",""unit"":""Million USD"",""missingReason"":null}}"
2026-05,214,206,8,"{""net_fdi"":{""artifactId"":""TS_GP_BOP_BPM6SUM_M.P00330:cd661cec1470a4ce0cde9aa3bdf3d3b740889c439ab991e7157827fec171a9ae:212874d0addb"",""sourceKey"":""TS_GP_BOP_BPM6SUM_M.P00330"",""retrievedAt"":""2026-09-30T22:08:47.664Z"",""locator"":{""seriesKey"":""TS_GP_BOP_BPM6SUM_M.P00330"",""observationDate"":""2026-05-31"",""row"":4,""column"":5,""columns"":{""seriesKey"":2,""date"":4,""value"":5,""unit"":6,""status"":7,""comments"":8}},""rawValue"":""214""},""equity"":{""artifactId"":""TS_GP_BOP_BPM6SUM_M.P00340:8e12453347ce424ea0f526701627683c115bd4fc39748abf9e25b278e4093c55:2849852f85a8"",""sourceKey"":""TS_GP_BOP_BPM6SUM_M.P00340"",""retrievedAt"":""2026-09-30T22:08:48.102Z"",""locator"":{""seriesKey"":""TS_GP_BOP_BPM6SUM_M.P00340"",""observationDate"":""2026-05-31"",""row"":4,""column"":5,""columns"":{""seriesKey"":2,""date"":4,""value"":5,""unit"":6,""status"":7,""comments"":8}},""rawValue"":""206""},""debt"":{""artifactId"":""TS_GP_BOP_BPM6SUM_M.P00350:482b01db836fb4eea5f4fcb4c08066f65158d0772f33d64ce1d540b2f719da8d:1a2034b43048"",""sourceKey"":""TS_GP_BOP_BPM6SUM_M.P00350"",""retrievedAt"":""2026-09-30T22:08:48.536Z"",""locator"":{""seriesKey"":""TS_GP_BOP_BPM6SUM_M.P00350"",""observationDate"":""2026-05-31"",""row"":4,""column"":5,""columns"":{""seriesKey"":2,""date"":4,""value"":5,""unit"":6,""status"":7,""comments"":8}},""rawValue"":""8""}}","{""net_fdi"":{""observationDate"":""2026-05-31"",""status"":""not-stated"",""sourceStatus"":""Normal"",""comments"":"""",""unit"":""Million USD"",""missingReason"":null},""equity"":{""observationDate"":""2026-05-31"",""status"":""not-stated"",""sourceStatus"":""Normal"",""comments"":"""",""unit"":""Million USD"",""missingReason"":null},""debt"":{""observationDate"":""2026-05-31"",""status"":""not-stated"",""sourceStatus"":""Normal"",""comments"":"""",""unit"":""Million USD"",""missingReason"":null}}"
2026-06,49,64,-15,"{""net_fdi"":{""artifactId"":""TS_GP_BOP_BPM6SUM_M.P00330:cd661cec1470a4ce0cde9aa3bdf3d3b740889c439ab991e7157827fec171a9ae:212874d0addb"",""sourceKey"":""TS_GP_BOP_BPM6SUM_M.P00330"",""retrievedAt"":""2026-09-30T22:08:47.664Z"",""locator"":{""seriesKey"":""TS_GP_BOP_BPM6SUM_M.P00330"",""observationDate"":""2026-06-30"",""row"":3,""column"":5,""columns"":{""seriesKey"":2,""date"":4,""value"":5,""unit"":6,""status"":7,""comments"":8}},""rawValue"":""49""},""equity"":{""artifactId"":""TS_GP_BOP_BPM6SUM_M.P00340:8e12453347ce424ea0f526701627683c115bd4fc39748abf9e25b278e4093c55:2849852f85a8"",""sourceKey"":""TS_GP_BOP_BPM6SUM_M.P00340"",""retrievedAt"":""2026-09-30T22:08:48.102Z"",""locator"":{""seriesKey"":""TS_GP_BOP_BPM6SUM_M.P00340"",""observationDate"":""2026-06-30"",""row"":3,""column"":5,""columns"":{""seriesKey"":2,""date"":4,""value"":5,""unit"":6,""status"":7,""comments"":8}},""rawValue"":""64""},""debt"":{""artifactId"":""TS_GP_BOP_BPM6SUM_M.P00350:482b01db836fb4eea5f4fcb4c08066f65158d0772f33d64ce1d540b2f719da8d:1a2034b43048"",""sourceKey"":""TS_GP_BOP_BPM6SUM_M.P00350"",""retrievedAt"":""2026-09-30T22:08:48.536Z"",""locator"":{""seriesKey"":""TS_GP_BOP_BPM6SUM_M.P00350"",""observationDate"":""2026-06-30"",""row"":3,""column"":5,""columns"":{""seriesKey"":2,""date"":4,""value"":5,""unit"":6,""status"":7,""comments"":8}},""rawValue"":""-15""}}","{""net_fdi"":{""observationDate"":""2026-06-30"",""status"":""not-stated"",""sourceStatus"":""Normal"",""comments"":"""",""unit"":""Million USD"",""missingReason"":null},""equity"":{""observationDate"":""2026-06-30"",""status"":""not-stated"",""sourceStatus"":""Normal"",""comments"":"""",""unit"":""Million USD"",""missingReason"":null},""debt"":{""observationDate"":""2026-06-30"",""status"":""not-stated"",""sourceStatus"":""Normal"",""comments"":"""",""unit"":""Million USD"",""missingReason"":null}}"
2026-07,179,168,11,"{""net_fdi"":{""artifactId"":""TS_GP_BOP_BPM6SUM_M.P00330:cd661cec1470a4ce0cde9aa3bdf3d3b740889c439ab991e7157827fec171a9ae:212874d0addb"",""sourceKey"":""TS_GP_BOP_BPM6SUM_M.P00330"",""retrievedAt"":""2026-09-30T22:08:47.664Z"",""locator"":{""seriesKey"":""TS_GP_BOP_BPM6SUM_M.P00330"",""observationDate"":""2026-07-31"",""row"":2,""column"":5,""columns"":{""seriesKey"":2,""date"":4,""value"":5,""unit"":6,""status"":7,""comments"":8}},""rawValue"":""179""},""equity"":{""artifactId"":""TS_GP_BOP_BPM6SUM_M.P00340:8e12453347ce424ea0f526701627683c115bd4fc39748abf9e25b278e4093c55:2849852f85a8"",""sourceKey"":""TS_GP_BOP_BPM6SUM_M.P00340"",""retrievedAt"":""2026-09-30T22:08:48.102Z"",""locator"":{""seriesKey"":""TS_GP_BOP_BPM6SUM_M.P00340"",""observationDate"":""2026-07-31"",""row"":2,""column"":5,""columns"":{""seriesKey"":2,""date"":4,""value"":5,""unit"":6,""status"":7,""comments"":8}},""rawValue"":""168""},""debt"":{""artifactId"":""TS_GP_BOP_BPM6SUM_M.P00350:482b01db836fb4eea5f4fcb4c08066f65158d0772f33d64ce1d540b2f719da8d:1a2034b43048"",""sourceKey"":""TS_GP_BOP_BPM6SUM_M.P00350"",""retrievedAt"":""2026-09-30T22:08:48.536Z"",""locator"":{""seriesKey"":""TS_GP_BOP_BPM6SUM_M.P00350"",""observationDate"":""2026-07-31"",""row"":2,""column"":5,""columns"":{""seriesKey"":2,""date"":4,""value"":5,""unit"":6,""status"":7,""comments"":8}},""rawValue"":""11""}}","{""net_fdi"":{""observationDate"":""2026-07-31"",""status"":""not-stated"",""sourceStatus"":""Normal"",""comments"":"""",""unit"":""Million USD"",""missingReason"":null},""equity"":{""observationDate"":""2026-07-31"",""status"":""not-stated"",""sourceStatus"":""Normal"",""comments"":"""",""unit"":""Million USD"",""missingReason"":null},""debt"":{""observationDate"":""2026-07-31"",""status"":""not-stated"",""sourceStatus"":""Normal"",""comments"":"""",""unit"":""Million USD"",""missingReason"":null}}"
2026-08,316,250,66,"{""net_fdi"":{""artifactId"":""TS_GP_BOP_BPM6SUM_M.P00330:cd661cec1470a4ce0cde9aa3bdf3d3b740889c439ab991e7157827fec171a9ae:212874d0addb"",""sourceKey"":""TS_GP_BOP_BPM6SUM_M.P00330"",""retrievedAt"":""2026-09-30T22:08:47.664Z"",""locator"":{""seriesKey"":""TS_GP_BOP_BPM6SUM_M.P00330"",""observationDate"":""2026-08-31"",""row"":1,""column"":5,""columns"":{""seriesKey"":2,""date"":4,""value"":5,""unit"":6,""status"":7,""comments"":8}},""rawValue"":""316""},""equity"":{""artifactId"":""TS_GP_BOP_BPM6SUM_M.P00340:8e12453347ce424ea0f526701627683c115bd4fc39748abf9e25b278e4093c55:2849852f85a8"",""sourceKey"":""TS_GP_BOP_BPM6SUM_M.P00340"",""retrievedAt"":""2026-09-30T22:08:48.102Z"",""locator"":{""seriesKey"":""TS_GP_BOP_BPM6SUM_M.P00340"",""observationDate"":""2026-08-31"",""row"":1,""column"":5,""columns"":{""seriesKey"":2,""date"":4,""value"":5,""unit"":6,""status"":7,""comments"":8}},""rawValue"":""250""},""debt"":{""artifactId"":""TS_GP_BOP_BPM6SUM_M.P00350:482b01db836fb4eea5f4fcb4c08066f65158d0772f33d64ce1d540b2f719da8d:1a2034b43048"",""sourceKey"":""TS_GP_BOP_BPM6SUM_M.P00350"",""retrievedAt"":""2026-09-30T22:08:48.536Z"",""locator"":{""seriesKey"":""TS_GP_BOP_BPM6SUM_M.P00350"",""observationDate"":""2026-08-31"",""row"":1,""column"":5,""columns"":{""seriesKey"":2,""date"":4,""value"":5,""unit"":6,""status"":7,""comments"":8}},""rawValue"":""66""}}","{""net_fdi"":{""observationDate"":""2026-08-31"",""status"":""not-stated"",""sourceStatus"":""Normal"",""comments"":"""",""unit"":""Million USD"",""missingReason"":null},""equity"":{""observationDate"":""2026-08-31"",""status"":""not-stated"",""sourceStatus"":""Normal"",""comments"":"""",""unit"":""Million USD"",""missingReason"":null},""debt"":{""observationDate"":""2026-08-31"",""status"":""not-stated"",""sourceStatus"":""Normal"",""comments"":"""",""unit"":""Million USD"",""missingReason"":null}}"
