series,date,observationDate,value,unit,status,sourceStatus,comments,missingReason,evidence
national_cpi,2021-09,2021-09-30,8.979178716,Percent,not-stated,Normal,,,"{""artifactId"":""TS_GP_PT_CPI_M.P00011516:992ea9d6835afb2264ee8f8289a0a8ca857050e6ceb60fcf75307ace6671092a:0d69e7d9200f"",""sourceKey"":""TS_GP_PT_CPI_M.P00011516"",""retrievedAt"":""2026-09-30T22:08:39.268Z"",""locator"":{""seriesKey"":""TS_GP_PT_CPI_M.P00011516"",""observationDate"":""2021-09-30"",""row"":60,""column"":5,""columns"":{""seriesKey"":2,""date"":4,""value"":5,""unit"":6,""status"":7,""comments"":8}},""rawValue"":""8.979178716""}"
national_cpi,2021-10,2021-10-31,9.2,Percent,not-stated,Normal,,,"{""artifactId"":""TS_GP_PT_CPI_M.P00011516:992ea9d6835afb2264ee8f8289a0a8ca857050e6ceb60fcf75307ace6671092a:0d69e7d9200f"",""sourceKey"":""TS_GP_PT_CPI_M.P00011516"",""retrievedAt"":""2026-09-30T22:08:39.268Z"",""locator"":{""seriesKey"":""TS_GP_PT_CPI_M.P00011516"",""observationDate"":""2021-10-31"",""row"":59,""column"":5,""columns"":{""seriesKey"":2,""date"":4,""value"":5,""unit"":6,""status"":7,""comments"":8}},""rawValue"":""9.2""}"
national_cpi,2021-11,2021-11-30,11.5,Percent,not-stated,Normal,,,"{""artifactId"":""TS_GP_PT_CPI_M.P00011516:992ea9d6835afb2264ee8f8289a0a8ca857050e6ceb60fcf75307ace6671092a:0d69e7d9200f"",""sourceKey"":""TS_GP_PT_CPI_M.P00011516"",""retrievedAt"":""2026-09-30T22:08:39.268Z"",""locator"":{""seriesKey"":""TS_GP_PT_CPI_M.P00011516"",""observationDate"":""2021-11-30"",""row"":58,""column"":5,""columns"":{""seriesKey"":2,""date"":4,""value"":5,""unit"":6,""status"":7,""comments"":8}},""rawValue"":""11.5""}"
national_cpi,2021-12,2021-12-31,12.28169814,Percent,not-stated,Normal,,,"{""artifactId"":""TS_GP_PT_CPI_M.P00011516:992ea9d6835afb2264ee8f8289a0a8ca857050e6ceb60fcf75307ace6671092a:0d69e7d9200f"",""sourceKey"":""TS_GP_PT_CPI_M.P00011516"",""retrievedAt"":""2026-09-30T22:08:39.268Z"",""locator"":{""seriesKey"":""TS_GP_PT_CPI_M.P00011516"",""observationDate"":""2021-12-31"",""row"":57,""column"":5,""columns"":{""seriesKey"":2,""date"":4,""value"":5,""unit"":6,""status"":7,""comments"":8}},""rawValue"":""12.28169814""}"
national_cpi,2022-01,2022-01-31,12.96243597,Percent,not-stated,Normal,,,"{""artifactId"":""TS_GP_PT_CPI_M.P00011516:992ea9d6835afb2264ee8f8289a0a8ca857050e6ceb60fcf75307ace6671092a:0d69e7d9200f"",""sourceKey"":""TS_GP_PT_CPI_M.P00011516"",""retrievedAt"":""2026-09-30T22:08:39.268Z"",""locator"":{""seriesKey"":""TS_GP_PT_CPI_M.P00011516"",""observationDate"":""2022-01-31"",""row"":56,""column"":5,""columns"":{""seriesKey"":2,""date"":4,""value"":5,""unit"":6,""status"":7,""comments"":8}},""rawValue"":""12.96243597""}"
national_cpi,2022-02,2022-02-28,12.24404221,Percent,not-stated,Normal,,,"{""artifactId"":""TS_GP_PT_CPI_M.P00011516:992ea9d6835afb2264ee8f8289a0a8ca857050e6ceb60fcf75307ace6671092a:0d69e7d9200f"",""sourceKey"":""TS_GP_PT_CPI_M.P00011516"",""retrievedAt"":""2026-09-30T22:08:39.268Z"",""locator"":{""seriesKey"":""TS_GP_PT_CPI_M.P00011516"",""observationDate"":""2022-02-28"",""row"":55,""column"":5,""columns"":{""seriesKey"":2,""date"":4,""value"":5,""unit"":6,""status"":7,""comments"":8}},""rawValue"":""12.24404221""}"
national_cpi,2022-03,2022-03-31,12.7,Percent,not-stated,Normal,,,"{""artifactId"":""TS_GP_PT_CPI_M.P00011516:992ea9d6835afb2264ee8f8289a0a8ca857050e6ceb60fcf75307ace6671092a:0d69e7d9200f"",""sourceKey"":""TS_GP_PT_CPI_M.P00011516"",""retrievedAt"":""2026-09-30T22:08:39.268Z"",""locator"":{""seriesKey"":""TS_GP_PT_CPI_M.P00011516"",""observationDate"":""2022-03-31"",""row"":54,""column"":5,""columns"":{""seriesKey"":2,""date"":4,""value"":5,""unit"":6,""status"":7,""comments"":8}},""rawValue"":""12.7""}"
national_cpi,2022-04,2022-04-30,13.37790337,Percent,not-stated,Normal,,,"{""artifactId"":""TS_GP_PT_CPI_M.P00011516:992ea9d6835afb2264ee8f8289a0a8ca857050e6ceb60fcf75307ace6671092a:0d69e7d9200f"",""sourceKey"":""TS_GP_PT_CPI_M.P00011516"",""retrievedAt"":""2026-09-30T22:08:39.268Z"",""locator"":{""seriesKey"":""TS_GP_PT_CPI_M.P00011516"",""observationDate"":""2022-04-30"",""row"":53,""column"":5,""columns"":{""seriesKey"":2,""date"":4,""value"":5,""unit"":6,""status"":7,""comments"":8}},""rawValue"":""13.37790337""}"
national_cpi,2022-05,2022-05-31,13.8,Percent,not-stated,Normal,,,"{""artifactId"":""TS_GP_PT_CPI_M.P00011516:992ea9d6835afb2264ee8f8289a0a8ca857050e6ceb60fcf75307ace6671092a:0d69e7d9200f"",""sourceKey"":""TS_GP_PT_CPI_M.P00011516"",""retrievedAt"":""2026-09-30T22:08:39.268Z"",""locator"":{""seriesKey"":""TS_GP_PT_CPI_M.P00011516"",""observationDate"":""2022-05-31"",""row"":52,""column"":5,""columns"":{""seriesKey"":2,""date"":4,""value"":5,""unit"":6,""status"":7,""comments"":8}},""rawValue"":""13.8""}"
national_cpi,2022-06,2022-06-30,21.3,Percent,not-stated,Normal,,,"{""artifactId"":""TS_GP_PT_CPI_M.P00011516:992ea9d6835afb2264ee8f8289a0a8ca857050e6ceb60fcf75307ace6671092a:0d69e7d9200f"",""sourceKey"":""TS_GP_PT_CPI_M.P00011516"",""retrievedAt"":""2026-09-30T22:08:39.268Z"",""locator"":{""seriesKey"":""TS_GP_PT_CPI_M.P00011516"",""observationDate"":""2022-06-30"",""row"":51,""column"":5,""columns"":{""seriesKey"":2,""date"":4,""value"":5,""unit"":6,""status"":7,""comments"":8}},""rawValue"":""21.3""}"
national_cpi,2022-07,2022-07-31,24.9,Percent,not-stated,Normal,,,"{""artifactId"":""TS_GP_PT_CPI_M.P00011516:992ea9d6835afb2264ee8f8289a0a8ca857050e6ceb60fcf75307ace6671092a:0d69e7d9200f"",""sourceKey"":""TS_GP_PT_CPI_M.P00011516"",""retrievedAt"":""2026-09-30T22:08:39.268Z"",""locator"":{""seriesKey"":""TS_GP_PT_CPI_M.P00011516"",""observationDate"":""2022-07-31"",""row"":50,""column"":5,""columns"":{""seriesKey"":2,""date"":4,""value"":5,""unit"":6,""status"":7,""comments"":8}},""rawValue"":""24.9""}"
national_cpi,2022-08,2022-08-31,27.3,Percent,not-stated,Normal,,,"{""artifactId"":""TS_GP_PT_CPI_M.P00011516:992ea9d6835afb2264ee8f8289a0a8ca857050e6ceb60fcf75307ace6671092a:0d69e7d9200f"",""sourceKey"":""TS_GP_PT_CPI_M.P00011516"",""retrievedAt"":""2026-09-30T22:08:39.268Z"",""locator"":{""seriesKey"":""TS_GP_PT_CPI_M.P00011516"",""observationDate"":""2022-08-31"",""row"":49,""column"":5,""columns"":{""seriesKey"":2,""date"":4,""value"":5,""unit"":6,""status"":7,""comments"":8}},""rawValue"":""27.3""}"
national_cpi,2022-09,2022-09-30,23.2,Percent,not-stated,Normal,,,"{""artifactId"":""TS_GP_PT_CPI_M.P00011516:992ea9d6835afb2264ee8f8289a0a8ca857050e6ceb60fcf75307ace6671092a:0d69e7d9200f"",""sourceKey"":""TS_GP_PT_CPI_M.P00011516"",""retrievedAt"":""2026-09-30T22:08:39.268Z"",""locator"":{""seriesKey"":""TS_GP_PT_CPI_M.P00011516"",""observationDate"":""2022-09-30"",""row"":48,""column"":5,""columns"":{""seriesKey"":2,""date"":4,""value"":5,""unit"":6,""status"":7,""comments"":8}},""rawValue"":""23.2""}"
national_cpi,2022-10,2022-10-31,26.6,Percent,not-stated,Normal,,,"{""artifactId"":""TS_GP_PT_CPI_M.P00011516:992ea9d6835afb2264ee8f8289a0a8ca857050e6ceb60fcf75307ace6671092a:0d69e7d9200f"",""sourceKey"":""TS_GP_PT_CPI_M.P00011516"",""retrievedAt"":""2026-09-30T22:08:39.268Z"",""locator"":{""seriesKey"":""TS_GP_PT_CPI_M.P00011516"",""observationDate"":""2022-10-31"",""row"":47,""column"":5,""columns"":{""seriesKey"":2,""date"":4,""value"":5,""unit"":6,""status"":7,""comments"":8}},""rawValue"":""26.6""}"
national_cpi,2022-11,2022-11-30,23.8,Percent,not-stated,Normal,,,"{""artifactId"":""TS_GP_PT_CPI_M.P00011516:992ea9d6835afb2264ee8f8289a0a8ca857050e6ceb60fcf75307ace6671092a:0d69e7d9200f"",""sourceKey"":""TS_GP_PT_CPI_M.P00011516"",""retrievedAt"":""2026-09-30T22:08:39.268Z"",""locator"":{""seriesKey"":""TS_GP_PT_CPI_M.P00011516"",""observationDate"":""2022-11-30"",""row"":46,""column"":5,""columns"":{""seriesKey"":2,""date"":4,""value"":5,""unit"":6,""status"":7,""comments"":8}},""rawValue"":""23.8""}"
national_cpi,2022-12,2022-12-31,24.5,Percent,not-stated,Normal,,,"{""artifactId"":""TS_GP_PT_CPI_M.P00011516:992ea9d6835afb2264ee8f8289a0a8ca857050e6ceb60fcf75307ace6671092a:0d69e7d9200f"",""sourceKey"":""TS_GP_PT_CPI_M.P00011516"",""retrievedAt"":""2026-09-30T22:08:39.268Z"",""locator"":{""seriesKey"":""TS_GP_PT_CPI_M.P00011516"",""observationDate"":""2022-12-31"",""row"":45,""column"":5,""columns"":{""seriesKey"":2,""date"":4,""value"":5,""unit"":6,""status"":7,""comments"":8}},""rawValue"":""24.5""}"
national_cpi,2023-01,2023-01-31,27.6,Percent,not-stated,Normal,,,"{""artifactId"":""TS_GP_PT_CPI_M.P00011516:992ea9d6835afb2264ee8f8289a0a8ca857050e6ceb60fcf75307ace6671092a:0d69e7d9200f"",""sourceKey"":""TS_GP_PT_CPI_M.P00011516"",""retrievedAt"":""2026-09-30T22:08:39.268Z"",""locator"":{""seriesKey"":""TS_GP_PT_CPI_M.P00011516"",""observationDate"":""2023-01-31"",""row"":44,""column"":5,""columns"":{""seriesKey"":2,""date"":4,""value"":5,""unit"":6,""status"":7,""comments"":8}},""rawValue"":""27.6""}"
national_cpi,2023-02,2023-02-28,31.5,Percent,not-stated,Normal,,,"{""artifactId"":""TS_GP_PT_CPI_M.P00011516:992ea9d6835afb2264ee8f8289a0a8ca857050e6ceb60fcf75307ace6671092a:0d69e7d9200f"",""sourceKey"":""TS_GP_PT_CPI_M.P00011516"",""retrievedAt"":""2026-09-30T22:08:39.268Z"",""locator"":{""seriesKey"":""TS_GP_PT_CPI_M.P00011516"",""observationDate"":""2023-02-28"",""row"":43,""column"":5,""columns"":{""seriesKey"":2,""date"":4,""value"":5,""unit"":6,""status"":7,""comments"":8}},""rawValue"":""31.5""}"
national_cpi,2023-03,2023-03-31,35.4,Percent,not-stated,Normal,,,"{""artifactId"":""TS_GP_PT_CPI_M.P00011516:992ea9d6835afb2264ee8f8289a0a8ca857050e6ceb60fcf75307ace6671092a:0d69e7d9200f"",""sourceKey"":""TS_GP_PT_CPI_M.P00011516"",""retrievedAt"":""2026-09-30T22:08:39.268Z"",""locator"":{""seriesKey"":""TS_GP_PT_CPI_M.P00011516"",""observationDate"":""2023-03-31"",""row"":42,""column"":5,""columns"":{""seriesKey"":2,""date"":4,""value"":5,""unit"":6,""status"":7,""comments"":8}},""rawValue"":""35.4""}"
national_cpi,2023-04,2023-04-30,36.4,Percent,not-stated,Normal,,,"{""artifactId"":""TS_GP_PT_CPI_M.P00011516:992ea9d6835afb2264ee8f8289a0a8ca857050e6ceb60fcf75307ace6671092a:0d69e7d9200f"",""sourceKey"":""TS_GP_PT_CPI_M.P00011516"",""retrievedAt"":""2026-09-30T22:08:39.268Z"",""locator"":{""seriesKey"":""TS_GP_PT_CPI_M.P00011516"",""observationDate"":""2023-04-30"",""row"":41,""column"":5,""columns"":{""seriesKey"":2,""date"":4,""value"":5,""unit"":6,""status"":7,""comments"":8}},""rawValue"":""36.4""}"
national_cpi,2023-05,2023-05-31,38,Percent,not-stated,Normal,,,"{""artifactId"":""TS_GP_PT_CPI_M.P00011516:992ea9d6835afb2264ee8f8289a0a8ca857050e6ceb60fcf75307ace6671092a:0d69e7d9200f"",""sourceKey"":""TS_GP_PT_CPI_M.P00011516"",""retrievedAt"":""2026-09-30T22:08:39.268Z"",""locator"":{""seriesKey"":""TS_GP_PT_CPI_M.P00011516"",""observationDate"":""2023-05-31"",""row"":40,""column"":5,""columns"":{""seriesKey"":2,""date"":4,""value"":5,""unit"":6,""status"":7,""comments"":8}},""rawValue"":""38""}"
national_cpi,2023-06,2023-06-30,29.4,Percent,not-stated,Normal,,,"{""artifactId"":""TS_GP_PT_CPI_M.P00011516:992ea9d6835afb2264ee8f8289a0a8ca857050e6ceb60fcf75307ace6671092a:0d69e7d9200f"",""sourceKey"":""TS_GP_PT_CPI_M.P00011516"",""retrievedAt"":""2026-09-30T22:08:39.268Z"",""locator"":{""seriesKey"":""TS_GP_PT_CPI_M.P00011516"",""observationDate"":""2023-06-30"",""row"":39,""column"":5,""columns"":{""seriesKey"":2,""date"":4,""value"":5,""unit"":6,""status"":7,""comments"":8}},""rawValue"":""29.4""}"
national_cpi,2023-07,2023-07-31,28.3,Percent,not-stated,Normal,,,"{""artifactId"":""TS_GP_PT_CPI_M.P00011516:992ea9d6835afb2264ee8f8289a0a8ca857050e6ceb60fcf75307ace6671092a:0d69e7d9200f"",""sourceKey"":""TS_GP_PT_CPI_M.P00011516"",""retrievedAt"":""2026-09-30T22:08:39.268Z"",""locator"":{""seriesKey"":""TS_GP_PT_CPI_M.P00011516"",""observationDate"":""2023-07-31"",""row"":38,""column"":5,""columns"":{""seriesKey"":2,""date"":4,""value"":5,""unit"":6,""status"":7,""comments"":8}},""rawValue"":""28.3""}"
national_cpi,2023-08,2023-08-31,27.4,Percent,not-stated,Normal,,,"{""artifactId"":""TS_GP_PT_CPI_M.P00011516:992ea9d6835afb2264ee8f8289a0a8ca857050e6ceb60fcf75307ace6671092a:0d69e7d9200f"",""sourceKey"":""TS_GP_PT_CPI_M.P00011516"",""retrievedAt"":""2026-09-30T22:08:39.268Z"",""locator"":{""seriesKey"":""TS_GP_PT_CPI_M.P00011516"",""observationDate"":""2023-08-31"",""row"":37,""column"":5,""columns"":{""seriesKey"":2,""date"":4,""value"":5,""unit"":6,""status"":7,""comments"":8}},""rawValue"":""27.4""}"
national_cpi,2023-09,2023-09-30,31.4,Percent,not-stated,Normal,,,"{""artifactId"":""TS_GP_PT_CPI_M.P00011516:992ea9d6835afb2264ee8f8289a0a8ca857050e6ceb60fcf75307ace6671092a:0d69e7d9200f"",""sourceKey"":""TS_GP_PT_CPI_M.P00011516"",""retrievedAt"":""2026-09-30T22:08:39.268Z"",""locator"":{""seriesKey"":""TS_GP_PT_CPI_M.P00011516"",""observationDate"":""2023-09-30"",""row"":36,""column"":5,""columns"":{""seriesKey"":2,""date"":4,""value"":5,""unit"":6,""status"":7,""comments"":8}},""rawValue"":""31.4""}"
national_cpi,2023-10,2023-10-31,26.8,Percent,not-stated,Normal,,,"{""artifactId"":""TS_GP_PT_CPI_M.P00011516:992ea9d6835afb2264ee8f8289a0a8ca857050e6ceb60fcf75307ace6671092a:0d69e7d9200f"",""sourceKey"":""TS_GP_PT_CPI_M.P00011516"",""retrievedAt"":""2026-09-30T22:08:39.268Z"",""locator"":{""seriesKey"":""TS_GP_PT_CPI_M.P00011516"",""observationDate"":""2023-10-31"",""row"":35,""column"":5,""columns"":{""seriesKey"":2,""date"":4,""value"":5,""unit"":6,""status"":7,""comments"":8}},""rawValue"":""26.8""}"
national_cpi,2023-11,2023-11-30,29.2,Percent,not-stated,Normal,,,"{""artifactId"":""TS_GP_PT_CPI_M.P00011516:992ea9d6835afb2264ee8f8289a0a8ca857050e6ceb60fcf75307ace6671092a:0d69e7d9200f"",""sourceKey"":""TS_GP_PT_CPI_M.P00011516"",""retrievedAt"":""2026-09-30T22:08:39.268Z"",""locator"":{""seriesKey"":""TS_GP_PT_CPI_M.P00011516"",""observationDate"":""2023-11-30"",""row"":34,""column"":5,""columns"":{""seriesKey"":2,""date"":4,""value"":5,""unit"":6,""status"":7,""comments"":8}},""rawValue"":""29.2""}"
national_cpi,2023-12,2023-12-31,29.7,Percent,not-stated,Normal,,,"{""artifactId"":""TS_GP_PT_CPI_M.P00011516:992ea9d6835afb2264ee8f8289a0a8ca857050e6ceb60fcf75307ace6671092a:0d69e7d9200f"",""sourceKey"":""TS_GP_PT_CPI_M.P00011516"",""retrievedAt"":""2026-09-30T22:08:39.268Z"",""locator"":{""seriesKey"":""TS_GP_PT_CPI_M.P00011516"",""observationDate"":""2023-12-31"",""row"":33,""column"":5,""columns"":{""seriesKey"":2,""date"":4,""value"":5,""unit"":6,""status"":7,""comments"":8}},""rawValue"":""29.7""}"
national_cpi,2024-01,2024-01-31,28.3,Percent,not-stated,Normal,,,"{""artifactId"":""TS_GP_PT_CPI_M.P00011516:992ea9d6835afb2264ee8f8289a0a8ca857050e6ceb60fcf75307ace6671092a:0d69e7d9200f"",""sourceKey"":""TS_GP_PT_CPI_M.P00011516"",""retrievedAt"":""2026-09-30T22:08:39.268Z"",""locator"":{""seriesKey"":""TS_GP_PT_CPI_M.P00011516"",""observationDate"":""2024-01-31"",""row"":32,""column"":5,""columns"":{""seriesKey"":2,""date"":4,""value"":5,""unit"":6,""status"":7,""comments"":8}},""rawValue"":""28.3""}"
national_cpi,2024-02,2024-02-29,23.1,Percent,not-stated,Normal,,,"{""artifactId"":""TS_GP_PT_CPI_M.P00011516:992ea9d6835afb2264ee8f8289a0a8ca857050e6ceb60fcf75307ace6671092a:0d69e7d9200f"",""sourceKey"":""TS_GP_PT_CPI_M.P00011516"",""retrievedAt"":""2026-09-30T22:08:39.268Z"",""locator"":{""seriesKey"":""TS_GP_PT_CPI_M.P00011516"",""observationDate"":""2024-02-29"",""row"":31,""column"":5,""columns"":{""seriesKey"":2,""date"":4,""value"":5,""unit"":6,""status"":7,""comments"":8}},""rawValue"":""23.1""}"
national_cpi,2024-03,2024-03-31,20.7,Percent,not-stated,Normal,,,"{""artifactId"":""TS_GP_PT_CPI_M.P00011516:992ea9d6835afb2264ee8f8289a0a8ca857050e6ceb60fcf75307ace6671092a:0d69e7d9200f"",""sourceKey"":""TS_GP_PT_CPI_M.P00011516"",""retrievedAt"":""2026-09-30T22:08:39.268Z"",""locator"":{""seriesKey"":""TS_GP_PT_CPI_M.P00011516"",""observationDate"":""2024-03-31"",""row"":30,""column"":5,""columns"":{""seriesKey"":2,""date"":4,""value"":5,""unit"":6,""status"":7,""comments"":8}},""rawValue"":""20.7""}"
national_cpi,2024-04,2024-04-30,17.3,Percent,not-stated,Normal,,,"{""artifactId"":""TS_GP_PT_CPI_M.P00011516:992ea9d6835afb2264ee8f8289a0a8ca857050e6ceb60fcf75307ace6671092a:0d69e7d9200f"",""sourceKey"":""TS_GP_PT_CPI_M.P00011516"",""retrievedAt"":""2026-09-30T22:08:39.268Z"",""locator"":{""seriesKey"":""TS_GP_PT_CPI_M.P00011516"",""observationDate"":""2024-04-30"",""row"":29,""column"":5,""columns"":{""seriesKey"":2,""date"":4,""value"":5,""unit"":6,""status"":7,""comments"":8}},""rawValue"":""17.3""}"
national_cpi,2024-05,2024-05-31,11.8,Percent,not-stated,Normal,,,"{""artifactId"":""TS_GP_PT_CPI_M.P00011516:992ea9d6835afb2264ee8f8289a0a8ca857050e6ceb60fcf75307ace6671092a:0d69e7d9200f"",""sourceKey"":""TS_GP_PT_CPI_M.P00011516"",""retrievedAt"":""2026-09-30T22:08:39.268Z"",""locator"":{""seriesKey"":""TS_GP_PT_CPI_M.P00011516"",""observationDate"":""2024-05-31"",""row"":28,""column"":5,""columns"":{""seriesKey"":2,""date"":4,""value"":5,""unit"":6,""status"":7,""comments"":8}},""rawValue"":""11.8""}"
national_cpi,2024-06,2024-06-30,12.6,Percent,not-stated,Normal,,,"{""artifactId"":""TS_GP_PT_CPI_M.P00011516:992ea9d6835afb2264ee8f8289a0a8ca857050e6ceb60fcf75307ace6671092a:0d69e7d9200f"",""sourceKey"":""TS_GP_PT_CPI_M.P00011516"",""retrievedAt"":""2026-09-30T22:08:39.268Z"",""locator"":{""seriesKey"":""TS_GP_PT_CPI_M.P00011516"",""observationDate"":""2024-06-30"",""row"":27,""column"":5,""columns"":{""seriesKey"":2,""date"":4,""value"":5,""unit"":6,""status"":7,""comments"":8}},""rawValue"":""12.6""}"
national_cpi,2024-07,2024-07-31,11.1,Percent,not-stated,Normal,,,"{""artifactId"":""TS_GP_PT_CPI_M.P00011516:992ea9d6835afb2264ee8f8289a0a8ca857050e6ceb60fcf75307ace6671092a:0d69e7d9200f"",""sourceKey"":""TS_GP_PT_CPI_M.P00011516"",""retrievedAt"":""2026-09-30T22:08:39.268Z"",""locator"":{""seriesKey"":""TS_GP_PT_CPI_M.P00011516"",""observationDate"":""2024-07-31"",""row"":26,""column"":5,""columns"":{""seriesKey"":2,""date"":4,""value"":5,""unit"":6,""status"":7,""comments"":8}},""rawValue"":""11.1""}"
national_cpi,2024-08,2024-08-31,9.6,Percent,not-stated,Normal,,,"{""artifactId"":""TS_GP_PT_CPI_M.P00011516:992ea9d6835afb2264ee8f8289a0a8ca857050e6ceb60fcf75307ace6671092a:0d69e7d9200f"",""sourceKey"":""TS_GP_PT_CPI_M.P00011516"",""retrievedAt"":""2026-09-30T22:08:39.268Z"",""locator"":{""seriesKey"":""TS_GP_PT_CPI_M.P00011516"",""observationDate"":""2024-08-31"",""row"":25,""column"":5,""columns"":{""seriesKey"":2,""date"":4,""value"":5,""unit"":6,""status"":7,""comments"":8}},""rawValue"":""9.6""}"
national_cpi,2024-09,2024-09-30,6.9,Percent,not-stated,Normal,,,"{""artifactId"":""TS_GP_PT_CPI_M.P00011516:992ea9d6835afb2264ee8f8289a0a8ca857050e6ceb60fcf75307ace6671092a:0d69e7d9200f"",""sourceKey"":""TS_GP_PT_CPI_M.P00011516"",""retrievedAt"":""2026-09-30T22:08:39.268Z"",""locator"":{""seriesKey"":""TS_GP_PT_CPI_M.P00011516"",""observationDate"":""2024-09-30"",""row"":24,""column"":5,""columns"":{""seriesKey"":2,""date"":4,""value"":5,""unit"":6,""status"":7,""comments"":8}},""rawValue"":""6.9""}"
national_cpi,2024-10,2024-10-31,7.2,Percent,not-stated,Normal,,,"{""artifactId"":""TS_GP_PT_CPI_M.P00011516:992ea9d6835afb2264ee8f8289a0a8ca857050e6ceb60fcf75307ace6671092a:0d69e7d9200f"",""sourceKey"":""TS_GP_PT_CPI_M.P00011516"",""retrievedAt"":""2026-09-30T22:08:39.268Z"",""locator"":{""seriesKey"":""TS_GP_PT_CPI_M.P00011516"",""observationDate"":""2024-10-31"",""row"":23,""column"":5,""columns"":{""seriesKey"":2,""date"":4,""value"":5,""unit"":6,""status"":7,""comments"":8}},""rawValue"":""7.2""}"
national_cpi,2024-11,2024-11-30,4.9,Percent,not-stated,Normal,,,"{""artifactId"":""TS_GP_PT_CPI_M.P00011516:992ea9d6835afb2264ee8f8289a0a8ca857050e6ceb60fcf75307ace6671092a:0d69e7d9200f"",""sourceKey"":""TS_GP_PT_CPI_M.P00011516"",""retrievedAt"":""2026-09-30T22:08:39.268Z"",""locator"":{""seriesKey"":""TS_GP_PT_CPI_M.P00011516"",""observationDate"":""2024-11-30"",""row"":22,""column"":5,""columns"":{""seriesKey"":2,""date"":4,""value"":5,""unit"":6,""status"":7,""comments"":8}},""rawValue"":""4.9""}"
national_cpi,2024-12,2024-12-31,4.1,Percent,not-stated,Normal,,,"{""artifactId"":""TS_GP_PT_CPI_M.P00011516:992ea9d6835afb2264ee8f8289a0a8ca857050e6ceb60fcf75307ace6671092a:0d69e7d9200f"",""sourceKey"":""TS_GP_PT_CPI_M.P00011516"",""retrievedAt"":""2026-09-30T22:08:39.268Z"",""locator"":{""seriesKey"":""TS_GP_PT_CPI_M.P00011516"",""observationDate"":""2024-12-31"",""row"":21,""column"":5,""columns"":{""seriesKey"":2,""date"":4,""value"":5,""unit"":6,""status"":7,""comments"":8}},""rawValue"":""4.1""}"
national_cpi,2025-01,2025-01-31,2.4,Percent,not-stated,Normal,,,"{""artifactId"":""TS_GP_PT_CPI_M.P00011516:992ea9d6835afb2264ee8f8289a0a8ca857050e6ceb60fcf75307ace6671092a:0d69e7d9200f"",""sourceKey"":""TS_GP_PT_CPI_M.P00011516"",""retrievedAt"":""2026-09-30T22:08:39.268Z"",""locator"":{""seriesKey"":""TS_GP_PT_CPI_M.P00011516"",""observationDate"":""2025-01-31"",""row"":20,""column"":5,""columns"":{""seriesKey"":2,""date"":4,""value"":5,""unit"":6,""status"":7,""comments"":8}},""rawValue"":""2.4""}"
national_cpi,2025-02,2025-02-28,1.5,Percent,not-stated,Normal,,,"{""artifactId"":""TS_GP_PT_CPI_M.P00011516:992ea9d6835afb2264ee8f8289a0a8ca857050e6ceb60fcf75307ace6671092a:0d69e7d9200f"",""sourceKey"":""TS_GP_PT_CPI_M.P00011516"",""retrievedAt"":""2026-09-30T22:08:39.268Z"",""locator"":{""seriesKey"":""TS_GP_PT_CPI_M.P00011516"",""observationDate"":""2025-02-28"",""row"":19,""column"":5,""columns"":{""seriesKey"":2,""date"":4,""value"":5,""unit"":6,""status"":7,""comments"":8}},""rawValue"":""1.5""}"
national_cpi,2025-03,2025-03-31,0.7,Percent,not-stated,Normal,,,"{""artifactId"":""TS_GP_PT_CPI_M.P00011516:992ea9d6835afb2264ee8f8289a0a8ca857050e6ceb60fcf75307ace6671092a:0d69e7d9200f"",""sourceKey"":""TS_GP_PT_CPI_M.P00011516"",""retrievedAt"":""2026-09-30T22:08:39.268Z"",""locator"":{""seriesKey"":""TS_GP_PT_CPI_M.P00011516"",""observationDate"":""2025-03-31"",""row"":18,""column"":5,""columns"":{""seriesKey"":2,""date"":4,""value"":5,""unit"":6,""status"":7,""comments"":8}},""rawValue"":"".7""}"
national_cpi,2025-04,2025-04-30,0.3,Percent,not-stated,Normal,,,"{""artifactId"":""TS_GP_PT_CPI_M.P00011516:992ea9d6835afb2264ee8f8289a0a8ca857050e6ceb60fcf75307ace6671092a:0d69e7d9200f"",""sourceKey"":""TS_GP_PT_CPI_M.P00011516"",""retrievedAt"":""2026-09-30T22:08:39.268Z"",""locator"":{""seriesKey"":""TS_GP_PT_CPI_M.P00011516"",""observationDate"":""2025-04-30"",""row"":17,""column"":5,""columns"":{""seriesKey"":2,""date"":4,""value"":5,""unit"":6,""status"":7,""comments"":8}},""rawValue"":"".3""}"
national_cpi,2025-05,2025-05-31,3.5,Percent,not-stated,Normal,,,"{""artifactId"":""TS_GP_PT_CPI_M.P00011516:992ea9d6835afb2264ee8f8289a0a8ca857050e6ceb60fcf75307ace6671092a:0d69e7d9200f"",""sourceKey"":""TS_GP_PT_CPI_M.P00011516"",""retrievedAt"":""2026-09-30T22:08:39.268Z"",""locator"":{""seriesKey"":""TS_GP_PT_CPI_M.P00011516"",""observationDate"":""2025-05-31"",""row"":16,""column"":5,""columns"":{""seriesKey"":2,""date"":4,""value"":5,""unit"":6,""status"":7,""comments"":8}},""rawValue"":""3.5""}"
national_cpi,2025-06,2025-06-30,3.2,Percent,not-stated,Normal,,,"{""artifactId"":""TS_GP_PT_CPI_M.P00011516:992ea9d6835afb2264ee8f8289a0a8ca857050e6ceb60fcf75307ace6671092a:0d69e7d9200f"",""sourceKey"":""TS_GP_PT_CPI_M.P00011516"",""retrievedAt"":""2026-09-30T22:08:39.268Z"",""locator"":{""seriesKey"":""TS_GP_PT_CPI_M.P00011516"",""observationDate"":""2025-06-30"",""row"":15,""column"":5,""columns"":{""seriesKey"":2,""date"":4,""value"":5,""unit"":6,""status"":7,""comments"":8}},""rawValue"":""3.2""}"
national_cpi,2025-07,2025-07-31,4.1,Percent,not-stated,Normal,,,"{""artifactId"":""TS_GP_PT_CPI_M.P00011516:992ea9d6835afb2264ee8f8289a0a8ca857050e6ceb60fcf75307ace6671092a:0d69e7d9200f"",""sourceKey"":""TS_GP_PT_CPI_M.P00011516"",""retrievedAt"":""2026-09-30T22:08:39.268Z"",""locator"":{""seriesKey"":""TS_GP_PT_CPI_M.P00011516"",""observationDate"":""2025-07-31"",""row"":14,""column"":5,""columns"":{""seriesKey"":2,""date"":4,""value"":5,""unit"":6,""status"":7,""comments"":8}},""rawValue"":""4.1""}"
national_cpi,2025-08,2025-08-31,3.1,Percent,not-stated,Normal,,,"{""artifactId"":""TS_GP_PT_CPI_M.P00011516:992ea9d6835afb2264ee8f8289a0a8ca857050e6ceb60fcf75307ace6671092a:0d69e7d9200f"",""sourceKey"":""TS_GP_PT_CPI_M.P00011516"",""retrievedAt"":""2026-09-30T22:08:39.268Z"",""locator"":{""seriesKey"":""TS_GP_PT_CPI_M.P00011516"",""observationDate"":""2025-08-31"",""row"":13,""column"":5,""columns"":{""seriesKey"":2,""date"":4,""value"":5,""unit"":6,""status"":7,""comments"":8}},""rawValue"":""3.1""}"
national_cpi,2025-09,2025-09-30,5.8,Percent,not-stated,Normal,,,"{""artifactId"":""TS_GP_PT_CPI_M.P00011516:992ea9d6835afb2264ee8f8289a0a8ca857050e6ceb60fcf75307ace6671092a:0d69e7d9200f"",""sourceKey"":""TS_GP_PT_CPI_M.P00011516"",""retrievedAt"":""2026-09-30T22:08:39.268Z"",""locator"":{""seriesKey"":""TS_GP_PT_CPI_M.P00011516"",""observationDate"":""2025-09-30"",""row"":12,""column"":5,""columns"":{""seriesKey"":2,""date"":4,""value"":5,""unit"":6,""status"":7,""comments"":8}},""rawValue"":""5.8""}"
national_cpi,2025-10,2025-10-31,6.2,Percent,not-stated,Normal,,,"{""artifactId"":""TS_GP_PT_CPI_M.P00011516:992ea9d6835afb2264ee8f8289a0a8ca857050e6ceb60fcf75307ace6671092a:0d69e7d9200f"",""sourceKey"":""TS_GP_PT_CPI_M.P00011516"",""retrievedAt"":""2026-09-30T22:08:39.268Z"",""locator"":{""seriesKey"":""TS_GP_PT_CPI_M.P00011516"",""observationDate"":""2025-10-31"",""row"":11,""column"":5,""columns"":{""seriesKey"":2,""date"":4,""value"":5,""unit"":6,""status"":7,""comments"":8}},""rawValue"":""6.2""}"
national_cpi,2025-11,2025-11-30,6.1,Percent,not-stated,Normal,,,"{""artifactId"":""TS_GP_PT_CPI_M.P00011516:992ea9d6835afb2264ee8f8289a0a8ca857050e6ceb60fcf75307ace6671092a:0d69e7d9200f"",""sourceKey"":""TS_GP_PT_CPI_M.P00011516"",""retrievedAt"":""2026-09-30T22:08:39.268Z"",""locator"":{""seriesKey"":""TS_GP_PT_CPI_M.P00011516"",""observationDate"":""2025-11-30"",""row"":10,""column"":5,""columns"":{""seriesKey"":2,""date"":4,""value"":5,""unit"":6,""status"":7,""comments"":8}},""rawValue"":""6.1""}"
national_cpi,2025-12,2025-12-31,5.6,Percent,not-stated,Normal,,,"{""artifactId"":""TS_GP_PT_CPI_M.P00011516:992ea9d6835afb2264ee8f8289a0a8ca857050e6ceb60fcf75307ace6671092a:0d69e7d9200f"",""sourceKey"":""TS_GP_PT_CPI_M.P00011516"",""retrievedAt"":""2026-09-30T22:08:39.268Z"",""locator"":{""seriesKey"":""TS_GP_PT_CPI_M.P00011516"",""observationDate"":""2025-12-31"",""row"":9,""column"":5,""columns"":{""seriesKey"":2,""date"":4,""value"":5,""unit"":6,""status"":7,""comments"":8}},""rawValue"":""5.6""}"
national_cpi,2026-01,2026-01-31,5.8,Percent,not-stated,Normal,,,"{""artifactId"":""TS_GP_PT_CPI_M.P00011516:992ea9d6835afb2264ee8f8289a0a8ca857050e6ceb60fcf75307ace6671092a:0d69e7d9200f"",""sourceKey"":""TS_GP_PT_CPI_M.P00011516"",""retrievedAt"":""2026-09-30T22:08:39.268Z"",""locator"":{""seriesKey"":""TS_GP_PT_CPI_M.P00011516"",""observationDate"":""2026-01-31"",""row"":8,""column"":5,""columns"":{""seriesKey"":2,""date"":4,""value"":5,""unit"":6,""status"":7,""comments"":8}},""rawValue"":""5.8""}"
national_cpi,2026-02,2026-02-28,7,Percent,not-stated,Normal,,,"{""artifactId"":""TS_GP_PT_CPI_M.P00011516:992ea9d6835afb2264ee8f8289a0a8ca857050e6ceb60fcf75307ace6671092a:0d69e7d9200f"",""sourceKey"":""TS_GP_PT_CPI_M.P00011516"",""retrievedAt"":""2026-09-30T22:08:39.268Z"",""locator"":{""seriesKey"":""TS_GP_PT_CPI_M.P00011516"",""observationDate"":""2026-02-28"",""row"":7,""column"":5,""columns"":{""seriesKey"":2,""date"":4,""value"":5,""unit"":6,""status"":7,""comments"":8}},""rawValue"":""7""}"
national_cpi,2026-03,2026-03-31,7.3,Percent,not-stated,Normal,,,"{""artifactId"":""TS_GP_PT_CPI_M.P00011516:992ea9d6835afb2264ee8f8289a0a8ca857050e6ceb60fcf75307ace6671092a:0d69e7d9200f"",""sourceKey"":""TS_GP_PT_CPI_M.P00011516"",""retrievedAt"":""2026-09-30T22:08:39.268Z"",""locator"":{""seriesKey"":""TS_GP_PT_CPI_M.P00011516"",""observationDate"":""2026-03-31"",""row"":6,""column"":5,""columns"":{""seriesKey"":2,""date"":4,""value"":5,""unit"":6,""status"":7,""comments"":8}},""rawValue"":""7.3""}"
national_cpi,2026-04,2026-04-30,10.9,Percent,not-stated,Normal,0,,"{""artifactId"":""TS_GP_PT_CPI_M.P00011516:992ea9d6835afb2264ee8f8289a0a8ca857050e6ceb60fcf75307ace6671092a:0d69e7d9200f"",""sourceKey"":""TS_GP_PT_CPI_M.P00011516"",""retrievedAt"":""2026-09-30T22:08:39.268Z"",""locator"":{""seriesKey"":""TS_GP_PT_CPI_M.P00011516"",""observationDate"":""2026-04-30"",""row"":5,""column"":5,""columns"":{""seriesKey"":2,""date"":4,""value"":5,""unit"":6,""status"":7,""comments"":8}},""rawValue"":""10.9""}"
national_cpi,2026-05,2026-05-31,11.7,Percent,not-stated,Normal,,,"{""artifactId"":""TS_GP_PT_CPI_M.P00011516:992ea9d6835afb2264ee8f8289a0a8ca857050e6ceb60fcf75307ace6671092a:0d69e7d9200f"",""sourceKey"":""TS_GP_PT_CPI_M.P00011516"",""retrievedAt"":""2026-09-30T22:08:39.268Z"",""locator"":{""seriesKey"":""TS_GP_PT_CPI_M.P00011516"",""observationDate"":""2026-05-31"",""row"":4,""column"":5,""columns"":{""seriesKey"":2,""date"":4,""value"":5,""unit"":6,""status"":7,""comments"":8}},""rawValue"":""11.7""}"
national_cpi,2026-06,2026-06-30,11.1,Percent,not-stated,Normal,,,"{""artifactId"":""TS_GP_PT_CPI_M.P00011516:992ea9d6835afb2264ee8f8289a0a8ca857050e6ceb60fcf75307ace6671092a:0d69e7d9200f"",""sourceKey"":""TS_GP_PT_CPI_M.P00011516"",""retrievedAt"":""2026-09-30T22:08:39.268Z"",""locator"":{""seriesKey"":""TS_GP_PT_CPI_M.P00011516"",""observationDate"":""2026-06-30"",""row"":3,""column"":5,""columns"":{""seriesKey"":2,""date"":4,""value"":5,""unit"":6,""status"":7,""comments"":8}},""rawValue"":""11.1""}"
national_cpi,2026-07,2026-07-31,9.2,Percent,not-stated,Normal,,,"{""artifactId"":""TS_GP_PT_CPI_M.P00011516:992ea9d6835afb2264ee8f8289a0a8ca857050e6ceb60fcf75307ace6671092a:0d69e7d9200f"",""sourceKey"":""TS_GP_PT_CPI_M.P00011516"",""retrievedAt"":""2026-09-30T22:08:39.268Z"",""locator"":{""seriesKey"":""TS_GP_PT_CPI_M.P00011516"",""observationDate"":""2026-07-31"",""row"":2,""column"":5,""columns"":{""seriesKey"":2,""date"":4,""value"":5,""unit"":6,""status"":7,""comments"":8}},""rawValue"":""9.2""}"
national_cpi,2026-08,2026-08-31,11.1,Percent,not-stated,Normal,,,"{""artifactId"":""TS_GP_PT_CPI_M.P00011516:992ea9d6835afb2264ee8f8289a0a8ca857050e6ceb60fcf75307ace6671092a:0d69e7d9200f"",""sourceKey"":""TS_GP_PT_CPI_M.P00011516"",""retrievedAt"":""2026-09-30T22:08:39.268Z"",""locator"":{""seriesKey"":""TS_GP_PT_CPI_M.P00011516"",""observationDate"":""2026-08-31"",""row"":1,""column"":5,""columns"":{""seriesKey"":2,""date"":4,""value"":5,""unit"":6,""status"":7,""comments"":8}},""rawValue"":""11.1""}"
urban_cpi,2021-09,2021-09-30,9.125281757,Percent,not-stated,Normal,,,"{""artifactId"":""TS_GP_PT_CPI_M.P00021516:9c324b76c580034dae31410b36a6ec2b1ffef87d212fe64404658c14588757b5:d2bcb85e25c2"",""sourceKey"":""TS_GP_PT_CPI_M.P00021516"",""retrievedAt"":""2026-09-30T22:08:39.735Z"",""locator"":{""seriesKey"":""TS_GP_PT_CPI_M.P00021516"",""observationDate"":""2021-09-30"",""row"":60,""column"":5,""columns"":{""seriesKey"":2,""date"":4,""value"":5,""unit"":6,""status"":7,""comments"":8}},""rawValue"":""9.125281757""}"
urban_cpi,2021-10,2021-10-31,9.6,Percent,not-stated,Normal,,,"{""artifactId"":""TS_GP_PT_CPI_M.P00021516:9c324b76c580034dae31410b36a6ec2b1ffef87d212fe64404658c14588757b5:d2bcb85e25c2"",""sourceKey"":""TS_GP_PT_CPI_M.P00021516"",""retrievedAt"":""2026-09-30T22:08:39.735Z"",""locator"":{""seriesKey"":""TS_GP_PT_CPI_M.P00021516"",""observationDate"":""2021-10-31"",""row"":59,""column"":5,""columns"":{""seriesKey"":2,""date"":4,""value"":5,""unit"":6,""status"":7,""comments"":8}},""rawValue"":""9.6""}"
urban_cpi,2021-11,2021-11-30,12,Percent,not-stated,Normal,,,"{""artifactId"":""TS_GP_PT_CPI_M.P00021516:9c324b76c580034dae31410b36a6ec2b1ffef87d212fe64404658c14588757b5:d2bcb85e25c2"",""sourceKey"":""TS_GP_PT_CPI_M.P00021516"",""retrievedAt"":""2026-09-30T22:08:39.735Z"",""locator"":{""seriesKey"":""TS_GP_PT_CPI_M.P00021516"",""observationDate"":""2021-11-30"",""row"":58,""column"":5,""columns"":{""seriesKey"":2,""date"":4,""value"":5,""unit"":6,""status"":7,""comments"":8}},""rawValue"":""12""}"
urban_cpi,2021-12,2021-12-31,12.73716618,Percent,not-stated,Normal,,,"{""artifactId"":""TS_GP_PT_CPI_M.P00021516:9c324b76c580034dae31410b36a6ec2b1ffef87d212fe64404658c14588757b5:d2bcb85e25c2"",""sourceKey"":""TS_GP_PT_CPI_M.P00021516"",""retrievedAt"":""2026-09-30T22:08:39.735Z"",""locator"":{""seriesKey"":""TS_GP_PT_CPI_M.P00021516"",""observationDate"":""2021-12-31"",""row"":57,""column"":5,""columns"":{""seriesKey"":2,""date"":4,""value"":5,""unit"":6,""status"":7,""comments"":8}},""rawValue"":""12.73716618""}"
urban_cpi,2022-01,2022-01-31,12.9867336,Percent,not-stated,Normal,,,"{""artifactId"":""TS_GP_PT_CPI_M.P00021516:9c324b76c580034dae31410b36a6ec2b1ffef87d212fe64404658c14588757b5:d2bcb85e25c2"",""sourceKey"":""TS_GP_PT_CPI_M.P00021516"",""retrievedAt"":""2026-09-30T22:08:39.735Z"",""locator"":{""seriesKey"":""TS_GP_PT_CPI_M.P00021516"",""observationDate"":""2022-01-31"",""row"":56,""column"":5,""columns"":{""seriesKey"":2,""date"":4,""value"":5,""unit"":6,""status"":7,""comments"":8}},""rawValue"":""12.9867336""}"
urban_cpi,2022-02,2022-02-28,11.51391908,Percent,not-stated,Normal,,,"{""artifactId"":""TS_GP_PT_CPI_M.P00021516:9c324b76c580034dae31410b36a6ec2b1ffef87d212fe64404658c14588757b5:d2bcb85e25c2"",""sourceKey"":""TS_GP_PT_CPI_M.P00021516"",""retrievedAt"":""2026-09-30T22:08:39.735Z"",""locator"":{""seriesKey"":""TS_GP_PT_CPI_M.P00021516"",""observationDate"":""2022-02-28"",""row"":55,""column"":5,""columns"":{""seriesKey"":2,""date"":4,""value"":5,""unit"":6,""status"":7,""comments"":8}},""rawValue"":""11.51391908""}"
urban_cpi,2022-03,2022-03-31,11.9,Percent,not-stated,Normal,,,"{""artifactId"":""TS_GP_PT_CPI_M.P00021516:9c324b76c580034dae31410b36a6ec2b1ffef87d212fe64404658c14588757b5:d2bcb85e25c2"",""sourceKey"":""TS_GP_PT_CPI_M.P00021516"",""retrievedAt"":""2026-09-30T22:08:39.735Z"",""locator"":{""seriesKey"":""TS_GP_PT_CPI_M.P00021516"",""observationDate"":""2022-03-31"",""row"":54,""column"":5,""columns"":{""seriesKey"":2,""date"":4,""value"":5,""unit"":6,""status"":7,""comments"":8}},""rawValue"":""11.9""}"
urban_cpi,2022-04,2022-04-30,12.22827962,Percent,not-stated,Normal,,,"{""artifactId"":""TS_GP_PT_CPI_M.P00021516:9c324b76c580034dae31410b36a6ec2b1ffef87d212fe64404658c14588757b5:d2bcb85e25c2"",""sourceKey"":""TS_GP_PT_CPI_M.P00021516"",""retrievedAt"":""2026-09-30T22:08:39.735Z"",""locator"":{""seriesKey"":""TS_GP_PT_CPI_M.P00021516"",""observationDate"":""2022-04-30"",""row"":53,""column"":5,""columns"":{""seriesKey"":2,""date"":4,""value"":5,""unit"":6,""status"":7,""comments"":8}},""rawValue"":""12.22827962""}"
urban_cpi,2022-05,2022-05-31,12.4,Percent,not-stated,Normal,,,"{""artifactId"":""TS_GP_PT_CPI_M.P00021516:9c324b76c580034dae31410b36a6ec2b1ffef87d212fe64404658c14588757b5:d2bcb85e25c2"",""sourceKey"":""TS_GP_PT_CPI_M.P00021516"",""retrievedAt"":""2026-09-30T22:08:39.735Z"",""locator"":{""seriesKey"":""TS_GP_PT_CPI_M.P00021516"",""observationDate"":""2022-05-31"",""row"":52,""column"":5,""columns"":{""seriesKey"":2,""date"":4,""value"":5,""unit"":6,""status"":7,""comments"":8}},""rawValue"":""12.4""}"
urban_cpi,2022-06,2022-06-30,19.8,Percent,not-stated,Normal,,,"{""artifactId"":""TS_GP_PT_CPI_M.P00021516:9c324b76c580034dae31410b36a6ec2b1ffef87d212fe64404658c14588757b5:d2bcb85e25c2"",""sourceKey"":""TS_GP_PT_CPI_M.P00021516"",""retrievedAt"":""2026-09-30T22:08:39.735Z"",""locator"":{""seriesKey"":""TS_GP_PT_CPI_M.P00021516"",""observationDate"":""2022-06-30"",""row"":51,""column"":5,""columns"":{""seriesKey"":2,""date"":4,""value"":5,""unit"":6,""status"":7,""comments"":8}},""rawValue"":""19.8""}"
urban_cpi,2022-07,2022-07-31,23.6,Percent,not-stated,Normal,,,"{""artifactId"":""TS_GP_PT_CPI_M.P00021516:9c324b76c580034dae31410b36a6ec2b1ffef87d212fe64404658c14588757b5:d2bcb85e25c2"",""sourceKey"":""TS_GP_PT_CPI_M.P00021516"",""retrievedAt"":""2026-09-30T22:08:39.735Z"",""locator"":{""seriesKey"":""TS_GP_PT_CPI_M.P00021516"",""observationDate"":""2022-07-31"",""row"":50,""column"":5,""columns"":{""seriesKey"":2,""date"":4,""value"":5,""unit"":6,""status"":7,""comments"":8}},""rawValue"":""23.6""}"
urban_cpi,2022-08,2022-08-31,26.2,Percent,not-stated,Normal,,,"{""artifactId"":""TS_GP_PT_CPI_M.P00021516:9c324b76c580034dae31410b36a6ec2b1ffef87d212fe64404658c14588757b5:d2bcb85e25c2"",""sourceKey"":""TS_GP_PT_CPI_M.P00021516"",""retrievedAt"":""2026-09-30T22:08:39.735Z"",""locator"":{""seriesKey"":""TS_GP_PT_CPI_M.P00021516"",""observationDate"":""2022-08-31"",""row"":49,""column"":5,""columns"":{""seriesKey"":2,""date"":4,""value"":5,""unit"":6,""status"":7,""comments"":8}},""rawValue"":""26.2""}"
urban_cpi,2022-09,2022-09-30,21.2,Percent,not-stated,Normal,,,"{""artifactId"":""TS_GP_PT_CPI_M.P00021516:9c324b76c580034dae31410b36a6ec2b1ffef87d212fe64404658c14588757b5:d2bcb85e25c2"",""sourceKey"":""TS_GP_PT_CPI_M.P00021516"",""retrievedAt"":""2026-09-30T22:08:39.735Z"",""locator"":{""seriesKey"":""TS_GP_PT_CPI_M.P00021516"",""observationDate"":""2022-09-30"",""row"":48,""column"":5,""columns"":{""seriesKey"":2,""date"":4,""value"":5,""unit"":6,""status"":7,""comments"":8}},""rawValue"":""21.2""}"
urban_cpi,2022-10,2022-10-31,24.6,Percent,not-stated,Normal,,,"{""artifactId"":""TS_GP_PT_CPI_M.P00021516:9c324b76c580034dae31410b36a6ec2b1ffef87d212fe64404658c14588757b5:d2bcb85e25c2"",""sourceKey"":""TS_GP_PT_CPI_M.P00021516"",""retrievedAt"":""2026-09-30T22:08:39.735Z"",""locator"":{""seriesKey"":""TS_GP_PT_CPI_M.P00021516"",""observationDate"":""2022-10-31"",""row"":47,""column"":5,""columns"":{""seriesKey"":2,""date"":4,""value"":5,""unit"":6,""status"":7,""comments"":8}},""rawValue"":""24.6""}"
urban_cpi,2022-11,2022-11-30,21.6,Percent,not-stated,Normal,,,"{""artifactId"":""TS_GP_PT_CPI_M.P00021516:9c324b76c580034dae31410b36a6ec2b1ffef87d212fe64404658c14588757b5:d2bcb85e25c2"",""sourceKey"":""TS_GP_PT_CPI_M.P00021516"",""retrievedAt"":""2026-09-30T22:08:39.735Z"",""locator"":{""seriesKey"":""TS_GP_PT_CPI_M.P00021516"",""observationDate"":""2022-11-30"",""row"":46,""column"":5,""columns"":{""seriesKey"":2,""date"":4,""value"":5,""unit"":6,""status"":7,""comments"":8}},""rawValue"":""21.6""}"
urban_cpi,2022-12,2022-12-31,21.6,Percent,not-stated,Normal,,,"{""artifactId"":""TS_GP_PT_CPI_M.P00021516:9c324b76c580034dae31410b36a6ec2b1ffef87d212fe64404658c14588757b5:d2bcb85e25c2"",""sourceKey"":""TS_GP_PT_CPI_M.P00021516"",""retrievedAt"":""2026-09-30T22:08:39.735Z"",""locator"":{""seriesKey"":""TS_GP_PT_CPI_M.P00021516"",""observationDate"":""2022-12-31"",""row"":45,""column"":5,""columns"":{""seriesKey"":2,""date"":4,""value"":5,""unit"":6,""status"":7,""comments"":8}},""rawValue"":""21.6""}"
urban_cpi,2023-01,2023-01-31,24.4,Percent,not-stated,Normal,,,"{""artifactId"":""TS_GP_PT_CPI_M.P00021516:9c324b76c580034dae31410b36a6ec2b1ffef87d212fe64404658c14588757b5:d2bcb85e25c2"",""sourceKey"":""TS_GP_PT_CPI_M.P00021516"",""retrievedAt"":""2026-09-30T22:08:39.735Z"",""locator"":{""seriesKey"":""TS_GP_PT_CPI_M.P00021516"",""observationDate"":""2023-01-31"",""row"":44,""column"":5,""columns"":{""seriesKey"":2,""date"":4,""value"":5,""unit"":6,""status"":7,""comments"":8}},""rawValue"":""24.4""}"
urban_cpi,2023-02,2023-02-28,28.8,Percent,not-stated,Normal,,,"{""artifactId"":""TS_GP_PT_CPI_M.P00021516:9c324b76c580034dae31410b36a6ec2b1ffef87d212fe64404658c14588757b5:d2bcb85e25c2"",""sourceKey"":""TS_GP_PT_CPI_M.P00021516"",""retrievedAt"":""2026-09-30T22:08:39.735Z"",""locator"":{""seriesKey"":""TS_GP_PT_CPI_M.P00021516"",""observationDate"":""2023-02-28"",""row"":43,""column"":5,""columns"":{""seriesKey"":2,""date"":4,""value"":5,""unit"":6,""status"":7,""comments"":8}},""rawValue"":""28.8""}"
urban_cpi,2023-03,2023-03-31,33,Percent,not-stated,Normal,,,"{""artifactId"":""TS_GP_PT_CPI_M.P00021516:9c324b76c580034dae31410b36a6ec2b1ffef87d212fe64404658c14588757b5:d2bcb85e25c2"",""sourceKey"":""TS_GP_PT_CPI_M.P00021516"",""retrievedAt"":""2026-09-30T22:08:39.735Z"",""locator"":{""seriesKey"":""TS_GP_PT_CPI_M.P00021516"",""observationDate"":""2023-03-31"",""row"":42,""column"":5,""columns"":{""seriesKey"":2,""date"":4,""value"":5,""unit"":6,""status"":7,""comments"":8}},""rawValue"":""33""}"
urban_cpi,2023-04,2023-04-30,33.5,Percent,not-stated,Normal,,,"{""artifactId"":""TS_GP_PT_CPI_M.P00021516:9c324b76c580034dae31410b36a6ec2b1ffef87d212fe64404658c14588757b5:d2bcb85e25c2"",""sourceKey"":""TS_GP_PT_CPI_M.P00021516"",""retrievedAt"":""2026-09-30T22:08:39.735Z"",""locator"":{""seriesKey"":""TS_GP_PT_CPI_M.P00021516"",""observationDate"":""2023-04-30"",""row"":41,""column"":5,""columns"":{""seriesKey"":2,""date"":4,""value"":5,""unit"":6,""status"":7,""comments"":8}},""rawValue"":""33.5""}"
urban_cpi,2023-05,2023-05-31,35.1,Percent,not-stated,Normal,,,"{""artifactId"":""TS_GP_PT_CPI_M.P00021516:9c324b76c580034dae31410b36a6ec2b1ffef87d212fe64404658c14588757b5:d2bcb85e25c2"",""sourceKey"":""TS_GP_PT_CPI_M.P00021516"",""retrievedAt"":""2026-09-30T22:08:39.735Z"",""locator"":{""seriesKey"":""TS_GP_PT_CPI_M.P00021516"",""observationDate"":""2023-05-31"",""row"":40,""column"":5,""columns"":{""seriesKey"":2,""date"":4,""value"":5,""unit"":6,""status"":7,""comments"":8}},""rawValue"":""35.1""}"
urban_cpi,2023-06,2023-06-30,27.3,Percent,not-stated,Normal,,,"{""artifactId"":""TS_GP_PT_CPI_M.P00021516:9c324b76c580034dae31410b36a6ec2b1ffef87d212fe64404658c14588757b5:d2bcb85e25c2"",""sourceKey"":""TS_GP_PT_CPI_M.P00021516"",""retrievedAt"":""2026-09-30T22:08:39.735Z"",""locator"":{""seriesKey"":""TS_GP_PT_CPI_M.P00021516"",""observationDate"":""2023-06-30"",""row"":39,""column"":5,""columns"":{""seriesKey"":2,""date"":4,""value"":5,""unit"":6,""status"":7,""comments"":8}},""rawValue"":""27.3""}"
urban_cpi,2023-07,2023-07-31,26.3,Percent,not-stated,Normal,,,"{""artifactId"":""TS_GP_PT_CPI_M.P00021516:9c324b76c580034dae31410b36a6ec2b1ffef87d212fe64404658c14588757b5:d2bcb85e25c2"",""sourceKey"":""TS_GP_PT_CPI_M.P00021516"",""retrievedAt"":""2026-09-30T22:08:39.735Z"",""locator"":{""seriesKey"":""TS_GP_PT_CPI_M.P00021516"",""observationDate"":""2023-07-31"",""row"":38,""column"":5,""columns"":{""seriesKey"":2,""date"":4,""value"":5,""unit"":6,""status"":7,""comments"":8}},""rawValue"":""26.3""}"
urban_cpi,2023-08,2023-08-31,25,Percent,not-stated,Normal,,,"{""artifactId"":""TS_GP_PT_CPI_M.P00021516:9c324b76c580034dae31410b36a6ec2b1ffef87d212fe64404658c14588757b5:d2bcb85e25c2"",""sourceKey"":""TS_GP_PT_CPI_M.P00021516"",""retrievedAt"":""2026-09-30T22:08:39.735Z"",""locator"":{""seriesKey"":""TS_GP_PT_CPI_M.P00021516"",""observationDate"":""2023-08-31"",""row"":37,""column"":5,""columns"":{""seriesKey"":2,""date"":4,""value"":5,""unit"":6,""status"":7,""comments"":8}},""rawValue"":""25""}"
urban_cpi,2023-09,2023-09-30,29.7,Percent,not-stated,Normal,,,"{""artifactId"":""TS_GP_PT_CPI_M.P00021516:9c324b76c580034dae31410b36a6ec2b1ffef87d212fe64404658c14588757b5:d2bcb85e25c2"",""sourceKey"":""TS_GP_PT_CPI_M.P00021516"",""retrievedAt"":""2026-09-30T22:08:39.735Z"",""locator"":{""seriesKey"":""TS_GP_PT_CPI_M.P00021516"",""observationDate"":""2023-09-30"",""row"":36,""column"":5,""columns"":{""seriesKey"":2,""date"":4,""value"":5,""unit"":6,""status"":7,""comments"":8}},""rawValue"":""29.7""}"
urban_cpi,2023-10,2023-10-31,25.5,Percent,not-stated,Normal,,,"{""artifactId"":""TS_GP_PT_CPI_M.P00021516:9c324b76c580034dae31410b36a6ec2b1ffef87d212fe64404658c14588757b5:d2bcb85e25c2"",""sourceKey"":""TS_GP_PT_CPI_M.P00021516"",""retrievedAt"":""2026-09-30T22:08:39.735Z"",""locator"":{""seriesKey"":""TS_GP_PT_CPI_M.P00021516"",""observationDate"":""2023-10-31"",""row"":35,""column"":5,""columns"":{""seriesKey"":2,""date"":4,""value"":5,""unit"":6,""status"":7,""comments"":8}},""rawValue"":""25.5""}"
urban_cpi,2023-11,2023-11-30,30.4,Percent,not-stated,Normal,,,"{""artifactId"":""TS_GP_PT_CPI_M.P00021516:9c324b76c580034dae31410b36a6ec2b1ffef87d212fe64404658c14588757b5:d2bcb85e25c2"",""sourceKey"":""TS_GP_PT_CPI_M.P00021516"",""retrievedAt"":""2026-09-30T22:08:39.735Z"",""locator"":{""seriesKey"":""TS_GP_PT_CPI_M.P00021516"",""observationDate"":""2023-11-30"",""row"":34,""column"":5,""columns"":{""seriesKey"":2,""date"":4,""value"":5,""unit"":6,""status"":7,""comments"":8}},""rawValue"":""30.4""}"
urban_cpi,2023-12,2023-12-31,30.9,Percent,not-stated,Normal,,,"{""artifactId"":""TS_GP_PT_CPI_M.P00021516:9c324b76c580034dae31410b36a6ec2b1ffef87d212fe64404658c14588757b5:d2bcb85e25c2"",""sourceKey"":""TS_GP_PT_CPI_M.P00021516"",""retrievedAt"":""2026-09-30T22:08:39.735Z"",""locator"":{""seriesKey"":""TS_GP_PT_CPI_M.P00021516"",""observationDate"":""2023-12-31"",""row"":33,""column"":5,""columns"":{""seriesKey"":2,""date"":4,""value"":5,""unit"":6,""status"":7,""comments"":8}},""rawValue"":""30.9""}"
urban_cpi,2024-01,2024-01-31,30.2,Percent,not-stated,Normal,,,"{""artifactId"":""TS_GP_PT_CPI_M.P00021516:9c324b76c580034dae31410b36a6ec2b1ffef87d212fe64404658c14588757b5:d2bcb85e25c2"",""sourceKey"":""TS_GP_PT_CPI_M.P00021516"",""retrievedAt"":""2026-09-30T22:08:39.735Z"",""locator"":{""seriesKey"":""TS_GP_PT_CPI_M.P00021516"",""observationDate"":""2024-01-31"",""row"":32,""column"":5,""columns"":{""seriesKey"":2,""date"":4,""value"":5,""unit"":6,""status"":7,""comments"":8}},""rawValue"":""30.2""}"
urban_cpi,2024-02,2024-02-29,24.9,Percent,not-stated,Normal,,,"{""artifactId"":""TS_GP_PT_CPI_M.P00021516:9c324b76c580034dae31410b36a6ec2b1ffef87d212fe64404658c14588757b5:d2bcb85e25c2"",""sourceKey"":""TS_GP_PT_CPI_M.P00021516"",""retrievedAt"":""2026-09-30T22:08:39.735Z"",""locator"":{""seriesKey"":""TS_GP_PT_CPI_M.P00021516"",""observationDate"":""2024-02-29"",""row"":31,""column"":5,""columns"":{""seriesKey"":2,""date"":4,""value"":5,""unit"":6,""status"":7,""comments"":8}},""rawValue"":""24.9""}"
urban_cpi,2024-03,2024-03-31,21.9,Percent,not-stated,Normal,,,"{""artifactId"":""TS_GP_PT_CPI_M.P00021516:9c324b76c580034dae31410b36a6ec2b1ffef87d212fe64404658c14588757b5:d2bcb85e25c2"",""sourceKey"":""TS_GP_PT_CPI_M.P00021516"",""retrievedAt"":""2026-09-30T22:08:39.735Z"",""locator"":{""seriesKey"":""TS_GP_PT_CPI_M.P00021516"",""observationDate"":""2024-03-31"",""row"":30,""column"":5,""columns"":{""seriesKey"":2,""date"":4,""value"":5,""unit"":6,""status"":7,""comments"":8}},""rawValue"":""21.9""}"
urban_cpi,2024-04,2024-04-30,19.4,Percent,not-stated,Normal,,,"{""artifactId"":""TS_GP_PT_CPI_M.P00021516:9c324b76c580034dae31410b36a6ec2b1ffef87d212fe64404658c14588757b5:d2bcb85e25c2"",""sourceKey"":""TS_GP_PT_CPI_M.P00021516"",""retrievedAt"":""2026-09-30T22:08:39.735Z"",""locator"":{""seriesKey"":""TS_GP_PT_CPI_M.P00021516"",""observationDate"":""2024-04-30"",""row"":29,""column"":5,""columns"":{""seriesKey"":2,""date"":4,""value"":5,""unit"":6,""status"":7,""comments"":8}},""rawValue"":""19.4""}"
urban_cpi,2024-05,2024-05-31,14.3,Percent,not-stated,Normal,,,"{""artifactId"":""TS_GP_PT_CPI_M.P00021516:9c324b76c580034dae31410b36a6ec2b1ffef87d212fe64404658c14588757b5:d2bcb85e25c2"",""sourceKey"":""TS_GP_PT_CPI_M.P00021516"",""retrievedAt"":""2026-09-30T22:08:39.735Z"",""locator"":{""seriesKey"":""TS_GP_PT_CPI_M.P00021516"",""observationDate"":""2024-05-31"",""row"":28,""column"":5,""columns"":{""seriesKey"":2,""date"":4,""value"":5,""unit"":6,""status"":7,""comments"":8}},""rawValue"":""14.3""}"
urban_cpi,2024-06,2024-06-30,14.9,Percent,not-stated,Normal,,,"{""artifactId"":""TS_GP_PT_CPI_M.P00021516:9c324b76c580034dae31410b36a6ec2b1ffef87d212fe64404658c14588757b5:d2bcb85e25c2"",""sourceKey"":""TS_GP_PT_CPI_M.P00021516"",""retrievedAt"":""2026-09-30T22:08:39.735Z"",""locator"":{""seriesKey"":""TS_GP_PT_CPI_M.P00021516"",""observationDate"":""2024-06-30"",""row"":27,""column"":5,""columns"":{""seriesKey"":2,""date"":4,""value"":5,""unit"":6,""status"":7,""comments"":8}},""rawValue"":""14.9""}"
urban_cpi,2024-07,2024-07-31,13.2,Percent,not-stated,Normal,,,"{""artifactId"":""TS_GP_PT_CPI_M.P00021516:9c324b76c580034dae31410b36a6ec2b1ffef87d212fe64404658c14588757b5:d2bcb85e25c2"",""sourceKey"":""TS_GP_PT_CPI_M.P00021516"",""retrievedAt"":""2026-09-30T22:08:39.735Z"",""locator"":{""seriesKey"":""TS_GP_PT_CPI_M.P00021516"",""observationDate"":""2024-07-31"",""row"":26,""column"":5,""columns"":{""seriesKey"":2,""date"":4,""value"":5,""unit"":6,""status"":7,""comments"":8}},""rawValue"":""13.2""}"
urban_cpi,2024-08,2024-08-31,11.7,Percent,not-stated,Normal,,,"{""artifactId"":""TS_GP_PT_CPI_M.P00021516:9c324b76c580034dae31410b36a6ec2b1ffef87d212fe64404658c14588757b5:d2bcb85e25c2"",""sourceKey"":""TS_GP_PT_CPI_M.P00021516"",""retrievedAt"":""2026-09-30T22:08:39.735Z"",""locator"":{""seriesKey"":""TS_GP_PT_CPI_M.P00021516"",""observationDate"":""2024-08-31"",""row"":25,""column"":5,""columns"":{""seriesKey"":2,""date"":4,""value"":5,""unit"":6,""status"":7,""comments"":8}},""rawValue"":""11.7""}"
urban_cpi,2024-09,2024-09-30,9.3,Percent,not-stated,Normal,,,"{""artifactId"":""TS_GP_PT_CPI_M.P00021516:9c324b76c580034dae31410b36a6ec2b1ffef87d212fe64404658c14588757b5:d2bcb85e25c2"",""sourceKey"":""TS_GP_PT_CPI_M.P00021516"",""retrievedAt"":""2026-09-30T22:08:39.735Z"",""locator"":{""seriesKey"":""TS_GP_PT_CPI_M.P00021516"",""observationDate"":""2024-09-30"",""row"":24,""column"":5,""columns"":{""seriesKey"":2,""date"":4,""value"":5,""unit"":6,""status"":7,""comments"":8}},""rawValue"":""9.3""}"
urban_cpi,2024-10,2024-10-31,9.3,Percent,not-stated,Normal,,,"{""artifactId"":""TS_GP_PT_CPI_M.P00021516:9c324b76c580034dae31410b36a6ec2b1ffef87d212fe64404658c14588757b5:d2bcb85e25c2"",""sourceKey"":""TS_GP_PT_CPI_M.P00021516"",""retrievedAt"":""2026-09-30T22:08:39.735Z"",""locator"":{""seriesKey"":""TS_GP_PT_CPI_M.P00021516"",""observationDate"":""2024-10-31"",""row"":23,""column"":5,""columns"":{""seriesKey"":2,""date"":4,""value"":5,""unit"":6,""status"":7,""comments"":8}},""rawValue"":""9.3""}"
urban_cpi,2024-11,2024-11-30,5.2,Percent,not-stated,Normal,,,"{""artifactId"":""TS_GP_PT_CPI_M.P00021516:9c324b76c580034dae31410b36a6ec2b1ffef87d212fe64404658c14588757b5:d2bcb85e25c2"",""sourceKey"":""TS_GP_PT_CPI_M.P00021516"",""retrievedAt"":""2026-09-30T22:08:39.735Z"",""locator"":{""seriesKey"":""TS_GP_PT_CPI_M.P00021516"",""observationDate"":""2024-11-30"",""row"":22,""column"":5,""columns"":{""seriesKey"":2,""date"":4,""value"":5,""unit"":6,""status"":7,""comments"":8}},""rawValue"":""5.2""}"
urban_cpi,2024-12,2024-12-31,4.4,Percent,not-stated,Normal,,,"{""artifactId"":""TS_GP_PT_CPI_M.P00021516:9c324b76c580034dae31410b36a6ec2b1ffef87d212fe64404658c14588757b5:d2bcb85e25c2"",""sourceKey"":""TS_GP_PT_CPI_M.P00021516"",""retrievedAt"":""2026-09-30T22:08:39.735Z"",""locator"":{""seriesKey"":""TS_GP_PT_CPI_M.P00021516"",""observationDate"":""2024-12-31"",""row"":21,""column"":5,""columns"":{""seriesKey"":2,""date"":4,""value"":5,""unit"":6,""status"":7,""comments"":8}},""rawValue"":""4.4""}"
urban_cpi,2025-01,2025-01-31,2.7,Percent,not-stated,Normal,,,"{""artifactId"":""TS_GP_PT_CPI_M.P00021516:9c324b76c580034dae31410b36a6ec2b1ffef87d212fe64404658c14588757b5:d2bcb85e25c2"",""sourceKey"":""TS_GP_PT_CPI_M.P00021516"",""retrievedAt"":""2026-09-30T22:08:39.735Z"",""locator"":{""seriesKey"":""TS_GP_PT_CPI_M.P00021516"",""observationDate"":""2025-01-31"",""row"":20,""column"":5,""columns"":{""seriesKey"":2,""date"":4,""value"":5,""unit"":6,""status"":7,""comments"":8}},""rawValue"":""2.7""}"
urban_cpi,2025-02,2025-02-28,1.8,Percent,not-stated,Normal,,,"{""artifactId"":""TS_GP_PT_CPI_M.P00021516:9c324b76c580034dae31410b36a6ec2b1ffef87d212fe64404658c14588757b5:d2bcb85e25c2"",""sourceKey"":""TS_GP_PT_CPI_M.P00021516"",""retrievedAt"":""2026-09-30T22:08:39.735Z"",""locator"":{""seriesKey"":""TS_GP_PT_CPI_M.P00021516"",""observationDate"":""2025-02-28"",""row"":19,""column"":5,""columns"":{""seriesKey"":2,""date"":4,""value"":5,""unit"":6,""status"":7,""comments"":8}},""rawValue"":""1.8""}"
urban_cpi,2025-03,2025-03-31,1.2,Percent,not-stated,Normal,,,"{""artifactId"":""TS_GP_PT_CPI_M.P00021516:9c324b76c580034dae31410b36a6ec2b1ffef87d212fe64404658c14588757b5:d2bcb85e25c2"",""sourceKey"":""TS_GP_PT_CPI_M.P00021516"",""retrievedAt"":""2026-09-30T22:08:39.735Z"",""locator"":{""seriesKey"":""TS_GP_PT_CPI_M.P00021516"",""observationDate"":""2025-03-31"",""row"":18,""column"":5,""columns"":{""seriesKey"":2,""date"":4,""value"":5,""unit"":6,""status"":7,""comments"":8}},""rawValue"":""1.2""}"
urban_cpi,2025-04,2025-04-30,0.5,Percent,not-stated,Normal,,,"{""artifactId"":""TS_GP_PT_CPI_M.P00021516:9c324b76c580034dae31410b36a6ec2b1ffef87d212fe64404658c14588757b5:d2bcb85e25c2"",""sourceKey"":""TS_GP_PT_CPI_M.P00021516"",""retrievedAt"":""2026-09-30T22:08:39.735Z"",""locator"":{""seriesKey"":""TS_GP_PT_CPI_M.P00021516"",""observationDate"":""2025-04-30"",""row"":17,""column"":5,""columns"":{""seriesKey"":2,""date"":4,""value"":5,""unit"":6,""status"":7,""comments"":8}},""rawValue"":"".5""}"
urban_cpi,2025-05,2025-05-31,3.5,Percent,not-stated,Normal,,,"{""artifactId"":""TS_GP_PT_CPI_M.P00021516:9c324b76c580034dae31410b36a6ec2b1ffef87d212fe64404658c14588757b5:d2bcb85e25c2"",""sourceKey"":""TS_GP_PT_CPI_M.P00021516"",""retrievedAt"":""2026-09-30T22:08:39.735Z"",""locator"":{""seriesKey"":""TS_GP_PT_CPI_M.P00021516"",""observationDate"":""2025-05-31"",""row"":16,""column"":5,""columns"":{""seriesKey"":2,""date"":4,""value"":5,""unit"":6,""status"":7,""comments"":8}},""rawValue"":""3.5""}"
urban_cpi,2025-06,2025-06-30,3,Percent,not-stated,Normal,,,"{""artifactId"":""TS_GP_PT_CPI_M.P00021516:9c324b76c580034dae31410b36a6ec2b1ffef87d212fe64404658c14588757b5:d2bcb85e25c2"",""sourceKey"":""TS_GP_PT_CPI_M.P00021516"",""retrievedAt"":""2026-09-30T22:08:39.735Z"",""locator"":{""seriesKey"":""TS_GP_PT_CPI_M.P00021516"",""observationDate"":""2025-06-30"",""row"":15,""column"":5,""columns"":{""seriesKey"":2,""date"":4,""value"":5,""unit"":6,""status"":7,""comments"":8}},""rawValue"":""3""}"
urban_cpi,2025-07,2025-07-31,4.4,Percent,not-stated,Normal,,,"{""artifactId"":""TS_GP_PT_CPI_M.P00021516:9c324b76c580034dae31410b36a6ec2b1ffef87d212fe64404658c14588757b5:d2bcb85e25c2"",""sourceKey"":""TS_GP_PT_CPI_M.P00021516"",""retrievedAt"":""2026-09-30T22:08:39.735Z"",""locator"":{""seriesKey"":""TS_GP_PT_CPI_M.P00021516"",""observationDate"":""2025-07-31"",""row"":14,""column"":5,""columns"":{""seriesKey"":2,""date"":4,""value"":5,""unit"":6,""status"":7,""comments"":8}},""rawValue"":""4.4""}"
urban_cpi,2025-08,2025-08-31,3.5,Percent,not-stated,Normal,,,"{""artifactId"":""TS_GP_PT_CPI_M.P00021516:9c324b76c580034dae31410b36a6ec2b1ffef87d212fe64404658c14588757b5:d2bcb85e25c2"",""sourceKey"":""TS_GP_PT_CPI_M.P00021516"",""retrievedAt"":""2026-09-30T22:08:39.735Z"",""locator"":{""seriesKey"":""TS_GP_PT_CPI_M.P00021516"",""observationDate"":""2025-08-31"",""row"":13,""column"":5,""columns"":{""seriesKey"":2,""date"":4,""value"":5,""unit"":6,""status"":7,""comments"":8}},""rawValue"":""3.5""}"
urban_cpi,2025-09,2025-09-30,5.7,Percent,not-stated,Normal,,,"{""artifactId"":""TS_GP_PT_CPI_M.P00021516:9c324b76c580034dae31410b36a6ec2b1ffef87d212fe64404658c14588757b5:d2bcb85e25c2"",""sourceKey"":""TS_GP_PT_CPI_M.P00021516"",""retrievedAt"":""2026-09-30T22:08:39.735Z"",""locator"":{""seriesKey"":""TS_GP_PT_CPI_M.P00021516"",""observationDate"":""2025-09-30"",""row"":12,""column"":5,""columns"":{""seriesKey"":2,""date"":4,""value"":5,""unit"":6,""status"":7,""comments"":8}},""rawValue"":""5.7""}"
urban_cpi,2025-10,2025-10-31,6,Percent,not-stated,Normal,,,"{""artifactId"":""TS_GP_PT_CPI_M.P00021516:9c324b76c580034dae31410b36a6ec2b1ffef87d212fe64404658c14588757b5:d2bcb85e25c2"",""sourceKey"":""TS_GP_PT_CPI_M.P00021516"",""retrievedAt"":""2026-09-30T22:08:39.735Z"",""locator"":{""seriesKey"":""TS_GP_PT_CPI_M.P00021516"",""observationDate"":""2025-10-31"",""row"":11,""column"":5,""columns"":{""seriesKey"":2,""date"":4,""value"":5,""unit"":6,""status"":7,""comments"":8}},""rawValue"":""6""}"
urban_cpi,2025-11,2025-11-30,6.1,Percent,not-stated,Normal,,,"{""artifactId"":""TS_GP_PT_CPI_M.P00021516:9c324b76c580034dae31410b36a6ec2b1ffef87d212fe64404658c14588757b5:d2bcb85e25c2"",""sourceKey"":""TS_GP_PT_CPI_M.P00021516"",""retrievedAt"":""2026-09-30T22:08:39.735Z"",""locator"":{""seriesKey"":""TS_GP_PT_CPI_M.P00021516"",""observationDate"":""2025-11-30"",""row"":10,""column"":5,""columns"":{""seriesKey"":2,""date"":4,""value"":5,""unit"":6,""status"":7,""comments"":8}},""rawValue"":""6.1""}"
urban_cpi,2025-12,2025-12-31,5.8,Percent,not-stated,Normal,,,"{""artifactId"":""TS_GP_PT_CPI_M.P00021516:9c324b76c580034dae31410b36a6ec2b1ffef87d212fe64404658c14588757b5:d2bcb85e25c2"",""sourceKey"":""TS_GP_PT_CPI_M.P00021516"",""retrievedAt"":""2026-09-30T22:08:39.735Z"",""locator"":{""seriesKey"":""TS_GP_PT_CPI_M.P00021516"",""observationDate"":""2025-12-31"",""row"":9,""column"":5,""columns"":{""seriesKey"":2,""date"":4,""value"":5,""unit"":6,""status"":7,""comments"":8}},""rawValue"":""5.8""}"
urban_cpi,2026-01,2026-01-31,5.8,Percent,not-stated,Normal,,,"{""artifactId"":""TS_GP_PT_CPI_M.P00021516:9c324b76c580034dae31410b36a6ec2b1ffef87d212fe64404658c14588757b5:d2bcb85e25c2"",""sourceKey"":""TS_GP_PT_CPI_M.P00021516"",""retrievedAt"":""2026-09-30T22:08:39.735Z"",""locator"":{""seriesKey"":""TS_GP_PT_CPI_M.P00021516"",""observationDate"":""2026-01-31"",""row"":8,""column"":5,""columns"":{""seriesKey"":2,""date"":4,""value"":5,""unit"":6,""status"":7,""comments"":8}},""rawValue"":""5.8""}"
urban_cpi,2026-02,2026-02-28,6.8,Percent,not-stated,Normal,,,"{""artifactId"":""TS_GP_PT_CPI_M.P00021516:9c324b76c580034dae31410b36a6ec2b1ffef87d212fe64404658c14588757b5:d2bcb85e25c2"",""sourceKey"":""TS_GP_PT_CPI_M.P00021516"",""retrievedAt"":""2026-09-30T22:08:39.735Z"",""locator"":{""seriesKey"":""TS_GP_PT_CPI_M.P00021516"",""observationDate"":""2026-02-28"",""row"":7,""column"":5,""columns"":{""seriesKey"":2,""date"":4,""value"":5,""unit"":6,""status"":7,""comments"":8}},""rawValue"":""6.8""}"
urban_cpi,2026-03,2026-03-31,7.4,Percent,not-stated,Normal,,,"{""artifactId"":""TS_GP_PT_CPI_M.P00021516:9c324b76c580034dae31410b36a6ec2b1ffef87d212fe64404658c14588757b5:d2bcb85e25c2"",""sourceKey"":""TS_GP_PT_CPI_M.P00021516"",""retrievedAt"":""2026-09-30T22:08:39.735Z"",""locator"":{""seriesKey"":""TS_GP_PT_CPI_M.P00021516"",""observationDate"":""2026-03-31"",""row"":6,""column"":5,""columns"":{""seriesKey"":2,""date"":4,""value"":5,""unit"":6,""status"":7,""comments"":8}},""rawValue"":""7.4""}"
urban_cpi,2026-04,2026-04-30,11.1,Percent,not-stated,Normal,0,,"{""artifactId"":""TS_GP_PT_CPI_M.P00021516:9c324b76c580034dae31410b36a6ec2b1ffef87d212fe64404658c14588757b5:d2bcb85e25c2"",""sourceKey"":""TS_GP_PT_CPI_M.P00021516"",""retrievedAt"":""2026-09-30T22:08:39.735Z"",""locator"":{""seriesKey"":""TS_GP_PT_CPI_M.P00021516"",""observationDate"":""2026-04-30"",""row"":5,""column"":5,""columns"":{""seriesKey"":2,""date"":4,""value"":5,""unit"":6,""status"":7,""comments"":8}},""rawValue"":""11.1""}"
urban_cpi,2026-05,2026-05-31,11.8,Percent,not-stated,Normal,,,"{""artifactId"":""TS_GP_PT_CPI_M.P00021516:9c324b76c580034dae31410b36a6ec2b1ffef87d212fe64404658c14588757b5:d2bcb85e25c2"",""sourceKey"":""TS_GP_PT_CPI_M.P00021516"",""retrievedAt"":""2026-09-30T22:08:39.735Z"",""locator"":{""seriesKey"":""TS_GP_PT_CPI_M.P00021516"",""observationDate"":""2026-05-31"",""row"":4,""column"":5,""columns"":{""seriesKey"":2,""date"":4,""value"":5,""unit"":6,""status"":7,""comments"":8}},""rawValue"":""11.8""}"
urban_cpi,2026-06,2026-06-30,11.2,Percent,not-stated,Normal,,,"{""artifactId"":""TS_GP_PT_CPI_M.P00021516:9c324b76c580034dae31410b36a6ec2b1ffef87d212fe64404658c14588757b5:d2bcb85e25c2"",""sourceKey"":""TS_GP_PT_CPI_M.P00021516"",""retrievedAt"":""2026-09-30T22:08:39.735Z"",""locator"":{""seriesKey"":""TS_GP_PT_CPI_M.P00021516"",""observationDate"":""2026-06-30"",""row"":3,""column"":5,""columns"":{""seriesKey"":2,""date"":4,""value"":5,""unit"":6,""status"":7,""comments"":8}},""rawValue"":""11.2""}"
urban_cpi,2026-07,2026-07-31,8.7,Percent,not-stated,Normal,,,"{""artifactId"":""TS_GP_PT_CPI_M.P00021516:9c324b76c580034dae31410b36a6ec2b1ffef87d212fe64404658c14588757b5:d2bcb85e25c2"",""sourceKey"":""TS_GP_PT_CPI_M.P00021516"",""retrievedAt"":""2026-09-30T22:08:39.735Z"",""locator"":{""seriesKey"":""TS_GP_PT_CPI_M.P00021516"",""observationDate"":""2026-07-31"",""row"":2,""column"":5,""columns"":{""seriesKey"":2,""date"":4,""value"":5,""unit"":6,""status"":7,""comments"":8}},""rawValue"":""8.7""}"
urban_cpi,2026-08,2026-08-31,10.4,Percent,not-stated,Normal,,,"{""artifactId"":""TS_GP_PT_CPI_M.P00021516:9c324b76c580034dae31410b36a6ec2b1ffef87d212fe64404658c14588757b5:d2bcb85e25c2"",""sourceKey"":""TS_GP_PT_CPI_M.P00021516"",""retrievedAt"":""2026-09-30T22:08:39.735Z"",""locator"":{""seriesKey"":""TS_GP_PT_CPI_M.P00021516"",""observationDate"":""2026-08-31"",""row"":1,""column"":5,""columns"":{""seriesKey"":2,""date"":4,""value"":5,""unit"":6,""status"":7,""comments"":8}},""rawValue"":""10.4""}"
rural_cpi,2021-09,2021-09-30,8.766396674,Percent,not-stated,Normal,,,"{""artifactId"":""TS_GP_PT_CPI_M.P00031516:4480eca12117977e3612d0a4d5ad6462679e21d65190ff1292d555a84fb11177:84567020066f"",""sourceKey"":""TS_GP_PT_CPI_M.P00031516"",""retrievedAt"":""2026-09-30T22:08:40.201Z"",""locator"":{""seriesKey"":""TS_GP_PT_CPI_M.P00031516"",""observationDate"":""2021-09-30"",""row"":60,""column"":5,""columns"":{""seriesKey"":2,""date"":4,""value"":5,""unit"":6,""status"":7,""comments"":8}},""rawValue"":""8.766396674""}"
rural_cpi,2021-10,2021-10-31,8.7,Percent,not-stated,Normal,,,"{""artifactId"":""TS_GP_PT_CPI_M.P00031516:4480eca12117977e3612d0a4d5ad6462679e21d65190ff1292d555a84fb11177:84567020066f"",""sourceKey"":""TS_GP_PT_CPI_M.P00031516"",""retrievedAt"":""2026-09-30T22:08:40.201Z"",""locator"":{""seriesKey"":""TS_GP_PT_CPI_M.P00031516"",""observationDate"":""2021-10-31"",""row"":59,""column"":5,""columns"":{""seriesKey"":2,""date"":4,""value"":5,""unit"":6,""status"":7,""comments"":8}},""rawValue"":""8.7""}"
rural_cpi,2021-11,2021-11-30,10.9,Percent,not-stated,Normal,,,"{""artifactId"":""TS_GP_PT_CPI_M.P00031516:4480eca12117977e3612d0a4d5ad6462679e21d65190ff1292d555a84fb11177:84567020066f"",""sourceKey"":""TS_GP_PT_CPI_M.P00031516"",""retrievedAt"":""2026-09-30T22:08:40.201Z"",""locator"":{""seriesKey"":""TS_GP_PT_CPI_M.P00031516"",""observationDate"":""2021-11-30"",""row"":58,""column"":5,""columns"":{""seriesKey"":2,""date"":4,""value"":5,""unit"":6,""status"":7,""comments"":8}},""rawValue"":""10.9""}"
rural_cpi,2021-12,2021-12-31,11.60883281,Percent,not-stated,Normal,,,"{""artifactId"":""TS_GP_PT_CPI_M.P00031516:4480eca12117977e3612d0a4d5ad6462679e21d65190ff1292d555a84fb11177:84567020066f"",""sourceKey"":""TS_GP_PT_CPI_M.P00031516"",""retrievedAt"":""2026-09-30T22:08:40.201Z"",""locator"":{""seriesKey"":""TS_GP_PT_CPI_M.P00031516"",""observationDate"":""2021-12-31"",""row"":57,""column"":5,""columns"":{""seriesKey"":2,""date"":4,""value"":5,""unit"":6,""status"":7,""comments"":8}},""rawValue"":""11.60883281""}"
rural_cpi,2022-01,2022-01-31,12.92976165,Percent,not-stated,Normal,,,"{""artifactId"":""TS_GP_PT_CPI_M.P00031516:4480eca12117977e3612d0a4d5ad6462679e21d65190ff1292d555a84fb11177:84567020066f"",""sourceKey"":""TS_GP_PT_CPI_M.P00031516"",""retrievedAt"":""2026-09-30T22:08:40.201Z"",""locator"":{""seriesKey"":""TS_GP_PT_CPI_M.P00031516"",""observationDate"":""2022-01-31"",""row"":56,""column"":5,""columns"":{""seriesKey"":2,""date"":4,""value"":5,""unit"":6,""status"":7,""comments"":8}},""rawValue"":""12.92976165""}"
rural_cpi,2022-02,2022-02-28,13.32916145,Percent,not-stated,Normal,,,"{""artifactId"":""TS_GP_PT_CPI_M.P00031516:4480eca12117977e3612d0a4d5ad6462679e21d65190ff1292d555a84fb11177:84567020066f"",""sourceKey"":""TS_GP_PT_CPI_M.P00031516"",""retrievedAt"":""2026-09-30T22:08:40.201Z"",""locator"":{""seriesKey"":""TS_GP_PT_CPI_M.P00031516"",""observationDate"":""2022-02-28"",""row"":55,""column"":5,""columns"":{""seriesKey"":2,""date"":4,""value"":5,""unit"":6,""status"":7,""comments"":8}},""rawValue"":""13.32916145""}"
rural_cpi,2022-03,2022-03-31,13.9,Percent,not-stated,Normal,,,"{""artifactId"":""TS_GP_PT_CPI_M.P00031516:4480eca12117977e3612d0a4d5ad6462679e21d65190ff1292d555a84fb11177:84567020066f"",""sourceKey"":""TS_GP_PT_CPI_M.P00031516"",""retrievedAt"":""2026-09-30T22:08:40.201Z"",""locator"":{""seriesKey"":""TS_GP_PT_CPI_M.P00031516"",""observationDate"":""2022-03-31"",""row"":54,""column"":5,""columns"":{""seriesKey"":2,""date"":4,""value"":5,""unit"":6,""status"":7,""comments"":8}},""rawValue"":""13.9""}"
rural_cpi,2022-04,2022-04-30,15.09252253,Percent,not-stated,Normal,,,"{""artifactId"":""TS_GP_PT_CPI_M.P00031516:4480eca12117977e3612d0a4d5ad6462679e21d65190ff1292d555a84fb11177:84567020066f"",""sourceKey"":""TS_GP_PT_CPI_M.P00031516"",""retrievedAt"":""2026-09-30T22:08:40.201Z"",""locator"":{""seriesKey"":""TS_GP_PT_CPI_M.P00031516"",""observationDate"":""2022-04-30"",""row"":53,""column"":5,""columns"":{""seriesKey"":2,""date"":4,""value"":5,""unit"":6,""status"":7,""comments"":8}},""rawValue"":""15.09252253""}"
rural_cpi,2022-05,2022-05-31,15.9,Percent,not-stated,Normal,,,"{""artifactId"":""TS_GP_PT_CPI_M.P00031516:4480eca12117977e3612d0a4d5ad6462679e21d65190ff1292d555a84fb11177:84567020066f"",""sourceKey"":""TS_GP_PT_CPI_M.P00031516"",""retrievedAt"":""2026-09-30T22:08:40.201Z"",""locator"":{""seriesKey"":""TS_GP_PT_CPI_M.P00031516"",""observationDate"":""2022-05-31"",""row"":52,""column"":5,""columns"":{""seriesKey"":2,""date"":4,""value"":5,""unit"":6,""status"":7,""comments"":8}},""rawValue"":""15.9""}"
rural_cpi,2022-06,2022-06-30,23.6,Percent,not-stated,Normal,,,"{""artifactId"":""TS_GP_PT_CPI_M.P00031516:4480eca12117977e3612d0a4d5ad6462679e21d65190ff1292d555a84fb11177:84567020066f"",""sourceKey"":""TS_GP_PT_CPI_M.P00031516"",""retrievedAt"":""2026-09-30T22:08:40.201Z"",""locator"":{""seriesKey"":""TS_GP_PT_CPI_M.P00031516"",""observationDate"":""2022-06-30"",""row"":51,""column"":5,""columns"":{""seriesKey"":2,""date"":4,""value"":5,""unit"":6,""status"":7,""comments"":8}},""rawValue"":""23.6""}"
rural_cpi,2022-07,2022-07-31,26.9,Percent,not-stated,Normal,,,"{""artifactId"":""TS_GP_PT_CPI_M.P00031516:4480eca12117977e3612d0a4d5ad6462679e21d65190ff1292d555a84fb11177:84567020066f"",""sourceKey"":""TS_GP_PT_CPI_M.P00031516"",""retrievedAt"":""2026-09-30T22:08:40.201Z"",""locator"":{""seriesKey"":""TS_GP_PT_CPI_M.P00031516"",""observationDate"":""2022-07-31"",""row"":50,""column"":5,""columns"":{""seriesKey"":2,""date"":4,""value"":5,""unit"":6,""status"":7,""comments"":8}},""rawValue"":""26.9""}"
rural_cpi,2022-08,2022-08-31,28.8,Percent,not-stated,Normal,,,"{""artifactId"":""TS_GP_PT_CPI_M.P00031516:4480eca12117977e3612d0a4d5ad6462679e21d65190ff1292d555a84fb11177:84567020066f"",""sourceKey"":""TS_GP_PT_CPI_M.P00031516"",""retrievedAt"":""2026-09-30T22:08:40.201Z"",""locator"":{""seriesKey"":""TS_GP_PT_CPI_M.P00031516"",""observationDate"":""2022-08-31"",""row"":49,""column"":5,""columns"":{""seriesKey"":2,""date"":4,""value"":5,""unit"":6,""status"":7,""comments"":8}},""rawValue"":""28.8""}"
rural_cpi,2022-09,2022-09-30,26.1,Percent,not-stated,Normal,,,"{""artifactId"":""TS_GP_PT_CPI_M.P00031516:4480eca12117977e3612d0a4d5ad6462679e21d65190ff1292d555a84fb11177:84567020066f"",""sourceKey"":""TS_GP_PT_CPI_M.P00031516"",""retrievedAt"":""2026-09-30T22:08:40.201Z"",""locator"":{""seriesKey"":""TS_GP_PT_CPI_M.P00031516"",""observationDate"":""2022-09-30"",""row"":48,""column"":5,""columns"":{""seriesKey"":2,""date"":4,""value"":5,""unit"":6,""status"":7,""comments"":8}},""rawValue"":""26.1""}"
rural_cpi,2022-10,2022-10-31,29.5,Percent,not-stated,Normal,,,"{""artifactId"":""TS_GP_PT_CPI_M.P00031516:4480eca12117977e3612d0a4d5ad6462679e21d65190ff1292d555a84fb11177:84567020066f"",""sourceKey"":""TS_GP_PT_CPI_M.P00031516"",""retrievedAt"":""2026-09-30T22:08:40.201Z"",""locator"":{""seriesKey"":""TS_GP_PT_CPI_M.P00031516"",""observationDate"":""2022-10-31"",""row"":47,""column"":5,""columns"":{""seriesKey"":2,""date"":4,""value"":5,""unit"":6,""status"":7,""comments"":8}},""rawValue"":""29.5""}"
rural_cpi,2022-11,2022-11-30,27.2,Percent,not-stated,Normal,,,"{""artifactId"":""TS_GP_PT_CPI_M.P00031516:4480eca12117977e3612d0a4d5ad6462679e21d65190ff1292d555a84fb11177:84567020066f"",""sourceKey"":""TS_GP_PT_CPI_M.P00031516"",""retrievedAt"":""2026-09-30T22:08:40.201Z"",""locator"":{""seriesKey"":""TS_GP_PT_CPI_M.P00031516"",""observationDate"":""2022-11-30"",""row"":46,""column"":5,""columns"":{""seriesKey"":2,""date"":4,""value"":5,""unit"":6,""status"":7,""comments"":8}},""rawValue"":""27.2""}"
rural_cpi,2022-12,2022-12-31,28.8,Percent,not-stated,Normal,,,"{""artifactId"":""TS_GP_PT_CPI_M.P00031516:4480eca12117977e3612d0a4d5ad6462679e21d65190ff1292d555a84fb11177:84567020066f"",""sourceKey"":""TS_GP_PT_CPI_M.P00031516"",""retrievedAt"":""2026-09-30T22:08:40.201Z"",""locator"":{""seriesKey"":""TS_GP_PT_CPI_M.P00031516"",""observationDate"":""2022-12-31"",""row"":45,""column"":5,""columns"":{""seriesKey"":2,""date"":4,""value"":5,""unit"":6,""status"":7,""comments"":8}},""rawValue"":""28.8""}"
rural_cpi,2023-01,2023-01-31,32.3,Percent,not-stated,Normal,,,"{""artifactId"":""TS_GP_PT_CPI_M.P00031516:4480eca12117977e3612d0a4d5ad6462679e21d65190ff1292d555a84fb11177:84567020066f"",""sourceKey"":""TS_GP_PT_CPI_M.P00031516"",""retrievedAt"":""2026-09-30T22:08:40.201Z"",""locator"":{""seriesKey"":""TS_GP_PT_CPI_M.P00031516"",""observationDate"":""2023-01-31"",""row"":44,""column"":5,""columns"":{""seriesKey"":2,""date"":4,""value"":5,""unit"":6,""status"":7,""comments"":8}},""rawValue"":""32.3""}"
rural_cpi,2023-02,2023-02-28,35.6,Percent,not-stated,Normal,,,"{""artifactId"":""TS_GP_PT_CPI_M.P00031516:4480eca12117977e3612d0a4d5ad6462679e21d65190ff1292d555a84fb11177:84567020066f"",""sourceKey"":""TS_GP_PT_CPI_M.P00031516"",""retrievedAt"":""2026-09-30T22:08:40.201Z"",""locator"":{""seriesKey"":""TS_GP_PT_CPI_M.P00031516"",""observationDate"":""2023-02-28"",""row"":43,""column"":5,""columns"":{""seriesKey"":2,""date"":4,""value"":5,""unit"":6,""status"":7,""comments"":8}},""rawValue"":""35.6""}"
rural_cpi,2023-03,2023-03-31,38.9,Percent,not-stated,Normal,,,"{""artifactId"":""TS_GP_PT_CPI_M.P00031516:4480eca12117977e3612d0a4d5ad6462679e21d65190ff1292d555a84fb11177:84567020066f"",""sourceKey"":""TS_GP_PT_CPI_M.P00031516"",""retrievedAt"":""2026-09-30T22:08:40.201Z"",""locator"":{""seriesKey"":""TS_GP_PT_CPI_M.P00031516"",""observationDate"":""2023-03-31"",""row"":42,""column"":5,""columns"":{""seriesKey"":2,""date"":4,""value"":5,""unit"":6,""status"":7,""comments"":8}},""rawValue"":""38.9""}"
rural_cpi,2023-04,2023-04-30,40.7,Percent,not-stated,Normal,,,"{""artifactId"":""TS_GP_PT_CPI_M.P00031516:4480eca12117977e3612d0a4d5ad6462679e21d65190ff1292d555a84fb11177:84567020066f"",""sourceKey"":""TS_GP_PT_CPI_M.P00031516"",""retrievedAt"":""2026-09-30T22:08:40.201Z"",""locator"":{""seriesKey"":""TS_GP_PT_CPI_M.P00031516"",""observationDate"":""2023-04-30"",""row"":41,""column"":5,""columns"":{""seriesKey"":2,""date"":4,""value"":5,""unit"":6,""status"":7,""comments"":8}},""rawValue"":""40.7""}"
rural_cpi,2023-05,2023-05-31,42.2,Percent,not-stated,Normal,,,"{""artifactId"":""TS_GP_PT_CPI_M.P00031516:4480eca12117977e3612d0a4d5ad6462679e21d65190ff1292d555a84fb11177:84567020066f"",""sourceKey"":""TS_GP_PT_CPI_M.P00031516"",""retrievedAt"":""2026-09-30T22:08:40.201Z"",""locator"":{""seriesKey"":""TS_GP_PT_CPI_M.P00031516"",""observationDate"":""2023-05-31"",""row"":40,""column"":5,""columns"":{""seriesKey"":2,""date"":4,""value"":5,""unit"":6,""status"":7,""comments"":8}},""rawValue"":""42.2""}"
rural_cpi,2023-06,2023-06-30,32.4,Percent,not-stated,Normal,,,"{""artifactId"":""TS_GP_PT_CPI_M.P00031516:4480eca12117977e3612d0a4d5ad6462679e21d65190ff1292d555a84fb11177:84567020066f"",""sourceKey"":""TS_GP_PT_CPI_M.P00031516"",""retrievedAt"":""2026-09-30T22:08:40.201Z"",""locator"":{""seriesKey"":""TS_GP_PT_CPI_M.P00031516"",""observationDate"":""2023-06-30"",""row"":39,""column"":5,""columns"":{""seriesKey"":2,""date"":4,""value"":5,""unit"":6,""status"":7,""comments"":8}},""rawValue"":""32.4""}"
rural_cpi,2023-07,2023-07-31,31.3,Percent,not-stated,Normal,,,"{""artifactId"":""TS_GP_PT_CPI_M.P00031516:4480eca12117977e3612d0a4d5ad6462679e21d65190ff1292d555a84fb11177:84567020066f"",""sourceKey"":""TS_GP_PT_CPI_M.P00031516"",""retrievedAt"":""2026-09-30T22:08:40.201Z"",""locator"":{""seriesKey"":""TS_GP_PT_CPI_M.P00031516"",""observationDate"":""2023-07-31"",""row"":38,""column"":5,""columns"":{""seriesKey"":2,""date"":4,""value"":5,""unit"":6,""status"":7,""comments"":8}},""rawValue"":""31.3""}"
rural_cpi,2023-08,2023-08-31,30.9,Percent,not-stated,Normal,,,"{""artifactId"":""TS_GP_PT_CPI_M.P00031516:4480eca12117977e3612d0a4d5ad6462679e21d65190ff1292d555a84fb11177:84567020066f"",""sourceKey"":""TS_GP_PT_CPI_M.P00031516"",""retrievedAt"":""2026-09-30T22:08:40.201Z"",""locator"":{""seriesKey"":""TS_GP_PT_CPI_M.P00031516"",""observationDate"":""2023-08-31"",""row"":37,""column"":5,""columns"":{""seriesKey"":2,""date"":4,""value"":5,""unit"":6,""status"":7,""comments"":8}},""rawValue"":""30.9""}"
rural_cpi,2023-09,2023-09-30,33.9,Percent,not-stated,Normal,,,"{""artifactId"":""TS_GP_PT_CPI_M.P00031516:4480eca12117977e3612d0a4d5ad6462679e21d65190ff1292d555a84fb11177:84567020066f"",""sourceKey"":""TS_GP_PT_CPI_M.P00031516"",""retrievedAt"":""2026-09-30T22:08:40.201Z"",""locator"":{""seriesKey"":""TS_GP_PT_CPI_M.P00031516"",""observationDate"":""2023-09-30"",""row"":36,""column"":5,""columns"":{""seriesKey"":2,""date"":4,""value"":5,""unit"":6,""status"":7,""comments"":8}},""rawValue"":""33.9""}"
rural_cpi,2023-10,2023-10-31,28.7,Percent,not-stated,Normal,,,"{""artifactId"":""TS_GP_PT_CPI_M.P00031516:4480eca12117977e3612d0a4d5ad6462679e21d65190ff1292d555a84fb11177:84567020066f"",""sourceKey"":""TS_GP_PT_CPI_M.P00031516"",""retrievedAt"":""2026-09-30T22:08:40.201Z"",""locator"":{""seriesKey"":""TS_GP_PT_CPI_M.P00031516"",""observationDate"":""2023-10-31"",""row"":35,""column"":5,""columns"":{""seriesKey"":2,""date"":4,""value"":5,""unit"":6,""status"":7,""comments"":8}},""rawValue"":""28.7""}"
rural_cpi,2023-11,2023-11-30,27.5,Percent,not-stated,Normal,,,"{""artifactId"":""TS_GP_PT_CPI_M.P00031516:4480eca12117977e3612d0a4d5ad6462679e21d65190ff1292d555a84fb11177:84567020066f"",""sourceKey"":""TS_GP_PT_CPI_M.P00031516"",""retrievedAt"":""2026-09-30T22:08:40.201Z"",""locator"":{""seriesKey"":""TS_GP_PT_CPI_M.P00031516"",""observationDate"":""2023-11-30"",""row"":34,""column"":5,""columns"":{""seriesKey"":2,""date"":4,""value"":5,""unit"":6,""status"":7,""comments"":8}},""rawValue"":""27.5""}"
rural_cpi,2023-12,2023-12-31,27.9,Percent,not-stated,Normal,,,"{""artifactId"":""TS_GP_PT_CPI_M.P00031516:4480eca12117977e3612d0a4d5ad6462679e21d65190ff1292d555a84fb11177:84567020066f"",""sourceKey"":""TS_GP_PT_CPI_M.P00031516"",""retrievedAt"":""2026-09-30T22:08:40.201Z"",""locator"":{""seriesKey"":""TS_GP_PT_CPI_M.P00031516"",""observationDate"":""2023-12-31"",""row"":33,""column"":5,""columns"":{""seriesKey"":2,""date"":4,""value"":5,""unit"":6,""status"":7,""comments"":8}},""rawValue"":""27.9""}"
rural_cpi,2024-01,2024-01-31,25.7,Percent,not-stated,Normal,,,"{""artifactId"":""TS_GP_PT_CPI_M.P00031516:4480eca12117977e3612d0a4d5ad6462679e21d65190ff1292d555a84fb11177:84567020066f"",""sourceKey"":""TS_GP_PT_CPI_M.P00031516"",""retrievedAt"":""2026-09-30T22:08:40.201Z"",""locator"":{""seriesKey"":""TS_GP_PT_CPI_M.P00031516"",""observationDate"":""2024-01-31"",""row"":32,""column"":5,""columns"":{""seriesKey"":2,""date"":4,""value"":5,""unit"":6,""status"":7,""comments"":8}},""rawValue"":""25.7""}"
rural_cpi,2024-02,2024-02-29,20.5,Percent,not-stated,Normal,,,"{""artifactId"":""TS_GP_PT_CPI_M.P00031516:4480eca12117977e3612d0a4d5ad6462679e21d65190ff1292d555a84fb11177:84567020066f"",""sourceKey"":""TS_GP_PT_CPI_M.P00031516"",""retrievedAt"":""2026-09-30T22:08:40.201Z"",""locator"":{""seriesKey"":""TS_GP_PT_CPI_M.P00031516"",""observationDate"":""2024-02-29"",""row"":31,""column"":5,""columns"":{""seriesKey"":2,""date"":4,""value"":5,""unit"":6,""status"":7,""comments"":8}},""rawValue"":""20.5""}"
rural_cpi,2024-03,2024-03-31,19,Percent,not-stated,Normal,,,"{""artifactId"":""TS_GP_PT_CPI_M.P00031516:4480eca12117977e3612d0a4d5ad6462679e21d65190ff1292d555a84fb11177:84567020066f"",""sourceKey"":""TS_GP_PT_CPI_M.P00031516"",""retrievedAt"":""2026-09-30T22:08:40.201Z"",""locator"":{""seriesKey"":""TS_GP_PT_CPI_M.P00031516"",""observationDate"":""2024-03-31"",""row"":30,""column"":5,""columns"":{""seriesKey"":2,""date"":4,""value"":5,""unit"":6,""status"":7,""comments"":8}},""rawValue"":""19""}"
rural_cpi,2024-04,2024-04-30,14.5,Percent,not-stated,Normal,,,"{""artifactId"":""TS_GP_PT_CPI_M.P00031516:4480eca12117977e3612d0a4d5ad6462679e21d65190ff1292d555a84fb11177:84567020066f"",""sourceKey"":""TS_GP_PT_CPI_M.P00031516"",""retrievedAt"":""2026-09-30T22:08:40.201Z"",""locator"":{""seriesKey"":""TS_GP_PT_CPI_M.P00031516"",""observationDate"":""2024-04-30"",""row"":29,""column"":5,""columns"":{""seriesKey"":2,""date"":4,""value"":5,""unit"":6,""status"":7,""comments"":8}},""rawValue"":""14.5""}"
rural_cpi,2024-05,2024-05-31,8.2,Percent,not-stated,Normal,,,"{""artifactId"":""TS_GP_PT_CPI_M.P00031516:4480eca12117977e3612d0a4d5ad6462679e21d65190ff1292d555a84fb11177:84567020066f"",""sourceKey"":""TS_GP_PT_CPI_M.P00031516"",""retrievedAt"":""2026-09-30T22:08:40.201Z"",""locator"":{""seriesKey"":""TS_GP_PT_CPI_M.P00031516"",""observationDate"":""2024-05-31"",""row"":28,""column"":5,""columns"":{""seriesKey"":2,""date"":4,""value"":5,""unit"":6,""status"":7,""comments"":8}},""rawValue"":""8.2""}"
rural_cpi,2024-06,2024-06-30,9.3,Percent,not-stated,Normal,,,"{""artifactId"":""TS_GP_PT_CPI_M.P00031516:4480eca12117977e3612d0a4d5ad6462679e21d65190ff1292d555a84fb11177:84567020066f"",""sourceKey"":""TS_GP_PT_CPI_M.P00031516"",""retrievedAt"":""2026-09-30T22:08:40.201Z"",""locator"":{""seriesKey"":""TS_GP_PT_CPI_M.P00031516"",""observationDate"":""2024-06-30"",""row"":27,""column"":5,""columns"":{""seriesKey"":2,""date"":4,""value"":5,""unit"":6,""status"":7,""comments"":8}},""rawValue"":""9.3""}"
rural_cpi,2024-07,2024-07-31,8.1,Percent,not-stated,Normal,,,"{""artifactId"":""TS_GP_PT_CPI_M.P00031516:4480eca12117977e3612d0a4d5ad6462679e21d65190ff1292d555a84fb11177:84567020066f"",""sourceKey"":""TS_GP_PT_CPI_M.P00031516"",""retrievedAt"":""2026-09-30T22:08:40.201Z"",""locator"":{""seriesKey"":""TS_GP_PT_CPI_M.P00031516"",""observationDate"":""2024-07-31"",""row"":26,""column"":5,""columns"":{""seriesKey"":2,""date"":4,""value"":5,""unit"":6,""status"":7,""comments"":8}},""rawValue"":""8.1""}"
rural_cpi,2024-08,2024-08-31,6.7,Percent,not-stated,Normal,,,"{""artifactId"":""TS_GP_PT_CPI_M.P00031516:4480eca12117977e3612d0a4d5ad6462679e21d65190ff1292d555a84fb11177:84567020066f"",""sourceKey"":""TS_GP_PT_CPI_M.P00031516"",""retrievedAt"":""2026-09-30T22:08:40.201Z"",""locator"":{""seriesKey"":""TS_GP_PT_CPI_M.P00031516"",""observationDate"":""2024-08-31"",""row"":25,""column"":5,""columns"":{""seriesKey"":2,""date"":4,""value"":5,""unit"":6,""status"":7,""comments"":8}},""rawValue"":""6.7""}"
rural_cpi,2024-09,2024-09-30,3.6,Percent,not-stated,Normal,,,"{""artifactId"":""TS_GP_PT_CPI_M.P00031516:4480eca12117977e3612d0a4d5ad6462679e21d65190ff1292d555a84fb11177:84567020066f"",""sourceKey"":""TS_GP_PT_CPI_M.P00031516"",""retrievedAt"":""2026-09-30T22:08:40.201Z"",""locator"":{""seriesKey"":""TS_GP_PT_CPI_M.P00031516"",""observationDate"":""2024-09-30"",""row"":24,""column"":5,""columns"":{""seriesKey"":2,""date"":4,""value"":5,""unit"":6,""status"":7,""comments"":8}},""rawValue"":""3.6""}"
rural_cpi,2024-10,2024-10-31,4.2,Percent,not-stated,Normal,,,"{""artifactId"":""TS_GP_PT_CPI_M.P00031516:4480eca12117977e3612d0a4d5ad6462679e21d65190ff1292d555a84fb11177:84567020066f"",""sourceKey"":""TS_GP_PT_CPI_M.P00031516"",""retrievedAt"":""2026-09-30T22:08:40.201Z"",""locator"":{""seriesKey"":""TS_GP_PT_CPI_M.P00031516"",""observationDate"":""2024-10-31"",""row"":23,""column"":5,""columns"":{""seriesKey"":2,""date"":4,""value"":5,""unit"":6,""status"":7,""comments"":8}},""rawValue"":""4.2""}"
rural_cpi,2024-11,2024-11-30,4.3,Percent,not-stated,Normal,,,"{""artifactId"":""TS_GP_PT_CPI_M.P00031516:4480eca12117977e3612d0a4d5ad6462679e21d65190ff1292d555a84fb11177:84567020066f"",""sourceKey"":""TS_GP_PT_CPI_M.P00031516"",""retrievedAt"":""2026-09-30T22:08:40.201Z"",""locator"":{""seriesKey"":""TS_GP_PT_CPI_M.P00031516"",""observationDate"":""2024-11-30"",""row"":22,""column"":5,""columns"":{""seriesKey"":2,""date"":4,""value"":5,""unit"":6,""status"":7,""comments"":8}},""rawValue"":""4.3""}"
rural_cpi,2024-12,2024-12-31,3.6,Percent,not-stated,Normal,,,"{""artifactId"":""TS_GP_PT_CPI_M.P00031516:4480eca12117977e3612d0a4d5ad6462679e21d65190ff1292d555a84fb11177:84567020066f"",""sourceKey"":""TS_GP_PT_CPI_M.P00031516"",""retrievedAt"":""2026-09-30T22:08:40.201Z"",""locator"":{""seriesKey"":""TS_GP_PT_CPI_M.P00031516"",""observationDate"":""2024-12-31"",""row"":21,""column"":5,""columns"":{""seriesKey"":2,""date"":4,""value"":5,""unit"":6,""status"":7,""comments"":8}},""rawValue"":""3.6""}"
rural_cpi,2025-01,2025-01-31,1.9,Percent,not-stated,Normal,,,"{""artifactId"":""TS_GP_PT_CPI_M.P00031516:4480eca12117977e3612d0a4d5ad6462679e21d65190ff1292d555a84fb11177:84567020066f"",""sourceKey"":""TS_GP_PT_CPI_M.P00031516"",""retrievedAt"":""2026-09-30T22:08:40.201Z"",""locator"":{""seriesKey"":""TS_GP_PT_CPI_M.P00031516"",""observationDate"":""2025-01-31"",""row"":20,""column"":5,""columns"":{""seriesKey"":2,""date"":4,""value"":5,""unit"":6,""status"":7,""comments"":8}},""rawValue"":""1.9""}"
rural_cpi,2025-02,2025-02-28,1.1,Percent,not-stated,Normal,,,"{""artifactId"":""TS_GP_PT_CPI_M.P00031516:4480eca12117977e3612d0a4d5ad6462679e21d65190ff1292d555a84fb11177:84567020066f"",""sourceKey"":""TS_GP_PT_CPI_M.P00031516"",""retrievedAt"":""2026-09-30T22:08:40.201Z"",""locator"":{""seriesKey"":""TS_GP_PT_CPI_M.P00031516"",""observationDate"":""2025-02-28"",""row"":19,""column"":5,""columns"":{""seriesKey"":2,""date"":4,""value"":5,""unit"":6,""status"":7,""comments"":8}},""rawValue"":""1.1""}"
rural_cpi,2025-03,2025-03-31,0.02,Percent,not-stated,Normal,,,"{""artifactId"":""TS_GP_PT_CPI_M.P00031516:4480eca12117977e3612d0a4d5ad6462679e21d65190ff1292d555a84fb11177:84567020066f"",""sourceKey"":""TS_GP_PT_CPI_M.P00031516"",""retrievedAt"":""2026-09-30T22:08:40.201Z"",""locator"":{""seriesKey"":""TS_GP_PT_CPI_M.P00031516"",""observationDate"":""2025-03-31"",""row"":18,""column"":5,""columns"":{""seriesKey"":2,""date"":4,""value"":5,""unit"":6,""status"":7,""comments"":8}},""rawValue"":"".02""}"
rural_cpi,2025-04,2025-04-30,-0.1,Percent,not-stated,Normal,,,"{""artifactId"":""TS_GP_PT_CPI_M.P00031516:4480eca12117977e3612d0a4d5ad6462679e21d65190ff1292d555a84fb11177:84567020066f"",""sourceKey"":""TS_GP_PT_CPI_M.P00031516"",""retrievedAt"":""2026-09-30T22:08:40.201Z"",""locator"":{""seriesKey"":""TS_GP_PT_CPI_M.P00031516"",""observationDate"":""2025-04-30"",""row"":17,""column"":5,""columns"":{""seriesKey"":2,""date"":4,""value"":5,""unit"":6,""status"":7,""comments"":8}},""rawValue"":""-.1""}"
rural_cpi,2025-05,2025-05-31,3.4,Percent,not-stated,Normal,,,"{""artifactId"":""TS_GP_PT_CPI_M.P00031516:4480eca12117977e3612d0a4d5ad6462679e21d65190ff1292d555a84fb11177:84567020066f"",""sourceKey"":""TS_GP_PT_CPI_M.P00031516"",""retrievedAt"":""2026-09-30T22:08:40.201Z"",""locator"":{""seriesKey"":""TS_GP_PT_CPI_M.P00031516"",""observationDate"":""2025-05-31"",""row"":16,""column"":5,""columns"":{""seriesKey"":2,""date"":4,""value"":5,""unit"":6,""status"":7,""comments"":8}},""rawValue"":""3.4""}"
rural_cpi,2025-06,2025-06-30,3.6,Percent,not-stated,Normal,,,"{""artifactId"":""TS_GP_PT_CPI_M.P00031516:4480eca12117977e3612d0a4d5ad6462679e21d65190ff1292d555a84fb11177:84567020066f"",""sourceKey"":""TS_GP_PT_CPI_M.P00031516"",""retrievedAt"":""2026-09-30T22:08:40.201Z"",""locator"":{""seriesKey"":""TS_GP_PT_CPI_M.P00031516"",""observationDate"":""2025-06-30"",""row"":15,""column"":5,""columns"":{""seriesKey"":2,""date"":4,""value"":5,""unit"":6,""status"":7,""comments"":8}},""rawValue"":""3.6""}"
rural_cpi,2025-07,2025-07-31,3.5,Percent,not-stated,Normal,,,"{""artifactId"":""TS_GP_PT_CPI_M.P00031516:4480eca12117977e3612d0a4d5ad6462679e21d65190ff1292d555a84fb11177:84567020066f"",""sourceKey"":""TS_GP_PT_CPI_M.P00031516"",""retrievedAt"":""2026-09-30T22:08:40.201Z"",""locator"":{""seriesKey"":""TS_GP_PT_CPI_M.P00031516"",""observationDate"":""2025-07-31"",""row"":14,""column"":5,""columns"":{""seriesKey"":2,""date"":4,""value"":5,""unit"":6,""status"":7,""comments"":8}},""rawValue"":""3.5""}"
rural_cpi,2025-08,2025-08-31,2.5,Percent,not-stated,Normal,,,"{""artifactId"":""TS_GP_PT_CPI_M.P00031516:4480eca12117977e3612d0a4d5ad6462679e21d65190ff1292d555a84fb11177:84567020066f"",""sourceKey"":""TS_GP_PT_CPI_M.P00031516"",""retrievedAt"":""2026-09-30T22:08:40.201Z"",""locator"":{""seriesKey"":""TS_GP_PT_CPI_M.P00031516"",""observationDate"":""2025-08-31"",""row"":13,""column"":5,""columns"":{""seriesKey"":2,""date"":4,""value"":5,""unit"":6,""status"":7,""comments"":8}},""rawValue"":""2.5""}"
rural_cpi,2025-09,2025-09-30,5.9,Percent,not-stated,Normal,,,"{""artifactId"":""TS_GP_PT_CPI_M.P00031516:4480eca12117977e3612d0a4d5ad6462679e21d65190ff1292d555a84fb11177:84567020066f"",""sourceKey"":""TS_GP_PT_CPI_M.P00031516"",""retrievedAt"":""2026-09-30T22:08:40.201Z"",""locator"":{""seriesKey"":""TS_GP_PT_CPI_M.P00031516"",""observationDate"":""2025-09-30"",""row"":12,""column"":5,""columns"":{""seriesKey"":2,""date"":4,""value"":5,""unit"":6,""status"":7,""comments"":8}},""rawValue"":""5.9""}"
rural_cpi,2025-10,2025-10-31,6.6,Percent,not-stated,Normal,,,"{""artifactId"":""TS_GP_PT_CPI_M.P00031516:4480eca12117977e3612d0a4d5ad6462679e21d65190ff1292d555a84fb11177:84567020066f"",""sourceKey"":""TS_GP_PT_CPI_M.P00031516"",""retrievedAt"":""2026-09-30T22:08:40.201Z"",""locator"":{""seriesKey"":""TS_GP_PT_CPI_M.P00031516"",""observationDate"":""2025-10-31"",""row"":11,""column"":5,""columns"":{""seriesKey"":2,""date"":4,""value"":5,""unit"":6,""status"":7,""comments"":8}},""rawValue"":""6.6""}"
rural_cpi,2025-11,2025-11-30,6.3,Percent,not-stated,Normal,,,"{""artifactId"":""TS_GP_PT_CPI_M.P00031516:4480eca12117977e3612d0a4d5ad6462679e21d65190ff1292d555a84fb11177:84567020066f"",""sourceKey"":""TS_GP_PT_CPI_M.P00031516"",""retrievedAt"":""2026-09-30T22:08:40.201Z"",""locator"":{""seriesKey"":""TS_GP_PT_CPI_M.P00031516"",""observationDate"":""2025-11-30"",""row"":10,""column"":5,""columns"":{""seriesKey"":2,""date"":4,""value"":5,""unit"":6,""status"":7,""comments"":8}},""rawValue"":""6.3""}"
rural_cpi,2025-12,2025-12-31,5.4,Percent,not-stated,Normal,,,"{""artifactId"":""TS_GP_PT_CPI_M.P00031516:4480eca12117977e3612d0a4d5ad6462679e21d65190ff1292d555a84fb11177:84567020066f"",""sourceKey"":""TS_GP_PT_CPI_M.P00031516"",""retrievedAt"":""2026-09-30T22:08:40.201Z"",""locator"":{""seriesKey"":""TS_GP_PT_CPI_M.P00031516"",""observationDate"":""2025-12-31"",""row"":9,""column"":5,""columns"":{""seriesKey"":2,""date"":4,""value"":5,""unit"":6,""status"":7,""comments"":8}},""rawValue"":""5.4""}"
rural_cpi,2026-01,2026-01-31,5.8,Percent,not-stated,Normal,,,"{""artifactId"":""TS_GP_PT_CPI_M.P00031516:4480eca12117977e3612d0a4d5ad6462679e21d65190ff1292d555a84fb11177:84567020066f"",""sourceKey"":""TS_GP_PT_CPI_M.P00031516"",""retrievedAt"":""2026-09-30T22:08:40.201Z"",""locator"":{""seriesKey"":""TS_GP_PT_CPI_M.P00031516"",""observationDate"":""2026-01-31"",""row"":8,""column"":5,""columns"":{""seriesKey"":2,""date"":4,""value"":5,""unit"":6,""status"":7,""comments"":8}},""rawValue"":""5.8""}"
rural_cpi,2026-02,2026-02-28,7.3,Percent,not-stated,Normal,,,"{""artifactId"":""TS_GP_PT_CPI_M.P00031516:4480eca12117977e3612d0a4d5ad6462679e21d65190ff1292d555a84fb11177:84567020066f"",""sourceKey"":""TS_GP_PT_CPI_M.P00031516"",""retrievedAt"":""2026-09-30T22:08:40.201Z"",""locator"":{""seriesKey"":""TS_GP_PT_CPI_M.P00031516"",""observationDate"":""2026-02-28"",""row"":7,""column"":5,""columns"":{""seriesKey"":2,""date"":4,""value"":5,""unit"":6,""status"":7,""comments"":8}},""rawValue"":""7.3""}"
rural_cpi,2026-03,2026-03-31,7.2,Percent,not-stated,Normal,,,"{""artifactId"":""TS_GP_PT_CPI_M.P00031516:4480eca12117977e3612d0a4d5ad6462679e21d65190ff1292d555a84fb11177:84567020066f"",""sourceKey"":""TS_GP_PT_CPI_M.P00031516"",""retrievedAt"":""2026-09-30T22:08:40.201Z"",""locator"":{""seriesKey"":""TS_GP_PT_CPI_M.P00031516"",""observationDate"":""2026-03-31"",""row"":6,""column"":5,""columns"":{""seriesKey"":2,""date"":4,""value"":5,""unit"":6,""status"":7,""comments"":8}},""rawValue"":""7.2""}"
rural_cpi,2026-04,2026-04-30,10.6,Percent,not-stated,Normal,0,,"{""artifactId"":""TS_GP_PT_CPI_M.P00031516:4480eca12117977e3612d0a4d5ad6462679e21d65190ff1292d555a84fb11177:84567020066f"",""sourceKey"":""TS_GP_PT_CPI_M.P00031516"",""retrievedAt"":""2026-09-30T22:08:40.201Z"",""locator"":{""seriesKey"":""TS_GP_PT_CPI_M.P00031516"",""observationDate"":""2026-04-30"",""row"":5,""column"":5,""columns"":{""seriesKey"":2,""date"":4,""value"":5,""unit"":6,""status"":7,""comments"":8}},""rawValue"":""10.6""}"
rural_cpi,2026-05,2026-05-31,11.5,Percent,not-stated,Normal,,,"{""artifactId"":""TS_GP_PT_CPI_M.P00031516:4480eca12117977e3612d0a4d5ad6462679e21d65190ff1292d555a84fb11177:84567020066f"",""sourceKey"":""TS_GP_PT_CPI_M.P00031516"",""retrievedAt"":""2026-09-30T22:08:40.201Z"",""locator"":{""seriesKey"":""TS_GP_PT_CPI_M.P00031516"",""observationDate"":""2026-05-31"",""row"":4,""column"":5,""columns"":{""seriesKey"":2,""date"":4,""value"":5,""unit"":6,""status"":7,""comments"":8}},""rawValue"":""11.5""}"
rural_cpi,2026-06,2026-06-30,10.9,Percent,not-stated,Normal,,,"{""artifactId"":""TS_GP_PT_CPI_M.P00031516:4480eca12117977e3612d0a4d5ad6462679e21d65190ff1292d555a84fb11177:84567020066f"",""sourceKey"":""TS_GP_PT_CPI_M.P00031516"",""retrievedAt"":""2026-09-30T22:08:40.201Z"",""locator"":{""seriesKey"":""TS_GP_PT_CPI_M.P00031516"",""observationDate"":""2026-06-30"",""row"":3,""column"":5,""columns"":{""seriesKey"":2,""date"":4,""value"":5,""unit"":6,""status"":7,""comments"":8}},""rawValue"":""10.9""}"
rural_cpi,2026-07,2026-07-31,9.9,Percent,not-stated,Normal,,,"{""artifactId"":""TS_GP_PT_CPI_M.P00031516:4480eca12117977e3612d0a4d5ad6462679e21d65190ff1292d555a84fb11177:84567020066f"",""sourceKey"":""TS_GP_PT_CPI_M.P00031516"",""retrievedAt"":""2026-09-30T22:08:40.201Z"",""locator"":{""seriesKey"":""TS_GP_PT_CPI_M.P00031516"",""observationDate"":""2026-07-31"",""row"":2,""column"":5,""columns"":{""seriesKey"":2,""date"":4,""value"":5,""unit"":6,""status"":7,""comments"":8}},""rawValue"":""9.9""}"
rural_cpi,2026-08,2026-08-31,12.2,Percent,not-stated,Normal,,,"{""artifactId"":""TS_GP_PT_CPI_M.P00031516:4480eca12117977e3612d0a4d5ad6462679e21d65190ff1292d555a84fb11177:84567020066f"",""sourceKey"":""TS_GP_PT_CPI_M.P00031516"",""retrievedAt"":""2026-09-30T22:08:40.201Z"",""locator"":{""seriesKey"":""TS_GP_PT_CPI_M.P00031516"",""observationDate"":""2026-08-31"",""row"":1,""column"":5,""columns"":{""seriesKey"":2,""date"":4,""value"":5,""unit"":6,""status"":7,""comments"":8}},""rawValue"":""12.2""}"
spi,2021-09,2021-09-30,13.7915937,Percent,not-stated,Normal,,,"{""artifactId"":""TS_GP_PT_CPI_M.P00111516:b597fe21c08b915cc6d6bbe093459b6106e02d665f27f11881caaa9de892bcf5:0a987e3e31e8"",""sourceKey"":""TS_GP_PT_CPI_M.P00111516"",""retrievedAt"":""2026-09-30T22:08:40.663Z"",""locator"":{""seriesKey"":""TS_GP_PT_CPI_M.P00111516"",""observationDate"":""2021-09-30"",""row"":60,""column"":5,""columns"":{""seriesKey"":2,""date"":4,""value"":5,""unit"":6,""status"":7,""comments"":8}},""rawValue"":""13.7915937""}"
spi,2021-10,2021-10-31,14,Percent,not-stated,Normal,,,"{""artifactId"":""TS_GP_PT_CPI_M.P00111516:b597fe21c08b915cc6d6bbe093459b6106e02d665f27f11881caaa9de892bcf5:0a987e3e31e8"",""sourceKey"":""TS_GP_PT_CPI_M.P00111516"",""retrievedAt"":""2026-09-30T22:08:40.663Z"",""locator"":{""seriesKey"":""TS_GP_PT_CPI_M.P00111516"",""observationDate"":""2021-10-31"",""row"":59,""column"":5,""columns"":{""seriesKey"":2,""date"":4,""value"":5,""unit"":6,""status"":7,""comments"":8}},""rawValue"":""14""}"
spi,2021-11,2021-11-30,17.4,Percent,not-stated,Normal,,,"{""artifactId"":""TS_GP_PT_CPI_M.P00111516:b597fe21c08b915cc6d6bbe093459b6106e02d665f27f11881caaa9de892bcf5:0a987e3e31e8"",""sourceKey"":""TS_GP_PT_CPI_M.P00111516"",""retrievedAt"":""2026-09-30T22:08:40.663Z"",""locator"":{""seriesKey"":""TS_GP_PT_CPI_M.P00111516"",""observationDate"":""2021-11-30"",""row"":58,""column"":5,""columns"":{""seriesKey"":2,""date"":4,""value"":5,""unit"":6,""status"":7,""comments"":8}},""rawValue"":""17.4""}"
spi,2021-12,2021-12-31,19.27068524,Percent,not-stated,Normal,,,"{""artifactId"":""TS_GP_PT_CPI_M.P00111516:b597fe21c08b915cc6d6bbe093459b6106e02d665f27f11881caaa9de892bcf5:0a987e3e31e8"",""sourceKey"":""TS_GP_PT_CPI_M.P00111516"",""retrievedAt"":""2026-09-30T22:08:40.663Z"",""locator"":{""seriesKey"":""TS_GP_PT_CPI_M.P00111516"",""observationDate"":""2021-12-31"",""row"":57,""column"":5,""columns"":{""seriesKey"":2,""date"":4,""value"":5,""unit"":6,""status"":7,""comments"":8}},""rawValue"":""19.27068524""}"
spi,2022-01,2022-01-31,19.51027984,Percent,not-stated,Normal,,,"{""artifactId"":""TS_GP_PT_CPI_M.P00111516:b597fe21c08b915cc6d6bbe093459b6106e02d665f27f11881caaa9de892bcf5:0a987e3e31e8"",""sourceKey"":""TS_GP_PT_CPI_M.P00111516"",""retrievedAt"":""2026-09-30T22:08:40.663Z"",""locator"":{""seriesKey"":""TS_GP_PT_CPI_M.P00111516"",""observationDate"":""2022-01-31"",""row"":56,""column"":5,""columns"":{""seriesKey"":2,""date"":4,""value"":5,""unit"":6,""status"":7,""comments"":8}},""rawValue"":""19.51027984""}"
spi,2022-02,2022-02-28,18.13052866,Percent,not-stated,Normal,,,"{""artifactId"":""TS_GP_PT_CPI_M.P00111516:b597fe21c08b915cc6d6bbe093459b6106e02d665f27f11881caaa9de892bcf5:0a987e3e31e8"",""sourceKey"":""TS_GP_PT_CPI_M.P00111516"",""retrievedAt"":""2026-09-30T22:08:40.663Z"",""locator"":{""seriesKey"":""TS_GP_PT_CPI_M.P00111516"",""observationDate"":""2022-02-28"",""row"":55,""column"":5,""columns"":{""seriesKey"":2,""date"":4,""value"":5,""unit"":6,""status"":7,""comments"":8}},""rawValue"":""18.13052866""}"
spi,2022-03,2022-03-31,15.8,Percent,not-stated,Normal,,,"{""artifactId"":""TS_GP_PT_CPI_M.P00111516:b597fe21c08b915cc6d6bbe093459b6106e02d665f27f11881caaa9de892bcf5:0a987e3e31e8"",""sourceKey"":""TS_GP_PT_CPI_M.P00111516"",""retrievedAt"":""2026-09-30T22:08:40.663Z"",""locator"":{""seriesKey"":""TS_GP_PT_CPI_M.P00111516"",""observationDate"":""2022-03-31"",""row"":54,""column"":5,""columns"":{""seriesKey"":2,""date"":4,""value"":5,""unit"":6,""status"":7,""comments"":8}},""rawValue"":""15.8""}"
spi,2022-04,2022-04-30,16.49777057,Percent,not-stated,Normal,,,"{""artifactId"":""TS_GP_PT_CPI_M.P00111516:b597fe21c08b915cc6d6bbe093459b6106e02d665f27f11881caaa9de892bcf5:0a987e3e31e8"",""sourceKey"":""TS_GP_PT_CPI_M.P00111516"",""retrievedAt"":""2026-09-30T22:08:40.663Z"",""locator"":{""seriesKey"":""TS_GP_PT_CPI_M.P00111516"",""observationDate"":""2022-04-30"",""row"":53,""column"":5,""columns"":{""seriesKey"":2,""date"":4,""value"":5,""unit"":6,""status"":7,""comments"":8}},""rawValue"":""16.49777057""}"
spi,2022-05,2022-05-31,16.1,Percent,not-stated,Normal,,,"{""artifactId"":""TS_GP_PT_CPI_M.P00111516:b597fe21c08b915cc6d6bbe093459b6106e02d665f27f11881caaa9de892bcf5:0a987e3e31e8"",""sourceKey"":""TS_GP_PT_CPI_M.P00111516"",""retrievedAt"":""2026-09-30T22:08:40.663Z"",""locator"":{""seriesKey"":""TS_GP_PT_CPI_M.P00111516"",""observationDate"":""2022-05-31"",""row"":52,""column"":5,""columns"":{""seriesKey"":2,""date"":4,""value"":5,""unit"":6,""status"":7,""comments"":8}},""rawValue"":""16.1""}"
spi,2022-06,2022-06-30,26.5,Percent,not-stated,Normal,,,"{""artifactId"":""TS_GP_PT_CPI_M.P00111516:b597fe21c08b915cc6d6bbe093459b6106e02d665f27f11881caaa9de892bcf5:0a987e3e31e8"",""sourceKey"":""TS_GP_PT_CPI_M.P00111516"",""retrievedAt"":""2026-09-30T22:08:40.663Z"",""locator"":{""seriesKey"":""TS_GP_PT_CPI_M.P00111516"",""observationDate"":""2022-06-30"",""row"":51,""column"":5,""columns"":{""seriesKey"":2,""date"":4,""value"":5,""unit"":6,""status"":7,""comments"":8}},""rawValue"":""26.5""}"
spi,2022-07,2022-07-31,34.3,Percent,not-stated,Normal,,,"{""artifactId"":""TS_GP_PT_CPI_M.P00111516:b597fe21c08b915cc6d6bbe093459b6106e02d665f27f11881caaa9de892bcf5:0a987e3e31e8"",""sourceKey"":""TS_GP_PT_CPI_M.P00111516"",""retrievedAt"":""2026-09-30T22:08:40.663Z"",""locator"":{""seriesKey"":""TS_GP_PT_CPI_M.P00111516"",""observationDate"":""2022-07-31"",""row"":50,""column"":5,""columns"":{""seriesKey"":2,""date"":4,""value"":5,""unit"":6,""status"":7,""comments"":8}},""rawValue"":""34.3""}"
spi,2022-08,2022-08-31,40.6,Percent,not-stated,Normal,,,"{""artifactId"":""TS_GP_PT_CPI_M.P00111516:b597fe21c08b915cc6d6bbe093459b6106e02d665f27f11881caaa9de892bcf5:0a987e3e31e8"",""sourceKey"":""TS_GP_PT_CPI_M.P00111516"",""retrievedAt"":""2026-09-30T22:08:40.663Z"",""locator"":{""seriesKey"":""TS_GP_PT_CPI_M.P00111516"",""observationDate"":""2022-08-31"",""row"":49,""column"":5,""columns"":{""seriesKey"":2,""date"":4,""value"":5,""unit"":6,""status"":7,""comments"":8}},""rawValue"":""40.6""}"
spi,2022-09,2022-09-30,35.9,Percent,not-stated,Normal,,,"{""artifactId"":""TS_GP_PT_CPI_M.P00111516:b597fe21c08b915cc6d6bbe093459b6106e02d665f27f11881caaa9de892bcf5:0a987e3e31e8"",""sourceKey"":""TS_GP_PT_CPI_M.P00111516"",""retrievedAt"":""2026-09-30T22:08:40.663Z"",""locator"":{""seriesKey"":""TS_GP_PT_CPI_M.P00111516"",""observationDate"":""2022-09-30"",""row"":48,""column"":5,""columns"":{""seriesKey"":2,""date"":4,""value"":5,""unit"":6,""status"":7,""comments"":8}},""rawValue"":""35.9""}"
spi,2022-10,2022-10-31,28.6,Percent,not-stated,Normal,,,"{""artifactId"":""TS_GP_PT_CPI_M.P00111516:b597fe21c08b915cc6d6bbe093459b6106e02d665f27f11881caaa9de892bcf5:0a987e3e31e8"",""sourceKey"":""TS_GP_PT_CPI_M.P00111516"",""retrievedAt"":""2026-09-30T22:08:40.663Z"",""locator"":{""seriesKey"":""TS_GP_PT_CPI_M.P00111516"",""observationDate"":""2022-10-31"",""row"":47,""column"":5,""columns"":{""seriesKey"":2,""date"":4,""value"":5,""unit"":6,""status"":7,""comments"":8}},""rawValue"":""28.6""}"
spi,2022-11,2022-11-30,29.7,Percent,not-stated,Normal,,,"{""artifactId"":""TS_GP_PT_CPI_M.P00111516:b597fe21c08b915cc6d6bbe093459b6106e02d665f27f11881caaa9de892bcf5:0a987e3e31e8"",""sourceKey"":""TS_GP_PT_CPI_M.P00111516"",""retrievedAt"":""2026-09-30T22:08:40.663Z"",""locator"":{""seriesKey"":""TS_GP_PT_CPI_M.P00111516"",""observationDate"":""2022-11-30"",""row"":46,""column"":5,""columns"":{""seriesKey"":2,""date"":4,""value"":5,""unit"":6,""status"":7,""comments"":8}},""rawValue"":""29.7""}"
spi,2022-12,2022-12-31,29.7,Percent,not-stated,Normal,,,"{""artifactId"":""TS_GP_PT_CPI_M.P00111516:b597fe21c08b915cc6d6bbe093459b6106e02d665f27f11881caaa9de892bcf5:0a987e3e31e8"",""sourceKey"":""TS_GP_PT_CPI_M.P00111516"",""retrievedAt"":""2026-09-30T22:08:40.663Z"",""locator"":{""seriesKey"":""TS_GP_PT_CPI_M.P00111516"",""observationDate"":""2022-12-31"",""row"":45,""column"":5,""columns"":{""seriesKey"":2,""date"":4,""value"":5,""unit"":6,""status"":7,""comments"":8}},""rawValue"":""29.7""}"
spi,2023-01,2023-01-31,31.7,Percent,not-stated,Normal,,,"{""artifactId"":""TS_GP_PT_CPI_M.P00111516:b597fe21c08b915cc6d6bbe093459b6106e02d665f27f11881caaa9de892bcf5:0a987e3e31e8"",""sourceKey"":""TS_GP_PT_CPI_M.P00111516"",""retrievedAt"":""2026-09-30T22:08:40.663Z"",""locator"":{""seriesKey"":""TS_GP_PT_CPI_M.P00111516"",""observationDate"":""2023-01-31"",""row"":44,""column"":5,""columns"":{""seriesKey"":2,""date"":4,""value"":5,""unit"":6,""status"":7,""comments"":8}},""rawValue"":""31.7""}"
spi,2023-02,2023-02-28,37.1,Percent,not-stated,Normal,,,"{""artifactId"":""TS_GP_PT_CPI_M.P00111516:b597fe21c08b915cc6d6bbe093459b6106e02d665f27f11881caaa9de892bcf5:0a987e3e31e8"",""sourceKey"":""TS_GP_PT_CPI_M.P00111516"",""retrievedAt"":""2026-09-30T22:08:40.663Z"",""locator"":{""seriesKey"":""TS_GP_PT_CPI_M.P00111516"",""observationDate"":""2023-02-28"",""row"":43,""column"":5,""columns"":{""seriesKey"":2,""date"":4,""value"":5,""unit"":6,""status"":7,""comments"":8}},""rawValue"":""37.1""}"
spi,2023-03,2023-03-31,44,Percent,not-stated,Normal,,,"{""artifactId"":""TS_GP_PT_CPI_M.P00111516:b597fe21c08b915cc6d6bbe093459b6106e02d665f27f11881caaa9de892bcf5:0a987e3e31e8"",""sourceKey"":""TS_GP_PT_CPI_M.P00111516"",""retrievedAt"":""2026-09-30T22:08:40.663Z"",""locator"":{""seriesKey"":""TS_GP_PT_CPI_M.P00111516"",""observationDate"":""2023-03-31"",""row"":42,""column"":5,""columns"":{""seriesKey"":2,""date"":4,""value"":5,""unit"":6,""status"":7,""comments"":8}},""rawValue"":""44""}"
spi,2023-04,2023-04-30,45.9,Percent,not-stated,Normal,,,"{""artifactId"":""TS_GP_PT_CPI_M.P00111516:b597fe21c08b915cc6d6bbe093459b6106e02d665f27f11881caaa9de892bcf5:0a987e3e31e8"",""sourceKey"":""TS_GP_PT_CPI_M.P00111516"",""retrievedAt"":""2026-09-30T22:08:40.663Z"",""locator"":{""seriesKey"":""TS_GP_PT_CPI_M.P00111516"",""observationDate"":""2023-04-30"",""row"":41,""column"":5,""columns"":{""seriesKey"":2,""date"":4,""value"":5,""unit"":6,""status"":7,""comments"":8}},""rawValue"":""45.9""}"
spi,2023-05,2023-05-31,47,Percent,not-stated,Normal,,,"{""artifactId"":""TS_GP_PT_CPI_M.P00111516:b597fe21c08b915cc6d6bbe093459b6106e02d665f27f11881caaa9de892bcf5:0a987e3e31e8"",""sourceKey"":""TS_GP_PT_CPI_M.P00111516"",""retrievedAt"":""2026-09-30T22:08:40.663Z"",""locator"":{""seriesKey"":""TS_GP_PT_CPI_M.P00111516"",""observationDate"":""2023-05-31"",""row"":40,""column"":5,""columns"":{""seriesKey"":2,""date"":4,""value"":5,""unit"":6,""status"":7,""comments"":8}},""rawValue"":""47""}"
spi,2023-06,2023-06-30,36,Percent,not-stated,Normal,,,"{""artifactId"":""TS_GP_PT_CPI_M.P00111516:b597fe21c08b915cc6d6bbe093459b6106e02d665f27f11881caaa9de892bcf5:0a987e3e31e8"",""sourceKey"":""TS_GP_PT_CPI_M.P00111516"",""retrievedAt"":""2026-09-30T22:08:40.663Z"",""locator"":{""seriesKey"":""TS_GP_PT_CPI_M.P00111516"",""observationDate"":""2023-06-30"",""row"":39,""column"":5,""columns"":{""seriesKey"":2,""date"":4,""value"":5,""unit"":6,""status"":7,""comments"":8}},""rawValue"":""36""}"
spi,2023-07,2023-07-31,29,Percent,not-stated,Normal,,,"{""artifactId"":""TS_GP_PT_CPI_M.P00111516:b597fe21c08b915cc6d6bbe093459b6106e02d665f27f11881caaa9de892bcf5:0a987e3e31e8"",""sourceKey"":""TS_GP_PT_CPI_M.P00111516"",""retrievedAt"":""2026-09-30T22:08:40.663Z"",""locator"":{""seriesKey"":""TS_GP_PT_CPI_M.P00111516"",""observationDate"":""2023-07-31"",""row"":38,""column"":5,""columns"":{""seriesKey"":2,""date"":4,""value"":5,""unit"":6,""status"":7,""comments"":8}},""rawValue"":""29""}"
spi,2023-08,2023-08-31,28.7,Percent,not-stated,Normal,,,"{""artifactId"":""TS_GP_PT_CPI_M.P00111516:b597fe21c08b915cc6d6bbe093459b6106e02d665f27f11881caaa9de892bcf5:0a987e3e31e8"",""sourceKey"":""TS_GP_PT_CPI_M.P00111516"",""retrievedAt"":""2026-09-30T22:08:40.663Z"",""locator"":{""seriesKey"":""TS_GP_PT_CPI_M.P00111516"",""observationDate"":""2023-08-31"",""row"":37,""column"":5,""columns"":{""seriesKey"":2,""date"":4,""value"":5,""unit"":6,""status"":7,""comments"":8}},""rawValue"":""28.7""}"
spi,2023-09,2023-09-30,32.4,Percent,not-stated,Normal,,,"{""artifactId"":""TS_GP_PT_CPI_M.P00111516:b597fe21c08b915cc6d6bbe093459b6106e02d665f27f11881caaa9de892bcf5:0a987e3e31e8"",""sourceKey"":""TS_GP_PT_CPI_M.P00111516"",""retrievedAt"":""2026-09-30T22:08:40.663Z"",""locator"":{""seriesKey"":""TS_GP_PT_CPI_M.P00111516"",""observationDate"":""2023-09-30"",""row"":36,""column"":5,""columns"":{""seriesKey"":2,""date"":4,""value"":5,""unit"":6,""status"":7,""comments"":8}},""rawValue"":""32.4""}"
spi,2023-10,2023-10-31,35.4,Percent,not-stated,Normal,,,"{""artifactId"":""TS_GP_PT_CPI_M.P00111516:b597fe21c08b915cc6d6bbe093459b6106e02d665f27f11881caaa9de892bcf5:0a987e3e31e8"",""sourceKey"":""TS_GP_PT_CPI_M.P00111516"",""retrievedAt"":""2026-09-30T22:08:40.663Z"",""locator"":{""seriesKey"":""TS_GP_PT_CPI_M.P00111516"",""observationDate"":""2023-10-31"",""row"":35,""column"":5,""columns"":{""seriesKey"":2,""date"":4,""value"":5,""unit"":6,""status"":7,""comments"":8}},""rawValue"":""35.4""}"
spi,2023-11,2023-11-30,34.7,Percent,not-stated,Normal,,,"{""artifactId"":""TS_GP_PT_CPI_M.P00111516:b597fe21c08b915cc6d6bbe093459b6106e02d665f27f11881caaa9de892bcf5:0a987e3e31e8"",""sourceKey"":""TS_GP_PT_CPI_M.P00111516"",""retrievedAt"":""2026-09-30T22:08:40.663Z"",""locator"":{""seriesKey"":""TS_GP_PT_CPI_M.P00111516"",""observationDate"":""2023-11-30"",""row"":34,""column"":5,""columns"":{""seriesKey"":2,""date"":4,""value"":5,""unit"":6,""status"":7,""comments"":8}},""rawValue"":""34.7""}"
spi,2023-12,2023-12-31,43,Percent,not-stated,Normal,,,"{""artifactId"":""TS_GP_PT_CPI_M.P00111516:b597fe21c08b915cc6d6bbe093459b6106e02d665f27f11881caaa9de892bcf5:0a987e3e31e8"",""sourceKey"":""TS_GP_PT_CPI_M.P00111516"",""retrievedAt"":""2026-09-30T22:08:40.663Z"",""locator"":{""seriesKey"":""TS_GP_PT_CPI_M.P00111516"",""observationDate"":""2023-12-31"",""row"":33,""column"":5,""columns"":{""seriesKey"":2,""date"":4,""value"":5,""unit"":6,""status"":7,""comments"":8}},""rawValue"":""43""}"
spi,2024-01,2024-01-31,43.9,Percent,not-stated,Normal,,,"{""artifactId"":""TS_GP_PT_CPI_M.P00111516:b597fe21c08b915cc6d6bbe093459b6106e02d665f27f11881caaa9de892bcf5:0a987e3e31e8"",""sourceKey"":""TS_GP_PT_CPI_M.P00111516"",""retrievedAt"":""2026-09-30T22:08:40.663Z"",""locator"":{""seriesKey"":""TS_GP_PT_CPI_M.P00111516"",""observationDate"":""2024-01-31"",""row"":32,""column"":5,""columns"":{""seriesKey"":2,""date"":4,""value"":5,""unit"":6,""status"":7,""comments"":8}},""rawValue"":""43.9""}"
spi,2024-02,2024-02-29,36.3,Percent,not-stated,Normal,,,"{""artifactId"":""TS_GP_PT_CPI_M.P00111516:b597fe21c08b915cc6d6bbe093459b6106e02d665f27f11881caaa9de892bcf5:0a987e3e31e8"",""sourceKey"":""TS_GP_PT_CPI_M.P00111516"",""retrievedAt"":""2026-09-30T22:08:40.663Z"",""locator"":{""seriesKey"":""TS_GP_PT_CPI_M.P00111516"",""observationDate"":""2024-02-29"",""row"":31,""column"":5,""columns"":{""seriesKey"":2,""date"":4,""value"":5,""unit"":6,""status"":7,""comments"":8}},""rawValue"":""36.3""}"
spi,2024-03,2024-03-31,31.9,Percent,not-stated,Normal,,,"{""artifactId"":""TS_GP_PT_CPI_M.P00111516:b597fe21c08b915cc6d6bbe093459b6106e02d665f27f11881caaa9de892bcf5:0a987e3e31e8"",""sourceKey"":""TS_GP_PT_CPI_M.P00111516"",""retrievedAt"":""2026-09-30T22:08:40.663Z"",""locator"":{""seriesKey"":""TS_GP_PT_CPI_M.P00111516"",""observationDate"":""2024-03-31"",""row"":30,""column"":5,""columns"":{""seriesKey"":2,""date"":4,""value"":5,""unit"":6,""status"":7,""comments"":8}},""rawValue"":""31.9""}"
spi,2024-04,2024-04-30,28.8,Percent,not-stated,Normal,,,"{""artifactId"":""TS_GP_PT_CPI_M.P00111516:b597fe21c08b915cc6d6bbe093459b6106e02d665f27f11881caaa9de892bcf5:0a987e3e31e8"",""sourceKey"":""TS_GP_PT_CPI_M.P00111516"",""retrievedAt"":""2026-09-30T22:08:40.663Z"",""locator"":{""seriesKey"":""TS_GP_PT_CPI_M.P00111516"",""observationDate"":""2024-04-30"",""row"":29,""column"":5,""columns"":{""seriesKey"":2,""date"":4,""value"":5,""unit"":6,""status"":7,""comments"":8}},""rawValue"":""28.8""}"
spi,2024-05,2024-05-31,22,Percent,not-stated,Normal,,,"{""artifactId"":""TS_GP_PT_CPI_M.P00111516:b597fe21c08b915cc6d6bbe093459b6106e02d665f27f11881caaa9de892bcf5:0a987e3e31e8"",""sourceKey"":""TS_GP_PT_CPI_M.P00111516"",""retrievedAt"":""2026-09-30T22:08:40.663Z"",""locator"":{""seriesKey"":""TS_GP_PT_CPI_M.P00111516"",""observationDate"":""2024-05-31"",""row"":28,""column"":5,""columns"":{""seriesKey"":2,""date"":4,""value"":5,""unit"":6,""status"":7,""comments"":8}},""rawValue"":""22""}"
spi,2024-06,2024-06-30,23,Percent,not-stated,Normal,,,"{""artifactId"":""TS_GP_PT_CPI_M.P00111516:b597fe21c08b915cc6d6bbe093459b6106e02d665f27f11881caaa9de892bcf5:0a987e3e31e8"",""sourceKey"":""TS_GP_PT_CPI_M.P00111516"",""retrievedAt"":""2026-09-30T22:08:40.663Z"",""locator"":{""seriesKey"":""TS_GP_PT_CPI_M.P00111516"",""observationDate"":""2024-06-30"",""row"":27,""column"":5,""columns"":{""seriesKey"":2,""date"":4,""value"":5,""unit"":6,""status"":7,""comments"":8}},""rawValue"":""23""}"
spi,2024-07,2024-07-31,23,Percent,not-stated,Normal,,,"{""artifactId"":""TS_GP_PT_CPI_M.P00111516:b597fe21c08b915cc6d6bbe093459b6106e02d665f27f11881caaa9de892bcf5:0a987e3e31e8"",""sourceKey"":""TS_GP_PT_CPI_M.P00111516"",""retrievedAt"":""2026-09-30T22:08:40.663Z"",""locator"":{""seriesKey"":""TS_GP_PT_CPI_M.P00111516"",""observationDate"":""2024-07-31"",""row"":26,""column"":5,""columns"":{""seriesKey"":2,""date"":4,""value"":5,""unit"":6,""status"":7,""comments"":8}},""rawValue"":""23""}"
spi,2024-08,2024-08-31,17.1,Percent,not-stated,Normal,,,"{""artifactId"":""TS_GP_PT_CPI_M.P00111516:b597fe21c08b915cc6d6bbe093459b6106e02d665f27f11881caaa9de892bcf5:0a987e3e31e8"",""sourceKey"":""TS_GP_PT_CPI_M.P00111516"",""retrievedAt"":""2026-09-30T22:08:40.663Z"",""locator"":{""seriesKey"":""TS_GP_PT_CPI_M.P00111516"",""observationDate"":""2024-08-31"",""row"":25,""column"":5,""columns"":{""seriesKey"":2,""date"":4,""value"":5,""unit"":6,""status"":7,""comments"":8}},""rawValue"":""17.1""}"
spi,2024-09,2024-09-30,13.5,Percent,not-stated,Normal,,,"{""artifactId"":""TS_GP_PT_CPI_M.P00111516:b597fe21c08b915cc6d6bbe093459b6106e02d665f27f11881caaa9de892bcf5:0a987e3e31e8"",""sourceKey"":""TS_GP_PT_CPI_M.P00111516"",""retrievedAt"":""2026-09-30T22:08:40.663Z"",""locator"":{""seriesKey"":""TS_GP_PT_CPI_M.P00111516"",""observationDate"":""2024-09-30"",""row"":24,""column"":5,""columns"":{""seriesKey"":2,""date"":4,""value"":5,""unit"":6,""status"":7,""comments"":8}},""rawValue"":""13.5""}"
spi,2024-10,2024-10-31,14.1,Percent,not-stated,Normal,,,"{""artifactId"":""TS_GP_PT_CPI_M.P00111516:b597fe21c08b915cc6d6bbe093459b6106e02d665f27f11881caaa9de892bcf5:0a987e3e31e8"",""sourceKey"":""TS_GP_PT_CPI_M.P00111516"",""retrievedAt"":""2026-09-30T22:08:40.663Z"",""locator"":{""seriesKey"":""TS_GP_PT_CPI_M.P00111516"",""observationDate"":""2024-10-31"",""row"":23,""column"":5,""columns"":{""seriesKey"":2,""date"":4,""value"":5,""unit"":6,""status"":7,""comments"":8}},""rawValue"":""14.1""}"
spi,2024-11,2024-11-30,10.3,Percent,not-stated,Normal,,,"{""artifactId"":""TS_GP_PT_CPI_M.P00111516:b597fe21c08b915cc6d6bbe093459b6106e02d665f27f11881caaa9de892bcf5:0a987e3e31e8"",""sourceKey"":""TS_GP_PT_CPI_M.P00111516"",""retrievedAt"":""2026-09-30T22:08:40.663Z"",""locator"":{""seriesKey"":""TS_GP_PT_CPI_M.P00111516"",""observationDate"":""2024-11-30"",""row"":22,""column"":5,""columns"":{""seriesKey"":2,""date"":4,""value"":5,""unit"":6,""status"":7,""comments"":8}},""rawValue"":""10.3""}"
spi,2024-12,2024-12-31,4.2,Percent,not-stated,Normal,,,"{""artifactId"":""TS_GP_PT_CPI_M.P00111516:b597fe21c08b915cc6d6bbe093459b6106e02d665f27f11881caaa9de892bcf5:0a987e3e31e8"",""sourceKey"":""TS_GP_PT_CPI_M.P00111516"",""retrievedAt"":""2026-09-30T22:08:40.663Z"",""locator"":{""seriesKey"":""TS_GP_PT_CPI_M.P00111516"",""observationDate"":""2024-12-31"",""row"":21,""column"":5,""columns"":{""seriesKey"":2,""date"":4,""value"":5,""unit"":6,""status"":7,""comments"":8}},""rawValue"":""4.2""}"
spi,2025-01,2025-01-31,1.5,Percent,not-stated,Normal,,,"{""artifactId"":""TS_GP_PT_CPI_M.P00111516:b597fe21c08b915cc6d6bbe093459b6106e02d665f27f11881caaa9de892bcf5:0a987e3e31e8"",""sourceKey"":""TS_GP_PT_CPI_M.P00111516"",""retrievedAt"":""2026-09-30T22:08:40.663Z"",""locator"":{""seriesKey"":""TS_GP_PT_CPI_M.P00111516"",""observationDate"":""2025-01-31"",""row"":20,""column"":5,""columns"":{""seriesKey"":2,""date"":4,""value"":5,""unit"":6,""status"":7,""comments"":8}},""rawValue"":""1.5""}"
spi,2025-02,2025-02-28,0.7,Percent,not-stated,Normal,,,"{""artifactId"":""TS_GP_PT_CPI_M.P00111516:b597fe21c08b915cc6d6bbe093459b6106e02d665f27f11881caaa9de892bcf5:0a987e3e31e8"",""sourceKey"":""TS_GP_PT_CPI_M.P00111516"",""retrievedAt"":""2026-09-30T22:08:40.663Z"",""locator"":{""seriesKey"":""TS_GP_PT_CPI_M.P00111516"",""observationDate"":""2025-02-28"",""row"":19,""column"":5,""columns"":{""seriesKey"":2,""date"":4,""value"":5,""unit"":6,""status"":7,""comments"":8}},""rawValue"":"".7""}"
spi,2025-03,2025-03-31,-1.3,Percent,not-stated,Normal,,,"{""artifactId"":""TS_GP_PT_CPI_M.P00111516:b597fe21c08b915cc6d6bbe093459b6106e02d665f27f11881caaa9de892bcf5:0a987e3e31e8"",""sourceKey"":""TS_GP_PT_CPI_M.P00111516"",""retrievedAt"":""2026-09-30T22:08:40.663Z"",""locator"":{""seriesKey"":""TS_GP_PT_CPI_M.P00111516"",""observationDate"":""2025-03-31"",""row"":18,""column"":5,""columns"":{""seriesKey"":2,""date"":4,""value"":5,""unit"":6,""status"":7,""comments"":8}},""rawValue"":""-1.3""}"
spi,2025-04,2025-04-30,-3.2,Percent,not-stated,Normal,,,"{""artifactId"":""TS_GP_PT_CPI_M.P00111516:b597fe21c08b915cc6d6bbe093459b6106e02d665f27f11881caaa9de892bcf5:0a987e3e31e8"",""sourceKey"":""TS_GP_PT_CPI_M.P00111516"",""retrievedAt"":""2026-09-30T22:08:40.663Z"",""locator"":{""seriesKey"":""TS_GP_PT_CPI_M.P00111516"",""observationDate"":""2025-04-30"",""row"":17,""column"":5,""columns"":{""seriesKey"":2,""date"":4,""value"":5,""unit"":6,""status"":7,""comments"":8}},""rawValue"":""-3.2""}"
spi,2025-05,2025-05-31,0.1,Percent,not-stated,Normal,,,"{""artifactId"":""TS_GP_PT_CPI_M.P00111516:b597fe21c08b915cc6d6bbe093459b6106e02d665f27f11881caaa9de892bcf5:0a987e3e31e8"",""sourceKey"":""TS_GP_PT_CPI_M.P00111516"",""retrievedAt"":""2026-09-30T22:08:40.663Z"",""locator"":{""seriesKey"":""TS_GP_PT_CPI_M.P00111516"",""observationDate"":""2025-05-31"",""row"":16,""column"":5,""columns"":{""seriesKey"":2,""date"":4,""value"":5,""unit"":6,""status"":7,""comments"":8}},""rawValue"":"".1""}"
spi,2025-06,2025-06-30,-1.2,Percent,not-stated,Normal,,,"{""artifactId"":""TS_GP_PT_CPI_M.P00111516:b597fe21c08b915cc6d6bbe093459b6106e02d665f27f11881caaa9de892bcf5:0a987e3e31e8"",""sourceKey"":""TS_GP_PT_CPI_M.P00111516"",""retrievedAt"":""2026-09-30T22:08:40.663Z"",""locator"":{""seriesKey"":""TS_GP_PT_CPI_M.P00111516"",""observationDate"":""2025-06-30"",""row"":15,""column"":5,""columns"":{""seriesKey"":2,""date"":4,""value"":5,""unit"":6,""status"":7,""comments"":8}},""rawValue"":""-1.2""}"
spi,2025-07,2025-07-31,-0.1,Percent,not-stated,Normal,,,"{""artifactId"":""TS_GP_PT_CPI_M.P00111516:b597fe21c08b915cc6d6bbe093459b6106e02d665f27f11881caaa9de892bcf5:0a987e3e31e8"",""sourceKey"":""TS_GP_PT_CPI_M.P00111516"",""retrievedAt"":""2026-09-30T22:08:40.663Z"",""locator"":{""seriesKey"":""TS_GP_PT_CPI_M.P00111516"",""observationDate"":""2025-07-31"",""row"":14,""column"":5,""columns"":{""seriesKey"":2,""date"":4,""value"":5,""unit"":6,""status"":7,""comments"":8}},""rawValue"":""-.1""}"
spi,2025-08,2025-08-31,2.4,Percent,not-stated,Normal,,,"{""artifactId"":""TS_GP_PT_CPI_M.P00111516:b597fe21c08b915cc6d6bbe093459b6106e02d665f27f11881caaa9de892bcf5:0a987e3e31e8"",""sourceKey"":""TS_GP_PT_CPI_M.P00111516"",""retrievedAt"":""2026-09-30T22:08:40.663Z"",""locator"":{""seriesKey"":""TS_GP_PT_CPI_M.P00111516"",""observationDate"":""2025-08-31"",""row"":13,""column"":5,""columns"":{""seriesKey"":2,""date"":4,""value"":5,""unit"":6,""status"":7,""comments"":8}},""rawValue"":""2.4""}"
spi,2025-09,2025-09-30,4.5,Percent,not-stated,Normal,,,"{""artifactId"":""TS_GP_PT_CPI_M.P00111516:b597fe21c08b915cc6d6bbe093459b6106e02d665f27f11881caaa9de892bcf5:0a987e3e31e8"",""sourceKey"":""TS_GP_PT_CPI_M.P00111516"",""retrievedAt"":""2026-09-30T22:08:40.663Z"",""locator"":{""seriesKey"":""TS_GP_PT_CPI_M.P00111516"",""observationDate"":""2025-09-30"",""row"":12,""column"":5,""columns"":{""seriesKey"":2,""date"":4,""value"":5,""unit"":6,""status"":7,""comments"":8}},""rawValue"":""4.5""}"
spi,2025-10,2025-10-31,4.5,Percent,not-stated,Normal,,,"{""artifactId"":""TS_GP_PT_CPI_M.P00111516:b597fe21c08b915cc6d6bbe093459b6106e02d665f27f11881caaa9de892bcf5:0a987e3e31e8"",""sourceKey"":""TS_GP_PT_CPI_M.P00111516"",""retrievedAt"":""2026-09-30T22:08:40.663Z"",""locator"":{""seriesKey"":""TS_GP_PT_CPI_M.P00111516"",""observationDate"":""2025-10-31"",""row"":11,""column"":5,""columns"":{""seriesKey"":2,""date"":4,""value"":5,""unit"":6,""status"":7,""comments"":8}},""rawValue"":""4.5""}"
spi,2025-11,2025-11-30,4,Percent,not-stated,Normal,,,"{""artifactId"":""TS_GP_PT_CPI_M.P00111516:b597fe21c08b915cc6d6bbe093459b6106e02d665f27f11881caaa9de892bcf5:0a987e3e31e8"",""sourceKey"":""TS_GP_PT_CPI_M.P00111516"",""retrievedAt"":""2026-09-30T22:08:40.663Z"",""locator"":{""seriesKey"":""TS_GP_PT_CPI_M.P00111516"",""observationDate"":""2025-11-30"",""row"":10,""column"":5,""columns"":{""seriesKey"":2,""date"":4,""value"":5,""unit"":6,""status"":7,""comments"":8}},""rawValue"":""4""}"
spi,2025-12,2025-12-31,3.6,Percent,not-stated,Normal,,,"{""artifactId"":""TS_GP_PT_CPI_M.P00111516:b597fe21c08b915cc6d6bbe093459b6106e02d665f27f11881caaa9de892bcf5:0a987e3e31e8"",""sourceKey"":""TS_GP_PT_CPI_M.P00111516"",""retrievedAt"":""2026-09-30T22:08:40.663Z"",""locator"":{""seriesKey"":""TS_GP_PT_CPI_M.P00111516"",""observationDate"":""2025-12-31"",""row"":9,""column"":5,""columns"":{""seriesKey"":2,""date"":4,""value"":5,""unit"":6,""status"":7,""comments"":8}},""rawValue"":""3.6""}"
spi,2026-01,2026-01-31,3.7,Percent,not-stated,Normal,,,"{""artifactId"":""TS_GP_PT_CPI_M.P00111516:b597fe21c08b915cc6d6bbe093459b6106e02d665f27f11881caaa9de892bcf5:0a987e3e31e8"",""sourceKey"":""TS_GP_PT_CPI_M.P00111516"",""retrievedAt"":""2026-09-30T22:08:40.663Z"",""locator"":{""seriesKey"":""TS_GP_PT_CPI_M.P00111516"",""observationDate"":""2026-01-31"",""row"":8,""column"":5,""columns"":{""seriesKey"":2,""date"":4,""value"":5,""unit"":6,""status"":7,""comments"":8}},""rawValue"":""3.7""}"
spi,2026-02,2026-02-28,4.6,Percent,not-stated,Normal,,,"{""artifactId"":""TS_GP_PT_CPI_M.P00111516:b597fe21c08b915cc6d6bbe093459b6106e02d665f27f11881caaa9de892bcf5:0a987e3e31e8"",""sourceKey"":""TS_GP_PT_CPI_M.P00111516"",""retrievedAt"":""2026-09-30T22:08:40.663Z"",""locator"":{""seriesKey"":""TS_GP_PT_CPI_M.P00111516"",""observationDate"":""2026-02-28"",""row"":7,""column"":5,""columns"":{""seriesKey"":2,""date"":4,""value"":5,""unit"":6,""status"":7,""comments"":8}},""rawValue"":""4.6""}"
spi,2026-03,2026-03-31,6.6,Percent,not-stated,Normal,,,"{""artifactId"":""TS_GP_PT_CPI_M.P00111516:b597fe21c08b915cc6d6bbe093459b6106e02d665f27f11881caaa9de892bcf5:0a987e3e31e8"",""sourceKey"":""TS_GP_PT_CPI_M.P00111516"",""retrievedAt"":""2026-09-30T22:08:40.663Z"",""locator"":{""seriesKey"":""TS_GP_PT_CPI_M.P00111516"",""observationDate"":""2026-03-31"",""row"":6,""column"":5,""columns"":{""seriesKey"":2,""date"":4,""value"":5,""unit"":6,""status"":7,""comments"":8}},""rawValue"":""6.6""}"
spi,2026-04,2026-04-30,12.6,Percent,not-stated,Normal,0,,"{""artifactId"":""TS_GP_PT_CPI_M.P00111516:b597fe21c08b915cc6d6bbe093459b6106e02d665f27f11881caaa9de892bcf5:0a987e3e31e8"",""sourceKey"":""TS_GP_PT_CPI_M.P00111516"",""retrievedAt"":""2026-09-30T22:08:40.663Z"",""locator"":{""seriesKey"":""TS_GP_PT_CPI_M.P00111516"",""observationDate"":""2026-04-30"",""row"":5,""column"":5,""columns"":{""seriesKey"":2,""date"":4,""value"":5,""unit"":6,""status"":7,""comments"":8}},""rawValue"":""12.6""}"
spi,2026-05,2026-05-31,14.91,Percent,not-stated,Normal,,,"{""artifactId"":""TS_GP_PT_CPI_M.P00111516:b597fe21c08b915cc6d6bbe093459b6106e02d665f27f11881caaa9de892bcf5:0a987e3e31e8"",""sourceKey"":""TS_GP_PT_CPI_M.P00111516"",""retrievedAt"":""2026-09-30T22:08:40.663Z"",""locator"":{""seriesKey"":""TS_GP_PT_CPI_M.P00111516"",""observationDate"":""2026-05-31"",""row"":4,""column"":5,""columns"":{""seriesKey"":2,""date"":4,""value"":5,""unit"":6,""status"":7,""comments"":8}},""rawValue"":""14.91""}"
spi,2026-06,2026-06-30,15,Percent,not-stated,Normal,,,"{""artifactId"":""TS_GP_PT_CPI_M.P00111516:b597fe21c08b915cc6d6bbe093459b6106e02d665f27f11881caaa9de892bcf5:0a987e3e31e8"",""sourceKey"":""TS_GP_PT_CPI_M.P00111516"",""retrievedAt"":""2026-09-30T22:08:40.663Z"",""locator"":{""seriesKey"":""TS_GP_PT_CPI_M.P00111516"",""observationDate"":""2026-06-30"",""row"":3,""column"":5,""columns"":{""seriesKey"":2,""date"":4,""value"":5,""unit"":6,""status"":7,""comments"":8}},""rawValue"":""15""}"
spi,2026-07,2026-07-31,11.48,Percent,not-stated,Normal,,,"{""artifactId"":""TS_GP_PT_CPI_M.P00111516:b597fe21c08b915cc6d6bbe093459b6106e02d665f27f11881caaa9de892bcf5:0a987e3e31e8"",""sourceKey"":""TS_GP_PT_CPI_M.P00111516"",""retrievedAt"":""2026-09-30T22:08:40.663Z"",""locator"":{""seriesKey"":""TS_GP_PT_CPI_M.P00111516"",""observationDate"":""2026-07-31"",""row"":2,""column"":5,""columns"":{""seriesKey"":2,""date"":4,""value"":5,""unit"":6,""status"":7,""comments"":8}},""rawValue"":""11.48""}"
spi,2026-08,2026-08-31,9.28,Percent,not-stated,Normal,,,"{""artifactId"":""TS_GP_PT_CPI_M.P00111516:b597fe21c08b915cc6d6bbe093459b6106e02d665f27f11881caaa9de892bcf5:0a987e3e31e8"",""sourceKey"":""TS_GP_PT_CPI_M.P00111516"",""retrievedAt"":""2026-09-30T22:08:40.663Z"",""locator"":{""seriesKey"":""TS_GP_PT_CPI_M.P00111516"",""observationDate"":""2026-08-31"",""row"":1,""column"":5,""columns"":{""seriesKey"":2,""date"":4,""value"":5,""unit"":6,""status"":7,""comments"":8}},""rawValue"":""9.28""}"
urban_food,2021-09,2021-09-30,10.76619621,Percent,not-stated,Normal,,,"{""artifactId"":""TS_GP_PT_CPI_M.P00041516:948bae06546b3253c0694488b05793565f42c408d62193d2a7e4352716585f55:564a9107bb76"",""sourceKey"":""TS_GP_PT_CPI_M.P00041516"",""retrievedAt"":""2026-09-30T22:08:41.088Z"",""locator"":{""seriesKey"":""TS_GP_PT_CPI_M.P00041516"",""observationDate"":""2021-09-30"",""row"":60,""column"":5,""columns"":{""seriesKey"":2,""date"":4,""value"":5,""unit"":6,""status"":7,""comments"":8}},""rawValue"":""10.76619621""}"
urban_food,2021-10,2021-10-31,9.4,Percent,not-stated,Normal,,,"{""artifactId"":""TS_GP_PT_CPI_M.P00041516:948bae06546b3253c0694488b05793565f42c408d62193d2a7e4352716585f55:564a9107bb76"",""sourceKey"":""TS_GP_PT_CPI_M.P00041516"",""retrievedAt"":""2026-09-30T22:08:41.088Z"",""locator"":{""seriesKey"":""TS_GP_PT_CPI_M.P00041516"",""observationDate"":""2021-10-31"",""row"":59,""column"":5,""columns"":{""seriesKey"":2,""date"":4,""value"":5,""unit"":6,""status"":7,""comments"":8}},""rawValue"":""9.4""}"
urban_food,2021-11,2021-11-30,11.9,Percent,not-stated,Normal,,,"{""artifactId"":""TS_GP_PT_CPI_M.P00041516:948bae06546b3253c0694488b05793565f42c408d62193d2a7e4352716585f55:564a9107bb76"",""sourceKey"":""TS_GP_PT_CPI_M.P00041516"",""retrievedAt"":""2026-09-30T22:08:41.088Z"",""locator"":{""seriesKey"":""TS_GP_PT_CPI_M.P00041516"",""observationDate"":""2021-11-30"",""row"":58,""column"":5,""columns"":{""seriesKey"":2,""date"":4,""value"":5,""unit"":6,""status"":7,""comments"":8}},""rawValue"":""11.9""}"
urban_food,2021-12,2021-12-31,11.69150848,Percent,not-stated,Normal,,,"{""artifactId"":""TS_GP_PT_CPI_M.P00041516:948bae06546b3253c0694488b05793565f42c408d62193d2a7e4352716585f55:564a9107bb76"",""sourceKey"":""TS_GP_PT_CPI_M.P00041516"",""retrievedAt"":""2026-09-30T22:08:41.088Z"",""locator"":{""seriesKey"":""TS_GP_PT_CPI_M.P00041516"",""observationDate"":""2021-12-31"",""row"":57,""column"":5,""columns"":{""seriesKey"":2,""date"":4,""value"":5,""unit"":6,""status"":7,""comments"":8}},""rawValue"":""11.69150848""}"
urban_food,2022-01,2022-01-31,13.2634617,Percent,not-stated,Normal,,,"{""artifactId"":""TS_GP_PT_CPI_M.P00041516:948bae06546b3253c0694488b05793565f42c408d62193d2a7e4352716585f55:564a9107bb76"",""sourceKey"":""TS_GP_PT_CPI_M.P00041516"",""retrievedAt"":""2026-09-30T22:08:41.088Z"",""locator"":{""seriesKey"":""TS_GP_PT_CPI_M.P00041516"",""observationDate"":""2022-01-31"",""row"":56,""column"":5,""columns"":{""seriesKey"":2,""date"":4,""value"":5,""unit"":6,""status"":7,""comments"":8}},""rawValue"":""13.2634617""}"
urban_food,2022-02,2022-02-28,14.32278256,Percent,not-stated,Normal,,,"{""artifactId"":""TS_GP_PT_CPI_M.P00041516:948bae06546b3253c0694488b05793565f42c408d62193d2a7e4352716585f55:564a9107bb76"",""sourceKey"":""TS_GP_PT_CPI_M.P00041516"",""retrievedAt"":""2026-09-30T22:08:41.088Z"",""locator"":{""seriesKey"":""TS_GP_PT_CPI_M.P00041516"",""observationDate"":""2022-02-28"",""row"":55,""column"":5,""columns"":{""seriesKey"":2,""date"":4,""value"":5,""unit"":6,""status"":7,""comments"":8}},""rawValue"":""14.32278256""}"
urban_food,2022-03,2022-03-31,14.5,Percent,not-stated,Normal,,,"{""artifactId"":""TS_GP_PT_CPI_M.P00041516:948bae06546b3253c0694488b05793565f42c408d62193d2a7e4352716585f55:564a9107bb76"",""sourceKey"":""TS_GP_PT_CPI_M.P00041516"",""retrievedAt"":""2026-09-30T22:08:41.088Z"",""locator"":{""seriesKey"":""TS_GP_PT_CPI_M.P00041516"",""observationDate"":""2022-03-31"",""row"":54,""column"":5,""columns"":{""seriesKey"":2,""date"":4,""value"":5,""unit"":6,""status"":7,""comments"":8}},""rawValue"":""14.5""}"
urban_food,2022-04,2022-04-30,15.57495405,Percent,not-stated,Normal,,,"{""artifactId"":""TS_GP_PT_CPI_M.P00041516:948bae06546b3253c0694488b05793565f42c408d62193d2a7e4352716585f55:564a9107bb76"",""sourceKey"":""TS_GP_PT_CPI_M.P00041516"",""retrievedAt"":""2026-09-30T22:08:41.088Z"",""locator"":{""seriesKey"":""TS_GP_PT_CPI_M.P00041516"",""observationDate"":""2022-04-30"",""row"":53,""column"":5,""columns"":{""seriesKey"":2,""date"":4,""value"":5,""unit"":6,""status"":7,""comments"":8}},""rawValue"":""15.57495405""}"
urban_food,2022-05,2022-05-31,15.5,Percent,not-stated,Normal,,,"{""artifactId"":""TS_GP_PT_CPI_M.P00041516:948bae06546b3253c0694488b05793565f42c408d62193d2a7e4352716585f55:564a9107bb76"",""sourceKey"":""TS_GP_PT_CPI_M.P00041516"",""retrievedAt"":""2026-09-30T22:08:41.088Z"",""locator"":{""seriesKey"":""TS_GP_PT_CPI_M.P00041516"",""observationDate"":""2022-05-31"",""row"":52,""column"":5,""columns"":{""seriesKey"":2,""date"":4,""value"":5,""unit"":6,""status"":7,""comments"":8}},""rawValue"":""15.5""}"
urban_food,2022-06,2022-06-30,24,Percent,not-stated,Normal,,,"{""artifactId"":""TS_GP_PT_CPI_M.P00041516:948bae06546b3253c0694488b05793565f42c408d62193d2a7e4352716585f55:564a9107bb76"",""sourceKey"":""TS_GP_PT_CPI_M.P00041516"",""retrievedAt"":""2026-09-30T22:08:41.088Z"",""locator"":{""seriesKey"":""TS_GP_PT_CPI_M.P00041516"",""observationDate"":""2022-06-30"",""row"":51,""column"":5,""columns"":{""seriesKey"":2,""date"":4,""value"":5,""unit"":6,""status"":7,""comments"":8}},""rawValue"":""24""}"
urban_food,2022-07,2022-07-31,27.4,Percent,not-stated,Normal,,,"{""artifactId"":""TS_GP_PT_CPI_M.P00041516:948bae06546b3253c0694488b05793565f42c408d62193d2a7e4352716585f55:564a9107bb76"",""sourceKey"":""TS_GP_PT_CPI_M.P00041516"",""retrievedAt"":""2026-09-30T22:08:41.088Z"",""locator"":{""seriesKey"":""TS_GP_PT_CPI_M.P00041516"",""observationDate"":""2022-07-31"",""row"":50,""column"":5,""columns"":{""seriesKey"":2,""date"":4,""value"":5,""unit"":6,""status"":7,""comments"":8}},""rawValue"":""27.4""}"
urban_food,2022-08,2022-08-31,28.8,Percent,not-stated,Normal,,,"{""artifactId"":""TS_GP_PT_CPI_M.P00041516:948bae06546b3253c0694488b05793565f42c408d62193d2a7e4352716585f55:564a9107bb76"",""sourceKey"":""TS_GP_PT_CPI_M.P00041516"",""retrievedAt"":""2026-09-30T22:08:41.088Z"",""locator"":{""seriesKey"":""TS_GP_PT_CPI_M.P00041516"",""observationDate"":""2022-08-31"",""row"":49,""column"":5,""columns"":{""seriesKey"":2,""date"":4,""value"":5,""unit"":6,""status"":7,""comments"":8}},""rawValue"":""28.8""}"
urban_food,2022-09,2022-09-30,30.8,Percent,not-stated,Normal,,,"{""artifactId"":""TS_GP_PT_CPI_M.P00041516:948bae06546b3253c0694488b05793565f42c408d62193d2a7e4352716585f55:564a9107bb76"",""sourceKey"":""TS_GP_PT_CPI_M.P00041516"",""retrievedAt"":""2026-09-30T22:08:41.088Z"",""locator"":{""seriesKey"":""TS_GP_PT_CPI_M.P00041516"",""observationDate"":""2022-09-30"",""row"":48,""column"":5,""columns"":{""seriesKey"":2,""date"":4,""value"":5,""unit"":6,""status"":7,""comments"":8}},""rawValue"":""30.8""}"
urban_food,2022-10,2022-10-31,34.7,Percent,not-stated,Normal,,,"{""artifactId"":""TS_GP_PT_CPI_M.P00041516:948bae06546b3253c0694488b05793565f42c408d62193d2a7e4352716585f55:564a9107bb76"",""sourceKey"":""TS_GP_PT_CPI_M.P00041516"",""retrievedAt"":""2026-09-30T22:08:41.088Z"",""locator"":{""seriesKey"":""TS_GP_PT_CPI_M.P00041516"",""observationDate"":""2022-10-31"",""row"":47,""column"":5,""columns"":{""seriesKey"":2,""date"":4,""value"":5,""unit"":6,""status"":7,""comments"":8}},""rawValue"":""34.7""}"
urban_food,2022-11,2022-11-30,29.7,Percent,not-stated,Normal,,,"{""artifactId"":""TS_GP_PT_CPI_M.P00041516:948bae06546b3253c0694488b05793565f42c408d62193d2a7e4352716585f55:564a9107bb76"",""sourceKey"":""TS_GP_PT_CPI_M.P00041516"",""retrievedAt"":""2026-09-30T22:08:41.088Z"",""locator"":{""seriesKey"":""TS_GP_PT_CPI_M.P00041516"",""observationDate"":""2022-11-30"",""row"":46,""column"":5,""columns"":{""seriesKey"":2,""date"":4,""value"":5,""unit"":6,""status"":7,""comments"":8}},""rawValue"":""29.7""}"
urban_food,2022-12,2022-12-31,32.7,Percent,not-stated,Normal,,,"{""artifactId"":""TS_GP_PT_CPI_M.P00041516:948bae06546b3253c0694488b05793565f42c408d62193d2a7e4352716585f55:564a9107bb76"",""sourceKey"":""TS_GP_PT_CPI_M.P00041516"",""retrievedAt"":""2026-09-30T22:08:41.088Z"",""locator"":{""seriesKey"":""TS_GP_PT_CPI_M.P00041516"",""observationDate"":""2022-12-31"",""row"":45,""column"":5,""columns"":{""seriesKey"":2,""date"":4,""value"":5,""unit"":6,""status"":7,""comments"":8}},""rawValue"":""32.7""}"
urban_food,2023-01,2023-01-31,39,Percent,not-stated,Normal,,,"{""artifactId"":""TS_GP_PT_CPI_M.P00041516:948bae06546b3253c0694488b05793565f42c408d62193d2a7e4352716585f55:564a9107bb76"",""sourceKey"":""TS_GP_PT_CPI_M.P00041516"",""retrievedAt"":""2026-09-30T22:08:41.088Z"",""locator"":{""seriesKey"":""TS_GP_PT_CPI_M.P00041516"",""observationDate"":""2023-01-31"",""row"":44,""column"":5,""columns"":{""seriesKey"":2,""date"":4,""value"":5,""unit"":6,""status"":7,""comments"":8}},""rawValue"":""39""}"
urban_food,2023-02,2023-02-28,41.9,Percent,not-stated,Normal,,,"{""artifactId"":""TS_GP_PT_CPI_M.P00041516:948bae06546b3253c0694488b05793565f42c408d62193d2a7e4352716585f55:564a9107bb76"",""sourceKey"":""TS_GP_PT_CPI_M.P00041516"",""retrievedAt"":""2026-09-30T22:08:41.088Z"",""locator"":{""seriesKey"":""TS_GP_PT_CPI_M.P00041516"",""observationDate"":""2023-02-28"",""row"":43,""column"":5,""columns"":{""seriesKey"":2,""date"":4,""value"":5,""unit"":6,""status"":7,""comments"":8}},""rawValue"":""41.9""}"
urban_food,2023-03,2023-03-31,47.1,Percent,not-stated,Normal,,,"{""artifactId"":""TS_GP_PT_CPI_M.P00041516:948bae06546b3253c0694488b05793565f42c408d62193d2a7e4352716585f55:564a9107bb76"",""sourceKey"":""TS_GP_PT_CPI_M.P00041516"",""retrievedAt"":""2026-09-30T22:08:41.088Z"",""locator"":{""seriesKey"":""TS_GP_PT_CPI_M.P00041516"",""observationDate"":""2023-03-31"",""row"":42,""column"":5,""columns"":{""seriesKey"":2,""date"":4,""value"":5,""unit"":6,""status"":7,""comments"":8}},""rawValue"":""47.1""}"
urban_food,2023-04,2023-04-30,46.8,Percent,not-stated,Normal,,,"{""artifactId"":""TS_GP_PT_CPI_M.P00041516:948bae06546b3253c0694488b05793565f42c408d62193d2a7e4352716585f55:564a9107bb76"",""sourceKey"":""TS_GP_PT_CPI_M.P00041516"",""retrievedAt"":""2026-09-30T22:08:41.088Z"",""locator"":{""seriesKey"":""TS_GP_PT_CPI_M.P00041516"",""observationDate"":""2023-04-30"",""row"":41,""column"":5,""columns"":{""seriesKey"":2,""date"":4,""value"":5,""unit"":6,""status"":7,""comments"":8}},""rawValue"":""46.8""}"
urban_food,2023-05,2023-05-31,48.1,Percent,not-stated,Normal,,,"{""artifactId"":""TS_GP_PT_CPI_M.P00041516:948bae06546b3253c0694488b05793565f42c408d62193d2a7e4352716585f55:564a9107bb76"",""sourceKey"":""TS_GP_PT_CPI_M.P00041516"",""retrievedAt"":""2026-09-30T22:08:41.088Z"",""locator"":{""seriesKey"":""TS_GP_PT_CPI_M.P00041516"",""observationDate"":""2023-05-31"",""row"":40,""column"":5,""columns"":{""seriesKey"":2,""date"":4,""value"":5,""unit"":6,""status"":7,""comments"":8}},""rawValue"":""48.1""}"
urban_food,2023-06,2023-06-30,40.8,Percent,not-stated,Normal,,,"{""artifactId"":""TS_GP_PT_CPI_M.P00041516:948bae06546b3253c0694488b05793565f42c408d62193d2a7e4352716585f55:564a9107bb76"",""sourceKey"":""TS_GP_PT_CPI_M.P00041516"",""retrievedAt"":""2026-09-30T22:08:41.088Z"",""locator"":{""seriesKey"":""TS_GP_PT_CPI_M.P00041516"",""observationDate"":""2023-06-30"",""row"":39,""column"":5,""columns"":{""seriesKey"":2,""date"":4,""value"":5,""unit"":6,""status"":7,""comments"":8}},""rawValue"":""40.8""}"
urban_food,2023-07,2023-07-31,40.2,Percent,not-stated,Normal,,,"{""artifactId"":""TS_GP_PT_CPI_M.P00041516:948bae06546b3253c0694488b05793565f42c408d62193d2a7e4352716585f55:564a9107bb76"",""sourceKey"":""TS_GP_PT_CPI_M.P00041516"",""retrievedAt"":""2026-09-30T22:08:41.088Z"",""locator"":{""seriesKey"":""TS_GP_PT_CPI_M.P00041516"",""observationDate"":""2023-07-31"",""row"":38,""column"":5,""columns"":{""seriesKey"":2,""date"":4,""value"":5,""unit"":6,""status"":7,""comments"":8}},""rawValue"":""40.2""}"
urban_food,2023-08,2023-08-31,38.8,Percent,not-stated,Normal,,,"{""artifactId"":""TS_GP_PT_CPI_M.P00041516:948bae06546b3253c0694488b05793565f42c408d62193d2a7e4352716585f55:564a9107bb76"",""sourceKey"":""TS_GP_PT_CPI_M.P00041516"",""retrievedAt"":""2026-09-30T22:08:41.088Z"",""locator"":{""seriesKey"":""TS_GP_PT_CPI_M.P00041516"",""observationDate"":""2023-08-31"",""row"":37,""column"":5,""columns"":{""seriesKey"":2,""date"":4,""value"":5,""unit"":6,""status"":7,""comments"":8}},""rawValue"":""38.8""}"
urban_food,2023-09,2023-09-30,33.9,Percent,not-stated,Normal,,,"{""artifactId"":""TS_GP_PT_CPI_M.P00041516:948bae06546b3253c0694488b05793565f42c408d62193d2a7e4352716585f55:564a9107bb76"",""sourceKey"":""TS_GP_PT_CPI_M.P00041516"",""retrievedAt"":""2026-09-30T22:08:41.088Z"",""locator"":{""seriesKey"":""TS_GP_PT_CPI_M.P00041516"",""observationDate"":""2023-09-30"",""row"":36,""column"":5,""columns"":{""seriesKey"":2,""date"":4,""value"":5,""unit"":6,""status"":7,""comments"":8}},""rawValue"":""33.9""}"
urban_food,2023-10,2023-10-31,28.9,Percent,not-stated,Normal,,,"{""artifactId"":""TS_GP_PT_CPI_M.P00041516:948bae06546b3253c0694488b05793565f42c408d62193d2a7e4352716585f55:564a9107bb76"",""sourceKey"":""TS_GP_PT_CPI_M.P00041516"",""retrievedAt"":""2026-09-30T22:08:41.088Z"",""locator"":{""seriesKey"":""TS_GP_PT_CPI_M.P00041516"",""observationDate"":""2023-10-31"",""row"":35,""column"":5,""columns"":{""seriesKey"":2,""date"":4,""value"":5,""unit"":6,""status"":7,""comments"":8}},""rawValue"":""28.9""}"
urban_food,2023-11,2023-11-30,29.8,Percent,not-stated,Normal,,,"{""artifactId"":""TS_GP_PT_CPI_M.P00041516:948bae06546b3253c0694488b05793565f42c408d62193d2a7e4352716585f55:564a9107bb76"",""sourceKey"":""TS_GP_PT_CPI_M.P00041516"",""retrievedAt"":""2026-09-30T22:08:41.088Z"",""locator"":{""seriesKey"":""TS_GP_PT_CPI_M.P00041516"",""observationDate"":""2023-11-30"",""row"":34,""column"":5,""columns"":{""seriesKey"":2,""date"":4,""value"":5,""unit"":6,""status"":7,""comments"":8}},""rawValue"":""29.8""}"
urban_food,2023-12,2023-12-31,28.8,Percent,not-stated,Normal,,,"{""artifactId"":""TS_GP_PT_CPI_M.P00041516:948bae06546b3253c0694488b05793565f42c408d62193d2a7e4352716585f55:564a9107bb76"",""sourceKey"":""TS_GP_PT_CPI_M.P00041516"",""retrievedAt"":""2026-09-30T22:08:41.088Z"",""locator"":{""seriesKey"":""TS_GP_PT_CPI_M.P00041516"",""observationDate"":""2023-12-31"",""row"":33,""column"":5,""columns"":{""seriesKey"":2,""date"":4,""value"":5,""unit"":6,""status"":7,""comments"":8}},""rawValue"":""28.8""}"
urban_food,2024-01,2024-01-31,27.4,Percent,not-stated,Normal,,,"{""artifactId"":""TS_GP_PT_CPI_M.P00041516:948bae06546b3253c0694488b05793565f42c408d62193d2a7e4352716585f55:564a9107bb76"",""sourceKey"":""TS_GP_PT_CPI_M.P00041516"",""retrievedAt"":""2026-09-30T22:08:41.088Z"",""locator"":{""seriesKey"":""TS_GP_PT_CPI_M.P00041516"",""observationDate"":""2024-01-31"",""row"":32,""column"":5,""columns"":{""seriesKey"":2,""date"":4,""value"":5,""unit"":6,""status"":7,""comments"":8}},""rawValue"":""27.4""}"
urban_food,2024-02,2024-02-29,20.2,Percent,not-stated,Normal,,,"{""artifactId"":""TS_GP_PT_CPI_M.P00041516:948bae06546b3253c0694488b05793565f42c408d62193d2a7e4352716585f55:564a9107bb76"",""sourceKey"":""TS_GP_PT_CPI_M.P00041516"",""retrievedAt"":""2026-09-30T22:08:41.088Z"",""locator"":{""seriesKey"":""TS_GP_PT_CPI_M.P00041516"",""observationDate"":""2024-02-29"",""row"":31,""column"":5,""columns"":{""seriesKey"":2,""date"":4,""value"":5,""unit"":6,""status"":7,""comments"":8}},""rawValue"":""20.2""}"
urban_food,2024-03,2024-03-31,16.6,Percent,not-stated,Normal,,,"{""artifactId"":""TS_GP_PT_CPI_M.P00041516:948bae06546b3253c0694488b05793565f42c408d62193d2a7e4352716585f55:564a9107bb76"",""sourceKey"":""TS_GP_PT_CPI_M.P00041516"",""retrievedAt"":""2026-09-30T22:08:41.088Z"",""locator"":{""seriesKey"":""TS_GP_PT_CPI_M.P00041516"",""observationDate"":""2024-03-31"",""row"":30,""column"":5,""columns"":{""seriesKey"":2,""date"":4,""value"":5,""unit"":6,""status"":7,""comments"":8}},""rawValue"":""16.6""}"
urban_food,2024-04,2024-04-30,11.3,Percent,not-stated,Normal,,,"{""artifactId"":""TS_GP_PT_CPI_M.P00041516:948bae06546b3253c0694488b05793565f42c408d62193d2a7e4352716585f55:564a9107bb76"",""sourceKey"":""TS_GP_PT_CPI_M.P00041516"",""retrievedAt"":""2026-09-30T22:08:41.088Z"",""locator"":{""seriesKey"":""TS_GP_PT_CPI_M.P00041516"",""observationDate"":""2024-04-30"",""row"":29,""column"":5,""columns"":{""seriesKey"":2,""date"":4,""value"":5,""unit"":6,""status"":7,""comments"":8}},""rawValue"":""11.3""}"
urban_food,2024-05,2024-05-31,2.2,Percent,not-stated,Normal,,,"{""artifactId"":""TS_GP_PT_CPI_M.P00041516:948bae06546b3253c0694488b05793565f42c408d62193d2a7e4352716585f55:564a9107bb76"",""sourceKey"":""TS_GP_PT_CPI_M.P00041516"",""retrievedAt"":""2026-09-30T22:08:41.088Z"",""locator"":{""seriesKey"":""TS_GP_PT_CPI_M.P00041516"",""observationDate"":""2024-05-31"",""row"":28,""column"":5,""columns"":{""seriesKey"":2,""date"":4,""value"":5,""unit"":6,""status"":7,""comments"":8}},""rawValue"":""2.2""}"
urban_food,2024-06,2024-06-30,2.6,Percent,not-stated,Normal,,,"{""artifactId"":""TS_GP_PT_CPI_M.P00041516:948bae06546b3253c0694488b05793565f42c408d62193d2a7e4352716585f55:564a9107bb76"",""sourceKey"":""TS_GP_PT_CPI_M.P00041516"",""retrievedAt"":""2026-09-30T22:08:41.088Z"",""locator"":{""seriesKey"":""TS_GP_PT_CPI_M.P00041516"",""observationDate"":""2024-06-30"",""row"":27,""column"":5,""columns"":{""seriesKey"":2,""date"":4,""value"":5,""unit"":6,""status"":7,""comments"":8}},""rawValue"":""2.6""}"
urban_food,2024-07,2024-07-31,3.4,Percent,not-stated,Normal,,,"{""artifactId"":""TS_GP_PT_CPI_M.P00041516:948bae06546b3253c0694488b05793565f42c408d62193d2a7e4352716585f55:564a9107bb76"",""sourceKey"":""TS_GP_PT_CPI_M.P00041516"",""retrievedAt"":""2026-09-30T22:08:41.088Z"",""locator"":{""seriesKey"":""TS_GP_PT_CPI_M.P00041516"",""observationDate"":""2024-07-31"",""row"":26,""column"":5,""columns"":{""seriesKey"":2,""date"":4,""value"":5,""unit"":6,""status"":7,""comments"":8}},""rawValue"":""3.4""}"
urban_food,2024-08,2024-08-31,4.1,Percent,not-stated,Normal,,,"{""artifactId"":""TS_GP_PT_CPI_M.P00041516:948bae06546b3253c0694488b05793565f42c408d62193d2a7e4352716585f55:564a9107bb76"",""sourceKey"":""TS_GP_PT_CPI_M.P00041516"",""retrievedAt"":""2026-09-30T22:08:41.088Z"",""locator"":{""seriesKey"":""TS_GP_PT_CPI_M.P00041516"",""observationDate"":""2024-08-31"",""row"":25,""column"":5,""columns"":{""seriesKey"":2,""date"":4,""value"":5,""unit"":6,""status"":7,""comments"":8}},""rawValue"":""4.1""}"
urban_food,2024-09,2024-09-30,1.7,Percent,not-stated,Normal,,,"{""artifactId"":""TS_GP_PT_CPI_M.P00041516:948bae06546b3253c0694488b05793565f42c408d62193d2a7e4352716585f55:564a9107bb76"",""sourceKey"":""TS_GP_PT_CPI_M.P00041516"",""retrievedAt"":""2026-09-30T22:08:41.088Z"",""locator"":{""seriesKey"":""TS_GP_PT_CPI_M.P00041516"",""observationDate"":""2024-09-30"",""row"":24,""column"":5,""columns"":{""seriesKey"":2,""date"":4,""value"":5,""unit"":6,""status"":7,""comments"":8}},""rawValue"":""1.7""}"
urban_food,2024-10,2024-10-31,2.7,Percent,not-stated,Normal,,,"{""artifactId"":""TS_GP_PT_CPI_M.P00041516:948bae06546b3253c0694488b05793565f42c408d62193d2a7e4352716585f55:564a9107bb76"",""sourceKey"":""TS_GP_PT_CPI_M.P00041516"",""retrievedAt"":""2026-09-30T22:08:41.088Z"",""locator"":{""seriesKey"":""TS_GP_PT_CPI_M.P00041516"",""observationDate"":""2024-10-31"",""row"":23,""column"":5,""columns"":{""seriesKey"":2,""date"":4,""value"":5,""unit"":6,""status"":7,""comments"":8}},""rawValue"":""2.7""}"
urban_food,2024-11,2024-11-30,1.7,Percent,not-stated,Normal,,,"{""artifactId"":""TS_GP_PT_CPI_M.P00041516:948bae06546b3253c0694488b05793565f42c408d62193d2a7e4352716585f55:564a9107bb76"",""sourceKey"":""TS_GP_PT_CPI_M.P00041516"",""retrievedAt"":""2026-09-30T22:08:41.088Z"",""locator"":{""seriesKey"":""TS_GP_PT_CPI_M.P00041516"",""observationDate"":""2024-11-30"",""row"":22,""column"":5,""columns"":{""seriesKey"":2,""date"":4,""value"":5,""unit"":6,""status"":7,""comments"":8}},""rawValue"":""1.7""}"
urban_food,2024-12,2024-12-31,2.5,Percent,not-stated,Normal,,,"{""artifactId"":""TS_GP_PT_CPI_M.P00041516:948bae06546b3253c0694488b05793565f42c408d62193d2a7e4352716585f55:564a9107bb76"",""sourceKey"":""TS_GP_PT_CPI_M.P00041516"",""retrievedAt"":""2026-09-30T22:08:41.088Z"",""locator"":{""seriesKey"":""TS_GP_PT_CPI_M.P00041516"",""observationDate"":""2024-12-31"",""row"":21,""column"":5,""columns"":{""seriesKey"":2,""date"":4,""value"":5,""unit"":6,""status"":7,""comments"":8}},""rawValue"":""2.5""}"
urban_food,2025-01,2025-01-31,-0.6,Percent,not-stated,Normal,,,"{""artifactId"":""TS_GP_PT_CPI_M.P00041516:948bae06546b3253c0694488b05793565f42c408d62193d2a7e4352716585f55:564a9107bb76"",""sourceKey"":""TS_GP_PT_CPI_M.P00041516"",""retrievedAt"":""2026-09-30T22:08:41.088Z"",""locator"":{""seriesKey"":""TS_GP_PT_CPI_M.P00041516"",""observationDate"":""2025-01-31"",""row"":20,""column"":5,""columns"":{""seriesKey"":2,""date"":4,""value"":5,""unit"":6,""status"":7,""comments"":8}},""rawValue"":""-.6""}"
urban_food,2025-02,2025-02-28,-0.9,Percent,not-stated,Normal,,,"{""artifactId"":""TS_GP_PT_CPI_M.P00041516:948bae06546b3253c0694488b05793565f42c408d62193d2a7e4352716585f55:564a9107bb76"",""sourceKey"":""TS_GP_PT_CPI_M.P00041516"",""retrievedAt"":""2026-09-30T22:08:41.088Z"",""locator"":{""seriesKey"":""TS_GP_PT_CPI_M.P00041516"",""observationDate"":""2025-02-28"",""row"":19,""column"":5,""columns"":{""seriesKey"":2,""date"":4,""value"":5,""unit"":6,""status"":7,""comments"":8}},""rawValue"":""-.9""}"
urban_food,2025-03,2025-03-31,-1.7,Percent,not-stated,Normal,,,"{""artifactId"":""TS_GP_PT_CPI_M.P00041516:948bae06546b3253c0694488b05793565f42c408d62193d2a7e4352716585f55:564a9107bb76"",""sourceKey"":""TS_GP_PT_CPI_M.P00041516"",""retrievedAt"":""2026-09-30T22:08:41.088Z"",""locator"":{""seriesKey"":""TS_GP_PT_CPI_M.P00041516"",""observationDate"":""2025-03-31"",""row"":18,""column"":5,""columns"":{""seriesKey"":2,""date"":4,""value"":5,""unit"":6,""status"":7,""comments"":8}},""rawValue"":""-1.7""}"
urban_food,2025-04,2025-04-30,-1.9,Percent,not-stated,Normal,,,"{""artifactId"":""TS_GP_PT_CPI_M.P00041516:948bae06546b3253c0694488b05793565f42c408d62193d2a7e4352716585f55:564a9107bb76"",""sourceKey"":""TS_GP_PT_CPI_M.P00041516"",""retrievedAt"":""2026-09-30T22:08:41.088Z"",""locator"":{""seriesKey"":""TS_GP_PT_CPI_M.P00041516"",""observationDate"":""2025-04-30"",""row"":17,""column"":5,""columns"":{""seriesKey"":2,""date"":4,""value"":5,""unit"":6,""status"":7,""comments"":8}},""rawValue"":""-1.9""}"
urban_food,2025-05,2025-05-31,5.3,Percent,not-stated,Normal,,,"{""artifactId"":""TS_GP_PT_CPI_M.P00041516:948bae06546b3253c0694488b05793565f42c408d62193d2a7e4352716585f55:564a9107bb76"",""sourceKey"":""TS_GP_PT_CPI_M.P00041516"",""retrievedAt"":""2026-09-30T22:08:41.088Z"",""locator"":{""seriesKey"":""TS_GP_PT_CPI_M.P00041516"",""observationDate"":""2025-05-31"",""row"":16,""column"":5,""columns"":{""seriesKey"":2,""date"":4,""value"":5,""unit"":6,""status"":7,""comments"":8}},""rawValue"":""5.3""}"
urban_food,2025-06,2025-06-30,4.2,Percent,not-stated,Normal,,,"{""artifactId"":""TS_GP_PT_CPI_M.P00041516:948bae06546b3253c0694488b05793565f42c408d62193d2a7e4352716585f55:564a9107bb76"",""sourceKey"":""TS_GP_PT_CPI_M.P00041516"",""retrievedAt"":""2026-09-30T22:08:41.088Z"",""locator"":{""seriesKey"":""TS_GP_PT_CPI_M.P00041516"",""observationDate"":""2025-06-30"",""row"":15,""column"":5,""columns"":{""seriesKey"":2,""date"":4,""value"":5,""unit"":6,""status"":7,""comments"":8}},""rawValue"":""4.2""}"
urban_food,2025-07,2025-07-31,2.2,Percent,not-stated,Normal,,,"{""artifactId"":""TS_GP_PT_CPI_M.P00041516:948bae06546b3253c0694488b05793565f42c408d62193d2a7e4352716585f55:564a9107bb76"",""sourceKey"":""TS_GP_PT_CPI_M.P00041516"",""retrievedAt"":""2026-09-30T22:08:41.088Z"",""locator"":{""seriesKey"":""TS_GP_PT_CPI_M.P00041516"",""observationDate"":""2025-07-31"",""row"":14,""column"":5,""columns"":{""seriesKey"":2,""date"":4,""value"":5,""unit"":6,""status"":7,""comments"":8}},""rawValue"":""2.2""}"
urban_food,2025-08,2025-08-31,-0.5,Percent,not-stated,Normal,,,"{""artifactId"":""TS_GP_PT_CPI_M.P00041516:948bae06546b3253c0694488b05793565f42c408d62193d2a7e4352716585f55:564a9107bb76"",""sourceKey"":""TS_GP_PT_CPI_M.P00041516"",""retrievedAt"":""2026-09-30T22:08:41.088Z"",""locator"":{""seriesKey"":""TS_GP_PT_CPI_M.P00041516"",""observationDate"":""2025-08-31"",""row"":13,""column"":5,""columns"":{""seriesKey"":2,""date"":4,""value"":5,""unit"":6,""status"":7,""comments"":8}},""rawValue"":""-.5""}"
urban_food,2025-09,2025-09-30,4.4,Percent,not-stated,Normal,,,"{""artifactId"":""TS_GP_PT_CPI_M.P00041516:948bae06546b3253c0694488b05793565f42c408d62193d2a7e4352716585f55:564a9107bb76"",""sourceKey"":""TS_GP_PT_CPI_M.P00041516"",""retrievedAt"":""2026-09-30T22:08:41.088Z"",""locator"":{""seriesKey"":""TS_GP_PT_CPI_M.P00041516"",""observationDate"":""2025-09-30"",""row"":12,""column"":5,""columns"":{""seriesKey"":2,""date"":4,""value"":5,""unit"":6,""status"":7,""comments"":8}},""rawValue"":""4.4""}"
urban_food,2025-10,2025-10-31,4.5,Percent,not-stated,Normal,,,"{""artifactId"":""TS_GP_PT_CPI_M.P00041516:948bae06546b3253c0694488b05793565f42c408d62193d2a7e4352716585f55:564a9107bb76"",""sourceKey"":""TS_GP_PT_CPI_M.P00041516"",""retrievedAt"":""2026-09-30T22:08:41.088Z"",""locator"":{""seriesKey"":""TS_GP_PT_CPI_M.P00041516"",""observationDate"":""2025-10-31"",""row"":11,""column"":5,""columns"":{""seriesKey"":2,""date"":4,""value"":5,""unit"":6,""status"":7,""comments"":8}},""rawValue"":""4.5""}"
urban_food,2025-11,2025-11-30,5,Percent,not-stated,Normal,,,"{""artifactId"":""TS_GP_PT_CPI_M.P00041516:948bae06546b3253c0694488b05793565f42c408d62193d2a7e4352716585f55:564a9107bb76"",""sourceKey"":""TS_GP_PT_CPI_M.P00041516"",""retrievedAt"":""2026-09-30T22:08:41.088Z"",""locator"":{""seriesKey"":""TS_GP_PT_CPI_M.P00041516"",""observationDate"":""2025-11-30"",""row"":10,""column"":5,""columns"":{""seriesKey"":2,""date"":4,""value"":5,""unit"":6,""status"":7,""comments"":8}},""rawValue"":""5""}"
urban_food,2025-12,2025-12-31,3.2,Percent,not-stated,Normal,,,"{""artifactId"":""TS_GP_PT_CPI_M.P00041516:948bae06546b3253c0694488b05793565f42c408d62193d2a7e4352716585f55:564a9107bb76"",""sourceKey"":""TS_GP_PT_CPI_M.P00041516"",""retrievedAt"":""2026-09-30T22:08:41.088Z"",""locator"":{""seriesKey"":""TS_GP_PT_CPI_M.P00041516"",""observationDate"":""2025-12-31"",""row"":9,""column"":5,""columns"":{""seriesKey"":2,""date"":4,""value"":5,""unit"":6,""status"":7,""comments"":8}},""rawValue"":""3.2""}"
urban_food,2026-01,2026-01-31,3.3,Percent,not-stated,Normal,,,"{""artifactId"":""TS_GP_PT_CPI_M.P00041516:948bae06546b3253c0694488b05793565f42c408d62193d2a7e4352716585f55:564a9107bb76"",""sourceKey"":""TS_GP_PT_CPI_M.P00041516"",""retrievedAt"":""2026-09-30T22:08:41.088Z"",""locator"":{""seriesKey"":""TS_GP_PT_CPI_M.P00041516"",""observationDate"":""2026-01-31"",""row"":8,""column"":5,""columns"":{""seriesKey"":2,""date"":4,""value"":5,""unit"":6,""status"":7,""comments"":8}},""rawValue"":""3.3""}"
urban_food,2026-02,2026-02-28,4.4,Percent,not-stated,Normal,,,"{""artifactId"":""TS_GP_PT_CPI_M.P00041516:948bae06546b3253c0694488b05793565f42c408d62193d2a7e4352716585f55:564a9107bb76"",""sourceKey"":""TS_GP_PT_CPI_M.P00041516"",""retrievedAt"":""2026-09-30T22:08:41.088Z"",""locator"":{""seriesKey"":""TS_GP_PT_CPI_M.P00041516"",""observationDate"":""2026-02-28"",""row"":7,""column"":5,""columns"":{""seriesKey"":2,""date"":4,""value"":5,""unit"":6,""status"":7,""comments"":8}},""rawValue"":""4.4""}"
urban_food,2026-03,2026-03-31,2.9,Percent,not-stated,Normal,,,"{""artifactId"":""TS_GP_PT_CPI_M.P00041516:948bae06546b3253c0694488b05793565f42c408d62193d2a7e4352716585f55:564a9107bb76"",""sourceKey"":""TS_GP_PT_CPI_M.P00041516"",""retrievedAt"":""2026-09-30T22:08:41.088Z"",""locator"":{""seriesKey"":""TS_GP_PT_CPI_M.P00041516"",""observationDate"":""2026-03-31"",""row"":6,""column"":5,""columns"":{""seriesKey"":2,""date"":4,""value"":5,""unit"":6,""status"":7,""comments"":8}},""rawValue"":""2.9""}"
urban_food,2026-04,2026-04-30,6.9,Percent,not-stated,Normal,0,,"{""artifactId"":""TS_GP_PT_CPI_M.P00041516:948bae06546b3253c0694488b05793565f42c408d62193d2a7e4352716585f55:564a9107bb76"",""sourceKey"":""TS_GP_PT_CPI_M.P00041516"",""retrievedAt"":""2026-09-30T22:08:41.088Z"",""locator"":{""seriesKey"":""TS_GP_PT_CPI_M.P00041516"",""observationDate"":""2026-04-30"",""row"":5,""column"":5,""columns"":{""seriesKey"":2,""date"":4,""value"":5,""unit"":6,""status"":7,""comments"":8}},""rawValue"":""6.9""}"
urban_food,2026-05,2026-05-31,6.5,Percent,not-stated,Normal,,,"{""artifactId"":""TS_GP_PT_CPI_M.P00041516:948bae06546b3253c0694488b05793565f42c408d62193d2a7e4352716585f55:564a9107bb76"",""sourceKey"":""TS_GP_PT_CPI_M.P00041516"",""retrievedAt"":""2026-09-30T22:08:41.088Z"",""locator"":{""seriesKey"":""TS_GP_PT_CPI_M.P00041516"",""observationDate"":""2026-05-31"",""row"":4,""column"":5,""columns"":{""seriesKey"":2,""date"":4,""value"":5,""unit"":6,""status"":7,""comments"":8}},""rawValue"":""6.5""}"
urban_food,2026-06,2026-06-30,8.2,Percent,not-stated,Normal,,,"{""artifactId"":""TS_GP_PT_CPI_M.P00041516:948bae06546b3253c0694488b05793565f42c408d62193d2a7e4352716585f55:564a9107bb76"",""sourceKey"":""TS_GP_PT_CPI_M.P00041516"",""retrievedAt"":""2026-09-30T22:08:41.088Z"",""locator"":{""seriesKey"":""TS_GP_PT_CPI_M.P00041516"",""observationDate"":""2026-06-30"",""row"":3,""column"":5,""columns"":{""seriesKey"":2,""date"":4,""value"":5,""unit"":6,""status"":7,""comments"":8}},""rawValue"":""8.2""}"
urban_food,2026-07,2026-07-31,9.6,Percent,not-stated,Normal,,,"{""artifactId"":""TS_GP_PT_CPI_M.P00041516:948bae06546b3253c0694488b05793565f42c408d62193d2a7e4352716585f55:564a9107bb76"",""sourceKey"":""TS_GP_PT_CPI_M.P00041516"",""retrievedAt"":""2026-09-30T22:08:41.088Z"",""locator"":{""seriesKey"":""TS_GP_PT_CPI_M.P00041516"",""observationDate"":""2026-07-31"",""row"":2,""column"":5,""columns"":{""seriesKey"":2,""date"":4,""value"":5,""unit"":6,""status"":7,""comments"":8}},""rawValue"":""9.6""}"
urban_food,2026-08,2026-08-31,12.1,Percent,not-stated,Normal,,,"{""artifactId"":""TS_GP_PT_CPI_M.P00041516:948bae06546b3253c0694488b05793565f42c408d62193d2a7e4352716585f55:564a9107bb76"",""sourceKey"":""TS_GP_PT_CPI_M.P00041516"",""retrievedAt"":""2026-09-30T22:08:41.088Z"",""locator"":{""seriesKey"":""TS_GP_PT_CPI_M.P00041516"",""observationDate"":""2026-08-31"",""row"":1,""column"":5,""columns"":{""seriesKey"":2,""date"":4,""value"":5,""unit"":6,""status"":7,""comments"":8}},""rawValue"":""12.1""}"
rural_food,2021-09,2021-09-30,9.07112715,Percent,not-stated,Normal,,,"{""artifactId"":""TS_GP_PT_CPI_M.P00051516:e4e14dc24ec9cd4cf891f061fb920632b93dc3fe817205d59cc537d1fdcf11c6:72ed8fe6dda4"",""sourceKey"":""TS_GP_PT_CPI_M.P00051516"",""retrievedAt"":""2026-09-30T22:08:41.520Z"",""locator"":{""seriesKey"":""TS_GP_PT_CPI_M.P00051516"",""observationDate"":""2021-09-30"",""row"":60,""column"":5,""columns"":{""seriesKey"":2,""date"":4,""value"":5,""unit"":6,""status"":7,""comments"":8}},""rawValue"":""9.07112715""}"
rural_food,2021-10,2021-10-31,7.2,Percent,not-stated,Normal,,,"{""artifactId"":""TS_GP_PT_CPI_M.P00051516:e4e14dc24ec9cd4cf891f061fb920632b93dc3fe817205d59cc537d1fdcf11c6:72ed8fe6dda4"",""sourceKey"":""TS_GP_PT_CPI_M.P00051516"",""retrievedAt"":""2026-09-30T22:08:41.520Z"",""locator"":{""seriesKey"":""TS_GP_PT_CPI_M.P00051516"",""observationDate"":""2021-10-31"",""row"":59,""column"":5,""columns"":{""seriesKey"":2,""date"":4,""value"":5,""unit"":6,""status"":7,""comments"":8}},""rawValue"":""7.2""}"
rural_food,2021-11,2021-11-30,8.6,Percent,not-stated,Normal,,,"{""artifactId"":""TS_GP_PT_CPI_M.P00051516:e4e14dc24ec9cd4cf891f061fb920632b93dc3fe817205d59cc537d1fdcf11c6:72ed8fe6dda4"",""sourceKey"":""TS_GP_PT_CPI_M.P00051516"",""retrievedAt"":""2026-09-30T22:08:41.520Z"",""locator"":{""seriesKey"":""TS_GP_PT_CPI_M.P00051516"",""observationDate"":""2021-11-30"",""row"":58,""column"":5,""columns"":{""seriesKey"":2,""date"":4,""value"":5,""unit"":6,""status"":7,""comments"":8}},""rawValue"":""8.6""}"
rural_food,2021-12,2021-12-31,8.979989165,Percent,not-stated,Normal,,,"{""artifactId"":""TS_GP_PT_CPI_M.P00051516:e4e14dc24ec9cd4cf891f061fb920632b93dc3fe817205d59cc537d1fdcf11c6:72ed8fe6dda4"",""sourceKey"":""TS_GP_PT_CPI_M.P00051516"",""retrievedAt"":""2026-09-30T22:08:41.520Z"",""locator"":{""seriesKey"":""TS_GP_PT_CPI_M.P00051516"",""observationDate"":""2021-12-31"",""row"":57,""column"":5,""columns"":{""seriesKey"":2,""date"":4,""value"":5,""unit"":6,""status"":7,""comments"":8}},""rawValue"":""8.979989165""}"
rural_food,2022-01,2022-01-31,11.83600016,Percent,not-stated,Normal,,,"{""artifactId"":""TS_GP_PT_CPI_M.P00051516:e4e14dc24ec9cd4cf891f061fb920632b93dc3fe817205d59cc537d1fdcf11c6:72ed8fe6dda4"",""sourceKey"":""TS_GP_PT_CPI_M.P00051516"",""retrievedAt"":""2026-09-30T22:08:41.520Z"",""locator"":{""seriesKey"":""TS_GP_PT_CPI_M.P00051516"",""observationDate"":""2022-01-31"",""row"":56,""column"":5,""columns"":{""seriesKey"":2,""date"":4,""value"":5,""unit"":6,""status"":7,""comments"":8}},""rawValue"":""11.83600016""}"
rural_food,2022-02,2022-02-28,14.62106708,Percent,not-stated,Normal,,,"{""artifactId"":""TS_GP_PT_CPI_M.P00051516:e4e14dc24ec9cd4cf891f061fb920632b93dc3fe817205d59cc537d1fdcf11c6:72ed8fe6dda4"",""sourceKey"":""TS_GP_PT_CPI_M.P00051516"",""retrievedAt"":""2026-09-30T22:08:41.520Z"",""locator"":{""seriesKey"":""TS_GP_PT_CPI_M.P00051516"",""observationDate"":""2022-02-28"",""row"":55,""column"":5,""columns"":{""seriesKey"":2,""date"":4,""value"":5,""unit"":6,""status"":7,""comments"":8}},""rawValue"":""14.62106708""}"
rural_food,2022-03,2022-03-31,15.5,Percent,not-stated,Normal,,,"{""artifactId"":""TS_GP_PT_CPI_M.P00051516:e4e14dc24ec9cd4cf891f061fb920632b93dc3fe817205d59cc537d1fdcf11c6:72ed8fe6dda4"",""sourceKey"":""TS_GP_PT_CPI_M.P00051516"",""retrievedAt"":""2026-09-30T22:08:41.520Z"",""locator"":{""seriesKey"":""TS_GP_PT_CPI_M.P00051516"",""observationDate"":""2022-03-31"",""row"":54,""column"":5,""columns"":{""seriesKey"":2,""date"":4,""value"":5,""unit"":6,""status"":7,""comments"":8}},""rawValue"":""15.5""}"
rural_food,2022-04,2022-04-30,17.67929462,Percent,not-stated,Normal,,,"{""artifactId"":""TS_GP_PT_CPI_M.P00051516:e4e14dc24ec9cd4cf891f061fb920632b93dc3fe817205d59cc537d1fdcf11c6:72ed8fe6dda4"",""sourceKey"":""TS_GP_PT_CPI_M.P00051516"",""retrievedAt"":""2026-09-30T22:08:41.520Z"",""locator"":{""seriesKey"":""TS_GP_PT_CPI_M.P00051516"",""observationDate"":""2022-04-30"",""row"":53,""column"":5,""columns"":{""seriesKey"":2,""date"":4,""value"":5,""unit"":6,""status"":7,""comments"":8}},""rawValue"":""17.67929462""}"
rural_food,2022-05,2022-05-31,19,Percent,not-stated,Normal,,,"{""artifactId"":""TS_GP_PT_CPI_M.P00051516:e4e14dc24ec9cd4cf891f061fb920632b93dc3fe817205d59cc537d1fdcf11c6:72ed8fe6dda4"",""sourceKey"":""TS_GP_PT_CPI_M.P00051516"",""retrievedAt"":""2026-09-30T22:08:41.520Z"",""locator"":{""seriesKey"":""TS_GP_PT_CPI_M.P00051516"",""observationDate"":""2022-05-31"",""row"":52,""column"":5,""columns"":{""seriesKey"":2,""date"":4,""value"":5,""unit"":6,""status"":7,""comments"":8}},""rawValue"":""19""}"
rural_food,2022-06,2022-06-30,27,Percent,not-stated,Normal,,,"{""artifactId"":""TS_GP_PT_CPI_M.P00051516:e4e14dc24ec9cd4cf891f061fb920632b93dc3fe817205d59cc537d1fdcf11c6:72ed8fe6dda4"",""sourceKey"":""TS_GP_PT_CPI_M.P00051516"",""retrievedAt"":""2026-09-30T22:08:41.520Z"",""locator"":{""seriesKey"":""TS_GP_PT_CPI_M.P00051516"",""observationDate"":""2022-06-30"",""row"":51,""column"":5,""columns"":{""seriesKey"":2,""date"":4,""value"":5,""unit"":6,""status"":7,""comments"":8}},""rawValue"":""27""}"
rural_food,2022-07,2022-07-31,29.6,Percent,not-stated,Normal,,,"{""artifactId"":""TS_GP_PT_CPI_M.P00051516:e4e14dc24ec9cd4cf891f061fb920632b93dc3fe817205d59cc537d1fdcf11c6:72ed8fe6dda4"",""sourceKey"":""TS_GP_PT_CPI_M.P00051516"",""retrievedAt"":""2026-09-30T22:08:41.520Z"",""locator"":{""seriesKey"":""TS_GP_PT_CPI_M.P00051516"",""observationDate"":""2022-07-31"",""row"":50,""column"":5,""columns"":{""seriesKey"":2,""date"":4,""value"":5,""unit"":6,""status"":7,""comments"":8}},""rawValue"":""29.6""}"
rural_food,2022-08,2022-08-31,30.2,Percent,not-stated,Normal,,,"{""artifactId"":""TS_GP_PT_CPI_M.P00051516:e4e14dc24ec9cd4cf891f061fb920632b93dc3fe817205d59cc537d1fdcf11c6:72ed8fe6dda4"",""sourceKey"":""TS_GP_PT_CPI_M.P00051516"",""retrievedAt"":""2026-09-30T22:08:41.520Z"",""locator"":{""seriesKey"":""TS_GP_PT_CPI_M.P00051516"",""observationDate"":""2022-08-31"",""row"":49,""column"":5,""columns"":{""seriesKey"":2,""date"":4,""value"":5,""unit"":6,""status"":7,""comments"":8}},""rawValue"":""30.2""}"
rural_food,2022-09,2022-09-30,32.7,Percent,not-stated,Normal,,,"{""artifactId"":""TS_GP_PT_CPI_M.P00051516:e4e14dc24ec9cd4cf891f061fb920632b93dc3fe817205d59cc537d1fdcf11c6:72ed8fe6dda4"",""sourceKey"":""TS_GP_PT_CPI_M.P00051516"",""retrievedAt"":""2026-09-30T22:08:41.520Z"",""locator"":{""seriesKey"":""TS_GP_PT_CPI_M.P00051516"",""observationDate"":""2022-09-30"",""row"":48,""column"":5,""columns"":{""seriesKey"":2,""date"":4,""value"":5,""unit"":6,""status"":7,""comments"":8}},""rawValue"":""32.7""}"
rural_food,2022-10,2022-10-31,37.2,Percent,not-stated,Normal,,,"{""artifactId"":""TS_GP_PT_CPI_M.P00051516:e4e14dc24ec9cd4cf891f061fb920632b93dc3fe817205d59cc537d1fdcf11c6:72ed8fe6dda4"",""sourceKey"":""TS_GP_PT_CPI_M.P00051516"",""retrievedAt"":""2026-09-30T22:08:41.520Z"",""locator"":{""seriesKey"":""TS_GP_PT_CPI_M.P00051516"",""observationDate"":""2022-10-31"",""row"":47,""column"":5,""columns"":{""seriesKey"":2,""date"":4,""value"":5,""unit"":6,""status"":7,""comments"":8}},""rawValue"":""37.2""}"
rural_food,2022-11,2022-11-30,33.5,Percent,not-stated,Normal,,,"{""artifactId"":""TS_GP_PT_CPI_M.P00051516:e4e14dc24ec9cd4cf891f061fb920632b93dc3fe817205d59cc537d1fdcf11c6:72ed8fe6dda4"",""sourceKey"":""TS_GP_PT_CPI_M.P00051516"",""retrievedAt"":""2026-09-30T22:08:41.520Z"",""locator"":{""seriesKey"":""TS_GP_PT_CPI_M.P00051516"",""observationDate"":""2022-11-30"",""row"":46,""column"":5,""columns"":{""seriesKey"":2,""date"":4,""value"":5,""unit"":6,""status"":7,""comments"":8}},""rawValue"":""33.5""}"
rural_food,2022-12,2022-12-31,37.9,Percent,not-stated,Normal,,,"{""artifactId"":""TS_GP_PT_CPI_M.P00051516:e4e14dc24ec9cd4cf891f061fb920632b93dc3fe817205d59cc537d1fdcf11c6:72ed8fe6dda4"",""sourceKey"":""TS_GP_PT_CPI_M.P00051516"",""retrievedAt"":""2026-09-30T22:08:41.520Z"",""locator"":{""seriesKey"":""TS_GP_PT_CPI_M.P00051516"",""observationDate"":""2022-12-31"",""row"":45,""column"":5,""columns"":{""seriesKey"":2,""date"":4,""value"":5,""unit"":6,""status"":7,""comments"":8}},""rawValue"":""37.9""}"
rural_food,2023-01,2023-01-31,45.2,Percent,not-stated,Normal,,,"{""artifactId"":""TS_GP_PT_CPI_M.P00051516:e4e14dc24ec9cd4cf891f061fb920632b93dc3fe817205d59cc537d1fdcf11c6:72ed8fe6dda4"",""sourceKey"":""TS_GP_PT_CPI_M.P00051516"",""retrievedAt"":""2026-09-30T22:08:41.520Z"",""locator"":{""seriesKey"":""TS_GP_PT_CPI_M.P00051516"",""observationDate"":""2023-01-31"",""row"":44,""column"":5,""columns"":{""seriesKey"":2,""date"":4,""value"":5,""unit"":6,""status"":7,""comments"":8}},""rawValue"":""45.2""}"
rural_food,2023-02,2023-02-28,47,Percent,not-stated,Normal,,,"{""artifactId"":""TS_GP_PT_CPI_M.P00051516:e4e14dc24ec9cd4cf891f061fb920632b93dc3fe817205d59cc537d1fdcf11c6:72ed8fe6dda4"",""sourceKey"":""TS_GP_PT_CPI_M.P00051516"",""retrievedAt"":""2026-09-30T22:08:41.520Z"",""locator"":{""seriesKey"":""TS_GP_PT_CPI_M.P00051516"",""observationDate"":""2023-02-28"",""row"":43,""column"":5,""columns"":{""seriesKey"":2,""date"":4,""value"":5,""unit"":6,""status"":7,""comments"":8}},""rawValue"":""47""}"
rural_food,2023-03,2023-03-31,50.2,Percent,not-stated,Normal,,,"{""artifactId"":""TS_GP_PT_CPI_M.P00051516:e4e14dc24ec9cd4cf891f061fb920632b93dc3fe817205d59cc537d1fdcf11c6:72ed8fe6dda4"",""sourceKey"":""TS_GP_PT_CPI_M.P00051516"",""retrievedAt"":""2026-09-30T22:08:41.520Z"",""locator"":{""seriesKey"":""TS_GP_PT_CPI_M.P00051516"",""observationDate"":""2023-03-31"",""row"":42,""column"":5,""columns"":{""seriesKey"":2,""date"":4,""value"":5,""unit"":6,""status"":7,""comments"":8}},""rawValue"":""50.2""}"
rural_food,2023-04,2023-04-30,52.2,Percent,not-stated,Normal,,,"{""artifactId"":""TS_GP_PT_CPI_M.P00051516:e4e14dc24ec9cd4cf891f061fb920632b93dc3fe817205d59cc537d1fdcf11c6:72ed8fe6dda4"",""sourceKey"":""TS_GP_PT_CPI_M.P00051516"",""retrievedAt"":""2026-09-30T22:08:41.520Z"",""locator"":{""seriesKey"":""TS_GP_PT_CPI_M.P00051516"",""observationDate"":""2023-04-30"",""row"":41,""column"":5,""columns"":{""seriesKey"":2,""date"":4,""value"":5,""unit"":6,""status"":7,""comments"":8}},""rawValue"":""52.2""}"
rural_food,2023-05,2023-05-31,52.4,Percent,not-stated,Normal,,,"{""artifactId"":""TS_GP_PT_CPI_M.P00051516:e4e14dc24ec9cd4cf891f061fb920632b93dc3fe817205d59cc537d1fdcf11c6:72ed8fe6dda4"",""sourceKey"":""TS_GP_PT_CPI_M.P00051516"",""retrievedAt"":""2026-09-30T22:08:41.520Z"",""locator"":{""seriesKey"":""TS_GP_PT_CPI_M.P00051516"",""observationDate"":""2023-05-31"",""row"":40,""column"":5,""columns"":{""seriesKey"":2,""date"":4,""value"":5,""unit"":6,""status"":7,""comments"":8}},""rawValue"":""52.4""}"
rural_food,2023-06,2023-06-30,41.5,Percent,not-stated,Normal,,,"{""artifactId"":""TS_GP_PT_CPI_M.P00051516:e4e14dc24ec9cd4cf891f061fb920632b93dc3fe817205d59cc537d1fdcf11c6:72ed8fe6dda4"",""sourceKey"":""TS_GP_PT_CPI_M.P00051516"",""retrievedAt"":""2026-09-30T22:08:41.520Z"",""locator"":{""seriesKey"":""TS_GP_PT_CPI_M.P00051516"",""observationDate"":""2023-06-30"",""row"":39,""column"":5,""columns"":{""seriesKey"":2,""date"":4,""value"":5,""unit"":6,""status"":7,""comments"":8}},""rawValue"":""41.5""}"
rural_food,2023-07,2023-07-31,41.3,Percent,not-stated,Normal,,,"{""artifactId"":""TS_GP_PT_CPI_M.P00051516:e4e14dc24ec9cd4cf891f061fb920632b93dc3fe817205d59cc537d1fdcf11c6:72ed8fe6dda4"",""sourceKey"":""TS_GP_PT_CPI_M.P00051516"",""retrievedAt"":""2026-09-30T22:08:41.520Z"",""locator"":{""seriesKey"":""TS_GP_PT_CPI_M.P00051516"",""observationDate"":""2023-07-31"",""row"":38,""column"":5,""columns"":{""seriesKey"":2,""date"":4,""value"":5,""unit"":6,""status"":7,""comments"":8}},""rawValue"":""41.3""}"
rural_food,2023-08,2023-08-31,40.6,Percent,not-stated,Normal,,,"{""artifactId"":""TS_GP_PT_CPI_M.P00051516:e4e14dc24ec9cd4cf891f061fb920632b93dc3fe817205d59cc537d1fdcf11c6:72ed8fe6dda4"",""sourceKey"":""TS_GP_PT_CPI_M.P00051516"",""retrievedAt"":""2026-09-30T22:08:41.520Z"",""locator"":{""seriesKey"":""TS_GP_PT_CPI_M.P00051516"",""observationDate"":""2023-08-31"",""row"":37,""column"":5,""columns"":{""seriesKey"":2,""date"":4,""value"":5,""unit"":6,""status"":7,""comments"":8}},""rawValue"":""40.6""}"
rural_food,2023-09,2023-09-30,35.4,Percent,not-stated,Normal,,,"{""artifactId"":""TS_GP_PT_CPI_M.P00051516:e4e14dc24ec9cd4cf891f061fb920632b93dc3fe817205d59cc537d1fdcf11c6:72ed8fe6dda4"",""sourceKey"":""TS_GP_PT_CPI_M.P00051516"",""retrievedAt"":""2026-09-30T22:08:41.520Z"",""locator"":{""seriesKey"":""TS_GP_PT_CPI_M.P00051516"",""observationDate"":""2023-09-30"",""row"":36,""column"":5,""columns"":{""seriesKey"":2,""date"":4,""value"":5,""unit"":6,""status"":7,""comments"":8}},""rawValue"":""35.4""}"
rural_food,2023-10,2023-10-31,28.6,Percent,not-stated,Normal,,,"{""artifactId"":""TS_GP_PT_CPI_M.P00051516:e4e14dc24ec9cd4cf891f061fb920632b93dc3fe817205d59cc537d1fdcf11c6:72ed8fe6dda4"",""sourceKey"":""TS_GP_PT_CPI_M.P00051516"",""retrievedAt"":""2026-09-30T22:08:41.520Z"",""locator"":{""seriesKey"":""TS_GP_PT_CPI_M.P00051516"",""observationDate"":""2023-10-31"",""row"":35,""column"":5,""columns"":{""seriesKey"":2,""date"":4,""value"":5,""unit"":6,""status"":7,""comments"":8}},""rawValue"":""28.6""}"
rural_food,2023-11,2023-11-30,29.2,Percent,not-stated,Normal,,,"{""artifactId"":""TS_GP_PT_CPI_M.P00051516:e4e14dc24ec9cd4cf891f061fb920632b93dc3fe817205d59cc537d1fdcf11c6:72ed8fe6dda4"",""sourceKey"":""TS_GP_PT_CPI_M.P00051516"",""retrievedAt"":""2026-09-30T22:08:41.520Z"",""locator"":{""seriesKey"":""TS_GP_PT_CPI_M.P00051516"",""observationDate"":""2023-11-30"",""row"":34,""column"":5,""columns"":{""seriesKey"":2,""date"":4,""value"":5,""unit"":6,""status"":7,""comments"":8}},""rawValue"":""29.2""}"
rural_food,2023-12,2023-12-31,29.3,Percent,not-stated,Normal,,,"{""artifactId"":""TS_GP_PT_CPI_M.P00051516:e4e14dc24ec9cd4cf891f061fb920632b93dc3fe817205d59cc537d1fdcf11c6:72ed8fe6dda4"",""sourceKey"":""TS_GP_PT_CPI_M.P00051516"",""retrievedAt"":""2026-09-30T22:08:41.520Z"",""locator"":{""seriesKey"":""TS_GP_PT_CPI_M.P00051516"",""observationDate"":""2023-12-31"",""row"":33,""column"":5,""columns"":{""seriesKey"":2,""date"":4,""value"":5,""unit"":6,""status"":7,""comments"":8}},""rawValue"":""29.3""}"
rural_food,2024-01,2024-01-31,25.1,Percent,not-stated,Normal,,,"{""artifactId"":""TS_GP_PT_CPI_M.P00051516:e4e14dc24ec9cd4cf891f061fb920632b93dc3fe817205d59cc537d1fdcf11c6:72ed8fe6dda4"",""sourceKey"":""TS_GP_PT_CPI_M.P00051516"",""retrievedAt"":""2026-09-30T22:08:41.520Z"",""locator"":{""seriesKey"":""TS_GP_PT_CPI_M.P00051516"",""observationDate"":""2024-01-31"",""row"":32,""column"":5,""columns"":{""seriesKey"":2,""date"":4,""value"":5,""unit"":6,""status"":7,""comments"":8}},""rawValue"":""25.1""}"
rural_food,2024-02,2024-02-29,19,Percent,not-stated,Normal,,,"{""artifactId"":""TS_GP_PT_CPI_M.P00051516:e4e14dc24ec9cd4cf891f061fb920632b93dc3fe817205d59cc537d1fdcf11c6:72ed8fe6dda4"",""sourceKey"":""TS_GP_PT_CPI_M.P00051516"",""retrievedAt"":""2026-09-30T22:08:41.520Z"",""locator"":{""seriesKey"":""TS_GP_PT_CPI_M.P00051516"",""observationDate"":""2024-02-29"",""row"":31,""column"":5,""columns"":{""seriesKey"":2,""date"":4,""value"":5,""unit"":6,""status"":7,""comments"":8}},""rawValue"":""19""}"
rural_food,2024-03,2024-03-31,17.1,Percent,not-stated,Normal,,,"{""artifactId"":""TS_GP_PT_CPI_M.P00051516:e4e14dc24ec9cd4cf891f061fb920632b93dc3fe817205d59cc537d1fdcf11c6:72ed8fe6dda4"",""sourceKey"":""TS_GP_PT_CPI_M.P00051516"",""retrievedAt"":""2026-09-30T22:08:41.520Z"",""locator"":{""seriesKey"":""TS_GP_PT_CPI_M.P00051516"",""observationDate"":""2024-03-31"",""row"":30,""column"":5,""columns"":{""seriesKey"":2,""date"":4,""value"":5,""unit"":6,""status"":7,""comments"":8}},""rawValue"":""17.1""}"
rural_food,2024-04,2024-04-30,9.5,Percent,not-stated,Normal,,,"{""artifactId"":""TS_GP_PT_CPI_M.P00051516:e4e14dc24ec9cd4cf891f061fb920632b93dc3fe817205d59cc537d1fdcf11c6:72ed8fe6dda4"",""sourceKey"":""TS_GP_PT_CPI_M.P00051516"",""retrievedAt"":""2026-09-30T22:08:41.520Z"",""locator"":{""seriesKey"":""TS_GP_PT_CPI_M.P00051516"",""observationDate"":""2024-04-30"",""row"":29,""column"":5,""columns"":{""seriesKey"":2,""date"":4,""value"":5,""unit"":6,""status"":7,""comments"":8}},""rawValue"":""9.5""}"
rural_food,2024-05,2024-05-31,-0.1,Percent,not-stated,Normal,,,"{""artifactId"":""TS_GP_PT_CPI_M.P00051516:e4e14dc24ec9cd4cf891f061fb920632b93dc3fe817205d59cc537d1fdcf11c6:72ed8fe6dda4"",""sourceKey"":""TS_GP_PT_CPI_M.P00051516"",""retrievedAt"":""2026-09-30T22:08:41.520Z"",""locator"":{""seriesKey"":""TS_GP_PT_CPI_M.P00051516"",""observationDate"":""2024-05-31"",""row"":28,""column"":5,""columns"":{""seriesKey"":2,""date"":4,""value"":5,""unit"":6,""status"":7,""comments"":8}},""rawValue"":""-.1""}"
rural_food,2024-06,2024-06-30,1.3,Percent,not-stated,Normal,,,"{""artifactId"":""TS_GP_PT_CPI_M.P00051516:e4e14dc24ec9cd4cf891f061fb920632b93dc3fe817205d59cc537d1fdcf11c6:72ed8fe6dda4"",""sourceKey"":""TS_GP_PT_CPI_M.P00051516"",""retrievedAt"":""2026-09-30T22:08:41.520Z"",""locator"":{""seriesKey"":""TS_GP_PT_CPI_M.P00051516"",""observationDate"":""2024-06-30"",""row"":27,""column"":5,""columns"":{""seriesKey"":2,""date"":4,""value"":5,""unit"":6,""status"":7,""comments"":8}},""rawValue"":""1.3""}"
rural_food,2024-07,2024-07-31,1.3,Percent,not-stated,Normal,,,"{""artifactId"":""TS_GP_PT_CPI_M.P00051516:e4e14dc24ec9cd4cf891f061fb920632b93dc3fe817205d59cc537d1fdcf11c6:72ed8fe6dda4"",""sourceKey"":""TS_GP_PT_CPI_M.P00051516"",""retrievedAt"":""2026-09-30T22:08:41.520Z"",""locator"":{""seriesKey"":""TS_GP_PT_CPI_M.P00051516"",""observationDate"":""2024-07-31"",""row"":26,""column"":5,""columns"":{""seriesKey"":2,""date"":4,""value"":5,""unit"":6,""status"":7,""comments"":8}},""rawValue"":""1.3""}"
rural_food,2024-08,2024-08-31,1.9,Percent,not-stated,Normal,,,"{""artifactId"":""TS_GP_PT_CPI_M.P00051516:e4e14dc24ec9cd4cf891f061fb920632b93dc3fe817205d59cc537d1fdcf11c6:72ed8fe6dda4"",""sourceKey"":""TS_GP_PT_CPI_M.P00051516"",""retrievedAt"":""2026-09-30T22:08:41.520Z"",""locator"":{""seriesKey"":""TS_GP_PT_CPI_M.P00051516"",""observationDate"":""2024-08-31"",""row"":25,""column"":5,""columns"":{""seriesKey"":2,""date"":4,""value"":5,""unit"":6,""status"":7,""comments"":8}},""rawValue"":""1.9""}"
rural_food,2024-09,2024-09-30,-0.9,Percent,not-stated,Normal,,,"{""artifactId"":""TS_GP_PT_CPI_M.P00051516:e4e14dc24ec9cd4cf891f061fb920632b93dc3fe817205d59cc537d1fdcf11c6:72ed8fe6dda4"",""sourceKey"":""TS_GP_PT_CPI_M.P00051516"",""retrievedAt"":""2026-09-30T22:08:41.520Z"",""locator"":{""seriesKey"":""TS_GP_PT_CPI_M.P00051516"",""observationDate"":""2024-09-30"",""row"":24,""column"":5,""columns"":{""seriesKey"":2,""date"":4,""value"":5,""unit"":6,""status"":7,""comments"":8}},""rawValue"":""-.9""}"
rural_food,2024-10,2024-10-31,0.6,Percent,not-stated,Normal,,,"{""artifactId"":""TS_GP_PT_CPI_M.P00051516:e4e14dc24ec9cd4cf891f061fb920632b93dc3fe817205d59cc537d1fdcf11c6:72ed8fe6dda4"",""sourceKey"":""TS_GP_PT_CPI_M.P00051516"",""retrievedAt"":""2026-09-30T22:08:41.520Z"",""locator"":{""seriesKey"":""TS_GP_PT_CPI_M.P00051516"",""observationDate"":""2024-10-31"",""row"":23,""column"":5,""columns"":{""seriesKey"":2,""date"":4,""value"":5,""unit"":6,""status"":7,""comments"":8}},""rawValue"":"".6""}"
rural_food,2024-11,2024-11-30,-0.2,Percent,not-stated,Normal,,,"{""artifactId"":""TS_GP_PT_CPI_M.P00051516:e4e14dc24ec9cd4cf891f061fb920632b93dc3fe817205d59cc537d1fdcf11c6:72ed8fe6dda4"",""sourceKey"":""TS_GP_PT_CPI_M.P00051516"",""retrievedAt"":""2026-09-30T22:08:41.520Z"",""locator"":{""seriesKey"":""TS_GP_PT_CPI_M.P00051516"",""observationDate"":""2024-11-30"",""row"":22,""column"":5,""columns"":{""seriesKey"":2,""date"":4,""value"":5,""unit"":6,""status"":7,""comments"":8}},""rawValue"":""-.2""}"
rural_food,2024-12,2024-12-31,-0.2,Percent,not-stated,Normal,,,"{""artifactId"":""TS_GP_PT_CPI_M.P00051516:e4e14dc24ec9cd4cf891f061fb920632b93dc3fe817205d59cc537d1fdcf11c6:72ed8fe6dda4"",""sourceKey"":""TS_GP_PT_CPI_M.P00051516"",""retrievedAt"":""2026-09-30T22:08:41.520Z"",""locator"":{""seriesKey"":""TS_GP_PT_CPI_M.P00051516"",""observationDate"":""2024-12-31"",""row"":21,""column"":5,""columns"":{""seriesKey"":2,""date"":4,""value"":5,""unit"":6,""status"":7,""comments"":8}},""rawValue"":""-.2""}"
rural_food,2025-01,2025-01-31,-2.9,Percent,not-stated,Normal,,,"{""artifactId"":""TS_GP_PT_CPI_M.P00051516:e4e14dc24ec9cd4cf891f061fb920632b93dc3fe817205d59cc537d1fdcf11c6:72ed8fe6dda4"",""sourceKey"":""TS_GP_PT_CPI_M.P00051516"",""retrievedAt"":""2026-09-30T22:08:41.520Z"",""locator"":{""seriesKey"":""TS_GP_PT_CPI_M.P00051516"",""observationDate"":""2025-01-31"",""row"":20,""column"":5,""columns"":{""seriesKey"":2,""date"":4,""value"":5,""unit"":6,""status"":7,""comments"":8}},""rawValue"":""-2.9""}"
rural_food,2025-02,2025-02-28,-4.3,Percent,not-stated,Normal,,,"{""artifactId"":""TS_GP_PT_CPI_M.P00051516:e4e14dc24ec9cd4cf891f061fb920632b93dc3fe817205d59cc537d1fdcf11c6:72ed8fe6dda4"",""sourceKey"":""TS_GP_PT_CPI_M.P00051516"",""retrievedAt"":""2026-09-30T22:08:41.520Z"",""locator"":{""seriesKey"":""TS_GP_PT_CPI_M.P00051516"",""observationDate"":""2025-02-28"",""row"":19,""column"":5,""columns"":{""seriesKey"":2,""date"":4,""value"":5,""unit"":6,""status"":7,""comments"":8}},""rawValue"":""-4.3""}"
rural_food,2025-03,2025-03-31,-5.4,Percent,not-stated,Normal,,,"{""artifactId"":""TS_GP_PT_CPI_M.P00051516:e4e14dc24ec9cd4cf891f061fb920632b93dc3fe817205d59cc537d1fdcf11c6:72ed8fe6dda4"",""sourceKey"":""TS_GP_PT_CPI_M.P00051516"",""retrievedAt"":""2026-09-30T22:08:41.520Z"",""locator"":{""seriesKey"":""TS_GP_PT_CPI_M.P00051516"",""observationDate"":""2025-03-31"",""row"":18,""column"":5,""columns"":{""seriesKey"":2,""date"":4,""value"":5,""unit"":6,""status"":7,""comments"":8}},""rawValue"":""-5.4""}"
rural_food,2025-04,2025-04-30,-4.6,Percent,not-stated,Normal,,,"{""artifactId"":""TS_GP_PT_CPI_M.P00051516:e4e14dc24ec9cd4cf891f061fb920632b93dc3fe817205d59cc537d1fdcf11c6:72ed8fe6dda4"",""sourceKey"":""TS_GP_PT_CPI_M.P00051516"",""retrievedAt"":""2026-09-30T22:08:41.520Z"",""locator"":{""seriesKey"":""TS_GP_PT_CPI_M.P00051516"",""observationDate"":""2025-04-30"",""row"":17,""column"":5,""columns"":{""seriesKey"":2,""date"":4,""value"":5,""unit"":6,""status"":7,""comments"":8}},""rawValue"":""-4.6""}"
rural_food,2025-05,2025-05-31,2.1,Percent,not-stated,Normal,,,"{""artifactId"":""TS_GP_PT_CPI_M.P00051516:e4e14dc24ec9cd4cf891f061fb920632b93dc3fe817205d59cc537d1fdcf11c6:72ed8fe6dda4"",""sourceKey"":""TS_GP_PT_CPI_M.P00051516"",""retrievedAt"":""2026-09-30T22:08:41.520Z"",""locator"":{""seriesKey"":""TS_GP_PT_CPI_M.P00051516"",""observationDate"":""2025-05-31"",""row"":16,""column"":5,""columns"":{""seriesKey"":2,""date"":4,""value"":5,""unit"":6,""status"":7,""comments"":8}},""rawValue"":""2.1""}"
rural_food,2025-06,2025-06-30,2.4,Percent,not-stated,Normal,,,"{""artifactId"":""TS_GP_PT_CPI_M.P00051516:e4e14dc24ec9cd4cf891f061fb920632b93dc3fe817205d59cc537d1fdcf11c6:72ed8fe6dda4"",""sourceKey"":""TS_GP_PT_CPI_M.P00051516"",""retrievedAt"":""2026-09-30T22:08:41.520Z"",""locator"":{""seriesKey"":""TS_GP_PT_CPI_M.P00051516"",""observationDate"":""2025-06-30"",""row"":15,""column"":5,""columns"":{""seriesKey"":2,""date"":4,""value"":5,""unit"":6,""status"":7,""comments"":8}},""rawValue"":""2.4""}"
rural_food,2025-07,2025-07-31,1.5,Percent,not-stated,Normal,,,"{""artifactId"":""TS_GP_PT_CPI_M.P00051516:e4e14dc24ec9cd4cf891f061fb920632b93dc3fe817205d59cc537d1fdcf11c6:72ed8fe6dda4"",""sourceKey"":""TS_GP_PT_CPI_M.P00051516"",""retrievedAt"":""2026-09-30T22:08:41.520Z"",""locator"":{""seriesKey"":""TS_GP_PT_CPI_M.P00051516"",""observationDate"":""2025-07-31"",""row"":14,""column"":5,""columns"":{""seriesKey"":2,""date"":4,""value"":5,""unit"":6,""status"":7,""comments"":8}},""rawValue"":""1.5""}"
rural_food,2025-08,2025-08-31,-0.5,Percent,not-stated,Normal,,,"{""artifactId"":""TS_GP_PT_CPI_M.P00051516:e4e14dc24ec9cd4cf891f061fb920632b93dc3fe817205d59cc537d1fdcf11c6:72ed8fe6dda4"",""sourceKey"":""TS_GP_PT_CPI_M.P00051516"",""retrievedAt"":""2026-09-30T22:08:41.520Z"",""locator"":{""seriesKey"":""TS_GP_PT_CPI_M.P00051516"",""observationDate"":""2025-08-31"",""row"":13,""column"":5,""columns"":{""seriesKey"":2,""date"":4,""value"":5,""unit"":6,""status"":7,""comments"":8}},""rawValue"":""-.5""}"
rural_food,2025-09,2025-09-30,6,Percent,not-stated,Normal,,,"{""artifactId"":""TS_GP_PT_CPI_M.P00051516:e4e14dc24ec9cd4cf891f061fb920632b93dc3fe817205d59cc537d1fdcf11c6:72ed8fe6dda4"",""sourceKey"":""TS_GP_PT_CPI_M.P00051516"",""retrievedAt"":""2026-09-30T22:08:41.520Z"",""locator"":{""seriesKey"":""TS_GP_PT_CPI_M.P00051516"",""observationDate"":""2025-09-30"",""row"":12,""column"":5,""columns"":{""seriesKey"":2,""date"":4,""value"":5,""unit"":6,""status"":7,""comments"":8}},""rawValue"":""6""}"
rural_food,2025-10,2025-10-31,6.8,Percent,not-stated,Normal,,,"{""artifactId"":""TS_GP_PT_CPI_M.P00051516:e4e14dc24ec9cd4cf891f061fb920632b93dc3fe817205d59cc537d1fdcf11c6:72ed8fe6dda4"",""sourceKey"":""TS_GP_PT_CPI_M.P00051516"",""retrievedAt"":""2026-09-30T22:08:41.520Z"",""locator"":{""seriesKey"":""TS_GP_PT_CPI_M.P00051516"",""observationDate"":""2025-10-31"",""row"":11,""column"":5,""columns"":{""seriesKey"":2,""date"":4,""value"":5,""unit"":6,""status"":7,""comments"":8}},""rawValue"":""6.8""}"
rural_food,2025-11,2025-11-30,5.9,Percent,not-stated,Normal,,,"{""artifactId"":""TS_GP_PT_CPI_M.P00051516:e4e14dc24ec9cd4cf891f061fb920632b93dc3fe817205d59cc537d1fdcf11c6:72ed8fe6dda4"",""sourceKey"":""TS_GP_PT_CPI_M.P00051516"",""retrievedAt"":""2026-09-30T22:08:41.520Z"",""locator"":{""seriesKey"":""TS_GP_PT_CPI_M.P00051516"",""observationDate"":""2025-11-30"",""row"":10,""column"":5,""columns"":{""seriesKey"":2,""date"":4,""value"":5,""unit"":6,""status"":7,""comments"":8}},""rawValue"":""5.9""}"
rural_food,2025-12,2025-12-31,3.8,Percent,not-stated,Normal,,,"{""artifactId"":""TS_GP_PT_CPI_M.P00051516:e4e14dc24ec9cd4cf891f061fb920632b93dc3fe817205d59cc537d1fdcf11c6:72ed8fe6dda4"",""sourceKey"":""TS_GP_PT_CPI_M.P00051516"",""retrievedAt"":""2026-09-30T22:08:41.520Z"",""locator"":{""seriesKey"":""TS_GP_PT_CPI_M.P00051516"",""observationDate"":""2025-12-31"",""row"":9,""column"":5,""columns"":{""seriesKey"":2,""date"":4,""value"":5,""unit"":6,""status"":7,""comments"":8}},""rawValue"":""3.8""}"
rural_food,2026-01,2026-01-31,4.7,Percent,not-stated,Normal,,,"{""artifactId"":""TS_GP_PT_CPI_M.P00051516:e4e14dc24ec9cd4cf891f061fb920632b93dc3fe817205d59cc537d1fdcf11c6:72ed8fe6dda4"",""sourceKey"":""TS_GP_PT_CPI_M.P00051516"",""retrievedAt"":""2026-09-30T22:08:41.520Z"",""locator"":{""seriesKey"":""TS_GP_PT_CPI_M.P00051516"",""observationDate"":""2026-01-31"",""row"":8,""column"":5,""columns"":{""seriesKey"":2,""date"":4,""value"":5,""unit"":6,""status"":7,""comments"":8}},""rawValue"":""4.7""}"
rural_food,2026-02,2026-02-28,6.8,Percent,not-stated,Normal,,,"{""artifactId"":""TS_GP_PT_CPI_M.P00051516:e4e14dc24ec9cd4cf891f061fb920632b93dc3fe817205d59cc537d1fdcf11c6:72ed8fe6dda4"",""sourceKey"":""TS_GP_PT_CPI_M.P00051516"",""retrievedAt"":""2026-09-30T22:08:41.520Z"",""locator"":{""seriesKey"":""TS_GP_PT_CPI_M.P00051516"",""observationDate"":""2026-02-28"",""row"":7,""column"":5,""columns"":{""seriesKey"":2,""date"":4,""value"":5,""unit"":6,""status"":7,""comments"":8}},""rawValue"":""6.8""}"
rural_food,2026-03,2026-03-31,4.5,Percent,not-stated,Normal,,,"{""artifactId"":""TS_GP_PT_CPI_M.P00051516:e4e14dc24ec9cd4cf891f061fb920632b93dc3fe817205d59cc537d1fdcf11c6:72ed8fe6dda4"",""sourceKey"":""TS_GP_PT_CPI_M.P00051516"",""retrievedAt"":""2026-09-30T22:08:41.520Z"",""locator"":{""seriesKey"":""TS_GP_PT_CPI_M.P00051516"",""observationDate"":""2026-03-31"",""row"":6,""column"":5,""columns"":{""seriesKey"":2,""date"":4,""value"":5,""unit"":6,""status"":7,""comments"":8}},""rawValue"":""4.5""}"
rural_food,2026-04,2026-04-30,7.3,Percent,not-stated,Normal,0,,"{""artifactId"":""TS_GP_PT_CPI_M.P00051516:e4e14dc24ec9cd4cf891f061fb920632b93dc3fe817205d59cc537d1fdcf11c6:72ed8fe6dda4"",""sourceKey"":""TS_GP_PT_CPI_M.P00051516"",""retrievedAt"":""2026-09-30T22:08:41.520Z"",""locator"":{""seriesKey"":""TS_GP_PT_CPI_M.P00051516"",""observationDate"":""2026-04-30"",""row"":5,""column"":5,""columns"":{""seriesKey"":2,""date"":4,""value"":5,""unit"":6,""status"":7,""comments"":8}},""rawValue"":""7.3""}"
rural_food,2026-05,2026-05-31,8.5,Percent,not-stated,Normal,,,"{""artifactId"":""TS_GP_PT_CPI_M.P00051516:e4e14dc24ec9cd4cf891f061fb920632b93dc3fe817205d59cc537d1fdcf11c6:72ed8fe6dda4"",""sourceKey"":""TS_GP_PT_CPI_M.P00051516"",""retrievedAt"":""2026-09-30T22:08:41.520Z"",""locator"":{""seriesKey"":""TS_GP_PT_CPI_M.P00051516"",""observationDate"":""2026-05-31"",""row"":4,""column"":5,""columns"":{""seriesKey"":2,""date"":4,""value"":5,""unit"":6,""status"":7,""comments"":8}},""rawValue"":""8.5""}"
rural_food,2026-06,2026-06-30,9.4,Percent,not-stated,Normal,,,"{""artifactId"":""TS_GP_PT_CPI_M.P00051516:e4e14dc24ec9cd4cf891f061fb920632b93dc3fe817205d59cc537d1fdcf11c6:72ed8fe6dda4"",""sourceKey"":""TS_GP_PT_CPI_M.P00051516"",""retrievedAt"":""2026-09-30T22:08:41.520Z"",""locator"":{""seriesKey"":""TS_GP_PT_CPI_M.P00051516"",""observationDate"":""2026-06-30"",""row"":3,""column"":5,""columns"":{""seriesKey"":2,""date"":4,""value"":5,""unit"":6,""status"":7,""comments"":8}},""rawValue"":""9.4""}"
rural_food,2026-07,2026-07-31,10.2,Percent,not-stated,Normal,,,"{""artifactId"":""TS_GP_PT_CPI_M.P00051516:e4e14dc24ec9cd4cf891f061fb920632b93dc3fe817205d59cc537d1fdcf11c6:72ed8fe6dda4"",""sourceKey"":""TS_GP_PT_CPI_M.P00051516"",""retrievedAt"":""2026-09-30T22:08:41.520Z"",""locator"":{""seriesKey"":""TS_GP_PT_CPI_M.P00051516"",""observationDate"":""2026-07-31"",""row"":2,""column"":5,""columns"":{""seriesKey"":2,""date"":4,""value"":5,""unit"":6,""status"":7,""comments"":8}},""rawValue"":""10.2""}"
rural_food,2026-08,2026-08-31,13.2,Percent,not-stated,Normal,,,"{""artifactId"":""TS_GP_PT_CPI_M.P00051516:e4e14dc24ec9cd4cf891f061fb920632b93dc3fe817205d59cc537d1fdcf11c6:72ed8fe6dda4"",""sourceKey"":""TS_GP_PT_CPI_M.P00051516"",""retrievedAt"":""2026-09-30T22:08:41.520Z"",""locator"":{""seriesKey"":""TS_GP_PT_CPI_M.P00051516"",""observationDate"":""2026-08-31"",""row"":1,""column"":5,""columns"":{""seriesKey"":2,""date"":4,""value"":5,""unit"":6,""status"":7,""comments"":8}},""rawValue"":""13.2""}"
urban_nonfood,2021-09,2021-09-30,8.130201041,Percent,not-stated,Normal,,,"{""artifactId"":""TS_GP_PT_CPI_M.P00061516:eedf195df2aade876e42a6603b727b46e812b5dd6e2551453ce442887c67820a:d999df4b4b82"",""sourceKey"":""TS_GP_PT_CPI_M.P00061516"",""retrievedAt"":""2026-09-30T22:08:41.956Z"",""locator"":{""seriesKey"":""TS_GP_PT_CPI_M.P00061516"",""observationDate"":""2021-09-30"",""row"":60,""column"":5,""columns"":{""seriesKey"":2,""date"":4,""value"":5,""unit"":6,""status"":7,""comments"":8}},""rawValue"":""8.130201041""}"
urban_nonfood,2021-10,2021-10-31,9.7,Percent,not-stated,Normal,,,"{""artifactId"":""TS_GP_PT_CPI_M.P00061516:eedf195df2aade876e42a6603b727b46e812b5dd6e2551453ce442887c67820a:d999df4b4b82"",""sourceKey"":""TS_GP_PT_CPI_M.P00061516"",""retrievedAt"":""2026-09-30T22:08:41.956Z"",""locator"":{""seriesKey"":""TS_GP_PT_CPI_M.P00061516"",""observationDate"":""2021-10-31"",""row"":59,""column"":5,""columns"":{""seriesKey"":2,""date"":4,""value"":5,""unit"":6,""status"":7,""comments"":8}},""rawValue"":""9.7""}"
urban_nonfood,2021-11,2021-11-30,12,Percent,not-stated,Normal,,,"{""artifactId"":""TS_GP_PT_CPI_M.P00061516:eedf195df2aade876e42a6603b727b46e812b5dd6e2551453ce442887c67820a:d999df4b4b82"",""sourceKey"":""TS_GP_PT_CPI_M.P00061516"",""retrievedAt"":""2026-09-30T22:08:41.956Z"",""locator"":{""seriesKey"":""TS_GP_PT_CPI_M.P00061516"",""observationDate"":""2021-11-30"",""row"":58,""column"":5,""columns"":{""seriesKey"":2,""date"":4,""value"":5,""unit"":6,""status"":7,""comments"":8}},""rawValue"":""12""}"
urban_nonfood,2021-12,2021-12-31,13.38303456,Percent,not-stated,Normal,,,"{""artifactId"":""TS_GP_PT_CPI_M.P00061516:eedf195df2aade876e42a6603b727b46e812b5dd6e2551453ce442887c67820a:d999df4b4b82"",""sourceKey"":""TS_GP_PT_CPI_M.P00061516"",""retrievedAt"":""2026-09-30T22:08:41.956Z"",""locator"":{""seriesKey"":""TS_GP_PT_CPI_M.P00061516"",""observationDate"":""2021-12-31"",""row"":57,""column"":5,""columns"":{""seriesKey"":2,""date"":4,""value"":5,""unit"":6,""status"":7,""comments"":8}},""rawValue"":""13.38303456""}"
urban_nonfood,2022-01,2022-01-31,12.81535646,Percent,not-stated,Normal,,,"{""artifactId"":""TS_GP_PT_CPI_M.P00061516:eedf195df2aade876e42a6603b727b46e812b5dd6e2551453ce442887c67820a:d999df4b4b82"",""sourceKey"":""TS_GP_PT_CPI_M.P00061516"",""retrievedAt"":""2026-09-30T22:08:41.956Z"",""locator"":{""seriesKey"":""TS_GP_PT_CPI_M.P00061516"",""observationDate"":""2022-01-31"",""row"":56,""column"":5,""columns"":{""seriesKey"":2,""date"":4,""value"":5,""unit"":6,""status"":7,""comments"":8}},""rawValue"":""12.81535646""}"
urban_nonfood,2022-02,2022-02-28,9.871424258,Percent,not-stated,Normal,,,"{""artifactId"":""TS_GP_PT_CPI_M.P00061516:eedf195df2aade876e42a6603b727b46e812b5dd6e2551453ce442887c67820a:d999df4b4b82"",""sourceKey"":""TS_GP_PT_CPI_M.P00061516"",""retrievedAt"":""2026-09-30T22:08:41.956Z"",""locator"":{""seriesKey"":""TS_GP_PT_CPI_M.P00061516"",""observationDate"":""2022-02-28"",""row"":55,""column"":5,""columns"":{""seriesKey"":2,""date"":4,""value"":5,""unit"":6,""status"":7,""comments"":8}},""rawValue"":""9.871424258""}"
urban_nonfood,2022-03,2022-03-31,10.4,Percent,not-stated,Normal,,,"{""artifactId"":""TS_GP_PT_CPI_M.P00061516:eedf195df2aade876e42a6603b727b46e812b5dd6e2551453ce442887c67820a:d999df4b4b82"",""sourceKey"":""TS_GP_PT_CPI_M.P00061516"",""retrievedAt"":""2026-09-30T22:08:41.956Z"",""locator"":{""seriesKey"":""TS_GP_PT_CPI_M.P00061516"",""observationDate"":""2022-03-31"",""row"":54,""column"":5,""columns"":{""seriesKey"":2,""date"":4,""value"":5,""unit"":6,""status"":7,""comments"":8}},""rawValue"":""10.4""}"
urban_nonfood,2022-04,2022-04-30,10.16212917,Percent,not-stated,Normal,,,"{""artifactId"":""TS_GP_PT_CPI_M.P00061516:eedf195df2aade876e42a6603b727b46e812b5dd6e2551453ce442887c67820a:d999df4b4b82"",""sourceKey"":""TS_GP_PT_CPI_M.P00061516"",""retrievedAt"":""2026-09-30T22:08:41.956Z"",""locator"":{""seriesKey"":""TS_GP_PT_CPI_M.P00061516"",""observationDate"":""2022-04-30"",""row"":53,""column"":5,""columns"":{""seriesKey"":2,""date"":4,""value"":5,""unit"":6,""status"":7,""comments"":8}},""rawValue"":""10.16212917""}"
urban_nonfood,2022-05,2022-05-31,10.4,Percent,not-stated,Normal,,,"{""artifactId"":""TS_GP_PT_CPI_M.P00061516:eedf195df2aade876e42a6603b727b46e812b5dd6e2551453ce442887c67820a:d999df4b4b82"",""sourceKey"":""TS_GP_PT_CPI_M.P00061516"",""retrievedAt"":""2026-09-30T22:08:41.956Z"",""locator"":{""seriesKey"":""TS_GP_PT_CPI_M.P00061516"",""observationDate"":""2022-05-31"",""row"":52,""column"":5,""columns"":{""seriesKey"":2,""date"":4,""value"":5,""unit"":6,""status"":7,""comments"":8}},""rawValue"":""10.4""}"
urban_nonfood,2022-06,2022-06-30,17.3,Percent,not-stated,Normal,,,"{""artifactId"":""TS_GP_PT_CPI_M.P00061516:eedf195df2aade876e42a6603b727b46e812b5dd6e2551453ce442887c67820a:d999df4b4b82"",""sourceKey"":""TS_GP_PT_CPI_M.P00061516"",""retrievedAt"":""2026-09-30T22:08:41.956Z"",""locator"":{""seriesKey"":""TS_GP_PT_CPI_M.P00061516"",""observationDate"":""2022-06-30"",""row"":51,""column"":5,""columns"":{""seriesKey"":2,""date"":4,""value"":5,""unit"":6,""status"":7,""comments"":8}},""rawValue"":""17.3""}"
urban_nonfood,2022-07,2022-07-31,21.3,Percent,not-stated,Normal,,,"{""artifactId"":""TS_GP_PT_CPI_M.P00061516:eedf195df2aade876e42a6603b727b46e812b5dd6e2551453ce442887c67820a:d999df4b4b82"",""sourceKey"":""TS_GP_PT_CPI_M.P00061516"",""retrievedAt"":""2026-09-30T22:08:41.956Z"",""locator"":{""seriesKey"":""TS_GP_PT_CPI_M.P00061516"",""observationDate"":""2022-07-31"",""row"":50,""column"":5,""columns"":{""seriesKey"":2,""date"":4,""value"":5,""unit"":6,""status"":7,""comments"":8}},""rawValue"":""21.3""}"
urban_nonfood,2022-08,2022-08-31,24.7,Percent,not-stated,Normal,,,"{""artifactId"":""TS_GP_PT_CPI_M.P00061516:eedf195df2aade876e42a6603b727b46e812b5dd6e2551453ce442887c67820a:d999df4b4b82"",""sourceKey"":""TS_GP_PT_CPI_M.P00061516"",""retrievedAt"":""2026-09-30T22:08:41.956Z"",""locator"":{""seriesKey"":""TS_GP_PT_CPI_M.P00061516"",""observationDate"":""2022-08-31"",""row"":49,""column"":5,""columns"":{""seriesKey"":2,""date"":4,""value"":5,""unit"":6,""status"":7,""comments"":8}},""rawValue"":""24.7""}"
urban_nonfood,2022-09,2022-09-30,15.2,Percent,not-stated,Normal,,,"{""artifactId"":""TS_GP_PT_CPI_M.P00061516:eedf195df2aade876e42a6603b727b46e812b5dd6e2551453ce442887c67820a:d999df4b4b82"",""sourceKey"":""TS_GP_PT_CPI_M.P00061516"",""retrievedAt"":""2026-09-30T22:08:41.956Z"",""locator"":{""seriesKey"":""TS_GP_PT_CPI_M.P00061516"",""observationDate"":""2022-09-30"",""row"":48,""column"":5,""columns"":{""seriesKey"":2,""date"":4,""value"":5,""unit"":6,""status"":7,""comments"":8}},""rawValue"":""15.2""}"
urban_nonfood,2022-10,2022-10-31,18.2,Percent,not-stated,Normal,,,"{""artifactId"":""TS_GP_PT_CPI_M.P00061516:eedf195df2aade876e42a6603b727b46e812b5dd6e2551453ce442887c67820a:d999df4b4b82"",""sourceKey"":""TS_GP_PT_CPI_M.P00061516"",""retrievedAt"":""2026-09-30T22:08:41.956Z"",""locator"":{""seriesKey"":""TS_GP_PT_CPI_M.P00061516"",""observationDate"":""2022-10-31"",""row"":47,""column"":5,""columns"":{""seriesKey"":2,""date"":4,""value"":5,""unit"":6,""status"":7,""comments"":8}},""rawValue"":""18.2""}"
urban_nonfood,2022-11,2022-11-30,16.4,Percent,not-stated,Normal,,,"{""artifactId"":""TS_GP_PT_CPI_M.P00061516:eedf195df2aade876e42a6603b727b46e812b5dd6e2551453ce442887c67820a:d999df4b4b82"",""sourceKey"":""TS_GP_PT_CPI_M.P00061516"",""retrievedAt"":""2026-09-30T22:08:41.956Z"",""locator"":{""seriesKey"":""TS_GP_PT_CPI_M.P00061516"",""observationDate"":""2022-11-30"",""row"":46,""column"":5,""columns"":{""seriesKey"":2,""date"":4,""value"":5,""unit"":6,""status"":7,""comments"":8}},""rawValue"":""16.4""}"
urban_nonfood,2022-12,2022-12-31,14.8,Percent,not-stated,Normal,,,"{""artifactId"":""TS_GP_PT_CPI_M.P00061516:eedf195df2aade876e42a6603b727b46e812b5dd6e2551453ce442887c67820a:d999df4b4b82"",""sourceKey"":""TS_GP_PT_CPI_M.P00061516"",""retrievedAt"":""2026-09-30T22:08:41.956Z"",""locator"":{""seriesKey"":""TS_GP_PT_CPI_M.P00061516"",""observationDate"":""2022-12-31"",""row"":45,""column"":5,""columns"":{""seriesKey"":2,""date"":4,""value"":5,""unit"":6,""status"":7,""comments"":8}},""rawValue"":""14.8""}"
urban_nonfood,2023-01,2023-01-31,15.6,Percent,not-stated,Normal,,,"{""artifactId"":""TS_GP_PT_CPI_M.P00061516:eedf195df2aade876e42a6603b727b46e812b5dd6e2551453ce442887c67820a:d999df4b4b82"",""sourceKey"":""TS_GP_PT_CPI_M.P00061516"",""retrievedAt"":""2026-09-30T22:08:41.956Z"",""locator"":{""seriesKey"":""TS_GP_PT_CPI_M.P00061516"",""observationDate"":""2023-01-31"",""row"":44,""column"":5,""columns"":{""seriesKey"":2,""date"":4,""value"":5,""unit"":6,""status"":7,""comments"":8}},""rawValue"":""15.6""}"
urban_nonfood,2023-02,2023-02-28,20.8,Percent,not-stated,Normal,,,"{""artifactId"":""TS_GP_PT_CPI_M.P00061516:eedf195df2aade876e42a6603b727b46e812b5dd6e2551453ce442887c67820a:d999df4b4b82"",""sourceKey"":""TS_GP_PT_CPI_M.P00061516"",""retrievedAt"":""2026-09-30T22:08:41.956Z"",""locator"":{""seriesKey"":""TS_GP_PT_CPI_M.P00061516"",""observationDate"":""2023-02-28"",""row"":43,""column"":5,""columns"":{""seriesKey"":2,""date"":4,""value"":5,""unit"":6,""status"":7,""comments"":8}},""rawValue"":""20.8""}"
urban_nonfood,2023-03,2023-03-31,24.1,Percent,not-stated,Normal,,,"{""artifactId"":""TS_GP_PT_CPI_M.P00061516:eedf195df2aade876e42a6603b727b46e812b5dd6e2551453ce442887c67820a:d999df4b4b82"",""sourceKey"":""TS_GP_PT_CPI_M.P00061516"",""retrievedAt"":""2026-09-30T22:08:41.956Z"",""locator"":{""seriesKey"":""TS_GP_PT_CPI_M.P00061516"",""observationDate"":""2023-03-31"",""row"":42,""column"":5,""columns"":{""seriesKey"":2,""date"":4,""value"":5,""unit"":6,""status"":7,""comments"":8}},""rawValue"":""24.1""}"
urban_nonfood,2023-04,2023-04-30,24.9,Percent,not-stated,Normal,,,"{""artifactId"":""TS_GP_PT_CPI_M.P00061516:eedf195df2aade876e42a6603b727b46e812b5dd6e2551453ce442887c67820a:d999df4b4b82"",""sourceKey"":""TS_GP_PT_CPI_M.P00061516"",""retrievedAt"":""2026-09-30T22:08:41.956Z"",""locator"":{""seriesKey"":""TS_GP_PT_CPI_M.P00061516"",""observationDate"":""2023-04-30"",""row"":41,""column"":5,""columns"":{""seriesKey"":2,""date"":4,""value"":5,""unit"":6,""status"":7,""comments"":8}},""rawValue"":""24.9""}"
urban_nonfood,2023-05,2023-05-31,26.6,Percent,not-stated,Normal,,,"{""artifactId"":""TS_GP_PT_CPI_M.P00061516:eedf195df2aade876e42a6603b727b46e812b5dd6e2551453ce442887c67820a:d999df4b4b82"",""sourceKey"":""TS_GP_PT_CPI_M.P00061516"",""retrievedAt"":""2026-09-30T22:08:41.956Z"",""locator"":{""seriesKey"":""TS_GP_PT_CPI_M.P00061516"",""observationDate"":""2023-05-31"",""row"":40,""column"":5,""columns"":{""seriesKey"":2,""date"":4,""value"":5,""unit"":6,""status"":7,""comments"":8}},""rawValue"":""26.6""}"
urban_nonfood,2023-06,2023-06-30,18.7,Percent,not-stated,Normal,,,"{""artifactId"":""TS_GP_PT_CPI_M.P00061516:eedf195df2aade876e42a6603b727b46e812b5dd6e2551453ce442887c67820a:d999df4b4b82"",""sourceKey"":""TS_GP_PT_CPI_M.P00061516"",""retrievedAt"":""2026-09-30T22:08:41.956Z"",""locator"":{""seriesKey"":""TS_GP_PT_CPI_M.P00061516"",""observationDate"":""2023-06-30"",""row"":39,""column"":5,""columns"":{""seriesKey"":2,""date"":4,""value"":5,""unit"":6,""status"":7,""comments"":8}},""rawValue"":""18.7""}"
urban_nonfood,2023-07,2023-07-31,17.3,Percent,not-stated,Normal,,,"{""artifactId"":""TS_GP_PT_CPI_M.P00061516:eedf195df2aade876e42a6603b727b46e812b5dd6e2551453ce442887c67820a:d999df4b4b82"",""sourceKey"":""TS_GP_PT_CPI_M.P00061516"",""retrievedAt"":""2026-09-30T22:08:41.956Z"",""locator"":{""seriesKey"":""TS_GP_PT_CPI_M.P00061516"",""observationDate"":""2023-07-31"",""row"":38,""column"":5,""columns"":{""seriesKey"":2,""date"":4,""value"":5,""unit"":6,""status"":7,""comments"":8}},""rawValue"":""17.3""}"
urban_nonfood,2023-08,2023-08-31,16.3,Percent,not-stated,Normal,,,"{""artifactId"":""TS_GP_PT_CPI_M.P00061516:eedf195df2aade876e42a6603b727b46e812b5dd6e2551453ce442887c67820a:d999df4b4b82"",""sourceKey"":""TS_GP_PT_CPI_M.P00061516"",""retrievedAt"":""2026-09-30T22:08:41.956Z"",""locator"":{""seriesKey"":""TS_GP_PT_CPI_M.P00061516"",""observationDate"":""2023-08-31"",""row"":37,""column"":5,""columns"":{""seriesKey"":2,""date"":4,""value"":5,""unit"":6,""status"":7,""comments"":8}},""rawValue"":""16.3""}"
urban_nonfood,2023-09,2023-09-30,26.8,Percent,not-stated,Normal,,,"{""artifactId"":""TS_GP_PT_CPI_M.P00061516:eedf195df2aade876e42a6603b727b46e812b5dd6e2551453ce442887c67820a:d999df4b4b82"",""sourceKey"":""TS_GP_PT_CPI_M.P00061516"",""retrievedAt"":""2026-09-30T22:08:41.956Z"",""locator"":{""seriesKey"":""TS_GP_PT_CPI_M.P00061516"",""observationDate"":""2023-09-30"",""row"":36,""column"":5,""columns"":{""seriesKey"":2,""date"":4,""value"":5,""unit"":6,""status"":7,""comments"":8}},""rawValue"":""26.8""}"
urban_nonfood,2023-10,2023-10-31,23.1,Percent,not-stated,Normal,,,"{""artifactId"":""TS_GP_PT_CPI_M.P00061516:eedf195df2aade876e42a6603b727b46e812b5dd6e2551453ce442887c67820a:d999df4b4b82"",""sourceKey"":""TS_GP_PT_CPI_M.P00061516"",""retrievedAt"":""2026-09-30T22:08:41.956Z"",""locator"":{""seriesKey"":""TS_GP_PT_CPI_M.P00061516"",""observationDate"":""2023-10-31"",""row"":35,""column"":5,""columns"":{""seriesKey"":2,""date"":4,""value"":5,""unit"":6,""status"":7,""comments"":8}},""rawValue"":""23.1""}"
urban_nonfood,2023-11,2023-11-30,30.9,Percent,not-stated,Normal,,,"{""artifactId"":""TS_GP_PT_CPI_M.P00061516:eedf195df2aade876e42a6603b727b46e812b5dd6e2551453ce442887c67820a:d999df4b4b82"",""sourceKey"":""TS_GP_PT_CPI_M.P00061516"",""retrievedAt"":""2026-09-30T22:08:41.956Z"",""locator"":{""seriesKey"":""TS_GP_PT_CPI_M.P00061516"",""observationDate"":""2023-11-30"",""row"":34,""column"":5,""columns"":{""seriesKey"":2,""date"":4,""value"":5,""unit"":6,""status"":7,""comments"":8}},""rawValue"":""30.9""}"
urban_nonfood,2023-12,2023-12-31,32.4,Percent,not-stated,Normal,,,"{""artifactId"":""TS_GP_PT_CPI_M.P00061516:eedf195df2aade876e42a6603b727b46e812b5dd6e2551453ce442887c67820a:d999df4b4b82"",""sourceKey"":""TS_GP_PT_CPI_M.P00061516"",""retrievedAt"":""2026-09-30T22:08:41.956Z"",""locator"":{""seriesKey"":""TS_GP_PT_CPI_M.P00061516"",""observationDate"":""2023-12-31"",""row"":33,""column"":5,""columns"":{""seriesKey"":2,""date"":4,""value"":5,""unit"":6,""status"":7,""comments"":8}},""rawValue"":""32.4""}"
urban_nonfood,2024-01,2024-01-31,32.3,Percent,not-stated,Normal,,,"{""artifactId"":""TS_GP_PT_CPI_M.P00061516:eedf195df2aade876e42a6603b727b46e812b5dd6e2551453ce442887c67820a:d999df4b4b82"",""sourceKey"":""TS_GP_PT_CPI_M.P00061516"",""retrievedAt"":""2026-09-30T22:08:41.956Z"",""locator"":{""seriesKey"":""TS_GP_PT_CPI_M.P00061516"",""observationDate"":""2024-01-31"",""row"":32,""column"":5,""columns"":{""seriesKey"":2,""date"":4,""value"":5,""unit"":6,""status"":7,""comments"":8}},""rawValue"":""32.3""}"
urban_nonfood,2024-02,2024-02-29,28.2,Percent,not-stated,Normal,,,"{""artifactId"":""TS_GP_PT_CPI_M.P00061516:eedf195df2aade876e42a6603b727b46e812b5dd6e2551453ce442887c67820a:d999df4b4b82"",""sourceKey"":""TS_GP_PT_CPI_M.P00061516"",""retrievedAt"":""2026-09-30T22:08:41.956Z"",""locator"":{""seriesKey"":""TS_GP_PT_CPI_M.P00061516"",""observationDate"":""2024-02-29"",""row"":31,""column"":5,""columns"":{""seriesKey"":2,""date"":4,""value"":5,""unit"":6,""status"":7,""comments"":8}},""rawValue"":""28.2""}"
urban_nonfood,2024-03,2024-03-31,25.8,Percent,not-stated,Normal,,,"{""artifactId"":""TS_GP_PT_CPI_M.P00061516:eedf195df2aade876e42a6603b727b46e812b5dd6e2551453ce442887c67820a:d999df4b4b82"",""sourceKey"":""TS_GP_PT_CPI_M.P00061516"",""retrievedAt"":""2026-09-30T22:08:41.956Z"",""locator"":{""seriesKey"":""TS_GP_PT_CPI_M.P00061516"",""observationDate"":""2024-03-31"",""row"":30,""column"":5,""columns"":{""seriesKey"":2,""date"":4,""value"":5,""unit"":6,""status"":7,""comments"":8}},""rawValue"":""25.8""}"
urban_nonfood,2024-04,2024-04-30,25.6,Percent,not-stated,Normal,,,"{""artifactId"":""TS_GP_PT_CPI_M.P00061516:eedf195df2aade876e42a6603b727b46e812b5dd6e2551453ce442887c67820a:d999df4b4b82"",""sourceKey"":""TS_GP_PT_CPI_M.P00061516"",""retrievedAt"":""2026-09-30T22:08:41.956Z"",""locator"":{""seriesKey"":""TS_GP_PT_CPI_M.P00061516"",""observationDate"":""2024-04-30"",""row"":29,""column"":5,""columns"":{""seriesKey"":2,""date"":4,""value"":5,""unit"":6,""status"":7,""comments"":8}},""rawValue"":""25.6""}"
urban_nonfood,2024-05,2024-05-31,23.6,Percent,not-stated,Normal,,,"{""artifactId"":""TS_GP_PT_CPI_M.P00061516:eedf195df2aade876e42a6603b727b46e812b5dd6e2551453ce442887c67820a:d999df4b4b82"",""sourceKey"":""TS_GP_PT_CPI_M.P00061516"",""retrievedAt"":""2026-09-30T22:08:41.956Z"",""locator"":{""seriesKey"":""TS_GP_PT_CPI_M.P00061516"",""observationDate"":""2024-05-31"",""row"":28,""column"":5,""columns"":{""seriesKey"":2,""date"":4,""value"":5,""unit"":6,""status"":7,""comments"":8}},""rawValue"":""23.6""}"
urban_nonfood,2024-06,2024-06-30,24.3,Percent,not-stated,Normal,,,"{""artifactId"":""TS_GP_PT_CPI_M.P00061516:eedf195df2aade876e42a6603b727b46e812b5dd6e2551453ce442887c67820a:d999df4b4b82"",""sourceKey"":""TS_GP_PT_CPI_M.P00061516"",""retrievedAt"":""2026-09-30T22:08:41.956Z"",""locator"":{""seriesKey"":""TS_GP_PT_CPI_M.P00061516"",""observationDate"":""2024-06-30"",""row"":27,""column"":5,""columns"":{""seriesKey"":2,""date"":4,""value"":5,""unit"":6,""status"":7,""comments"":8}},""rawValue"":""24.3""}"
urban_nonfood,2024-07,2024-07-31,20.7,Percent,not-stated,Normal,,,"{""artifactId"":""TS_GP_PT_CPI_M.P00061516:eedf195df2aade876e42a6603b727b46e812b5dd6e2551453ce442887c67820a:d999df4b4b82"",""sourceKey"":""TS_GP_PT_CPI_M.P00061516"",""retrievedAt"":""2026-09-30T22:08:41.956Z"",""locator"":{""seriesKey"":""TS_GP_PT_CPI_M.P00061516"",""observationDate"":""2024-07-31"",""row"":26,""column"":5,""columns"":{""seriesKey"":2,""date"":4,""value"":5,""unit"":6,""status"":7,""comments"":8}},""rawValue"":""20.7""}"
urban_nonfood,2024-08,2024-08-31,17.4,Percent,not-stated,Normal,,,"{""artifactId"":""TS_GP_PT_CPI_M.P00061516:eedf195df2aade876e42a6603b727b46e812b5dd6e2551453ce442887c67820a:d999df4b4b82"",""sourceKey"":""TS_GP_PT_CPI_M.P00061516"",""retrievedAt"":""2026-09-30T22:08:41.956Z"",""locator"":{""seriesKey"":""TS_GP_PT_CPI_M.P00061516"",""observationDate"":""2024-08-31"",""row"":25,""column"":5,""columns"":{""seriesKey"":2,""date"":4,""value"":5,""unit"":6,""status"":7,""comments"":8}},""rawValue"":""17.4""}"
urban_nonfood,2024-09,2024-09-30,15,Percent,not-stated,Normal,,,"{""artifactId"":""TS_GP_PT_CPI_M.P00061516:eedf195df2aade876e42a6603b727b46e812b5dd6e2551453ce442887c67820a:d999df4b4b82"",""sourceKey"":""TS_GP_PT_CPI_M.P00061516"",""retrievedAt"":""2026-09-30T22:08:41.956Z"",""locator"":{""seriesKey"":""TS_GP_PT_CPI_M.P00061516"",""observationDate"":""2024-09-30"",""row"":24,""column"":5,""columns"":{""seriesKey"":2,""date"":4,""value"":5,""unit"":6,""status"":7,""comments"":8}},""rawValue"":""15""}"
urban_nonfood,2024-10,2024-10-31,14.2,Percent,not-stated,Normal,,,"{""artifactId"":""TS_GP_PT_CPI_M.P00061516:eedf195df2aade876e42a6603b727b46e812b5dd6e2551453ce442887c67820a:d999df4b4b82"",""sourceKey"":""TS_GP_PT_CPI_M.P00061516"",""retrievedAt"":""2026-09-30T22:08:41.956Z"",""locator"":{""seriesKey"":""TS_GP_PT_CPI_M.P00061516"",""observationDate"":""2024-10-31"",""row"":23,""column"":5,""columns"":{""seriesKey"":2,""date"":4,""value"":5,""unit"":6,""status"":7,""comments"":8}},""rawValue"":""14.2""}"
urban_nonfood,2024-11,2024-11-30,7.8,Percent,not-stated,Normal,,,"{""artifactId"":""TS_GP_PT_CPI_M.P00061516:eedf195df2aade876e42a6603b727b46e812b5dd6e2551453ce442887c67820a:d999df4b4b82"",""sourceKey"":""TS_GP_PT_CPI_M.P00061516"",""retrievedAt"":""2026-09-30T22:08:41.956Z"",""locator"":{""seriesKey"":""TS_GP_PT_CPI_M.P00061516"",""observationDate"":""2024-11-30"",""row"":22,""column"":5,""columns"":{""seriesKey"":2,""date"":4,""value"":5,""unit"":6,""status"":7,""comments"":8}},""rawValue"":""7.8""}"
urban_nonfood,2024-12,2024-12-31,5.7,Percent,not-stated,Normal,,,"{""artifactId"":""TS_GP_PT_CPI_M.P00061516:eedf195df2aade876e42a6603b727b46e812b5dd6e2551453ce442887c67820a:d999df4b4b82"",""sourceKey"":""TS_GP_PT_CPI_M.P00061516"",""retrievedAt"":""2026-09-30T22:08:41.956Z"",""locator"":{""seriesKey"":""TS_GP_PT_CPI_M.P00061516"",""observationDate"":""2024-12-31"",""row"":21,""column"":5,""columns"":{""seriesKey"":2,""date"":4,""value"":5,""unit"":6,""status"":7,""comments"":8}},""rawValue"":""5.7""}"
urban_nonfood,2025-01,2025-01-31,5,Percent,not-stated,Normal,,,"{""artifactId"":""TS_GP_PT_CPI_M.P00061516:eedf195df2aade876e42a6603b727b46e812b5dd6e2551453ce442887c67820a:d999df4b4b82"",""sourceKey"":""TS_GP_PT_CPI_M.P00061516"",""retrievedAt"":""2026-09-30T22:08:41.956Z"",""locator"":{""seriesKey"":""TS_GP_PT_CPI_M.P00061516"",""observationDate"":""2025-01-31"",""row"":20,""column"":5,""columns"":{""seriesKey"":2,""date"":4,""value"":5,""unit"":6,""status"":7,""comments"":8}},""rawValue"":""5""}"
urban_nonfood,2025-02,2025-02-28,3.6,Percent,not-stated,Normal,,,"{""artifactId"":""TS_GP_PT_CPI_M.P00061516:eedf195df2aade876e42a6603b727b46e812b5dd6e2551453ce442887c67820a:d999df4b4b82"",""sourceKey"":""TS_GP_PT_CPI_M.P00061516"",""retrievedAt"":""2026-09-30T22:08:41.956Z"",""locator"":{""seriesKey"":""TS_GP_PT_CPI_M.P00061516"",""observationDate"":""2025-02-28"",""row"":19,""column"":5,""columns"":{""seriesKey"":2,""date"":4,""value"":5,""unit"":6,""status"":7,""comments"":8}},""rawValue"":""3.6""}"
urban_nonfood,2025-03,2025-03-31,3.1,Percent,not-stated,Normal,,,"{""artifactId"":""TS_GP_PT_CPI_M.P00061516:eedf195df2aade876e42a6603b727b46e812b5dd6e2551453ce442887c67820a:d999df4b4b82"",""sourceKey"":""TS_GP_PT_CPI_M.P00061516"",""retrievedAt"":""2026-09-30T22:08:41.956Z"",""locator"":{""seriesKey"":""TS_GP_PT_CPI_M.P00061516"",""observationDate"":""2025-03-31"",""row"":18,""column"":5,""columns"":{""seriesKey"":2,""date"":4,""value"":5,""unit"":6,""status"":7,""comments"":8}},""rawValue"":""3.1""}"
urban_nonfood,2025-04,2025-04-30,2.2,Percent,not-stated,Normal,,,"{""artifactId"":""TS_GP_PT_CPI_M.P00061516:eedf195df2aade876e42a6603b727b46e812b5dd6e2551453ce442887c67820a:d999df4b4b82"",""sourceKey"":""TS_GP_PT_CPI_M.P00061516"",""retrievedAt"":""2026-09-30T22:08:41.956Z"",""locator"":{""seriesKey"":""TS_GP_PT_CPI_M.P00061516"",""observationDate"":""2025-04-30"",""row"":17,""column"":5,""columns"":{""seriesKey"":2,""date"":4,""value"":5,""unit"":6,""status"":7,""comments"":8}},""rawValue"":""2.2""}"
urban_nonfood,2025-05,2025-05-31,2.4,Percent,not-stated,Normal,,,"{""artifactId"":""TS_GP_PT_CPI_M.P00061516:eedf195df2aade876e42a6603b727b46e812b5dd6e2551453ce442887c67820a:d999df4b4b82"",""sourceKey"":""TS_GP_PT_CPI_M.P00061516"",""retrievedAt"":""2026-09-30T22:08:41.956Z"",""locator"":{""seriesKey"":""TS_GP_PT_CPI_M.P00061516"",""observationDate"":""2025-05-31"",""row"":16,""column"":5,""columns"":{""seriesKey"":2,""date"":4,""value"":5,""unit"":6,""status"":7,""comments"":8}},""rawValue"":""2.4""}"
urban_nonfood,2025-06,2025-06-30,2.2,Percent,not-stated,Normal,,,"{""artifactId"":""TS_GP_PT_CPI_M.P00061516:eedf195df2aade876e42a6603b727b46e812b5dd6e2551453ce442887c67820a:d999df4b4b82"",""sourceKey"":""TS_GP_PT_CPI_M.P00061516"",""retrievedAt"":""2026-09-30T22:08:41.956Z"",""locator"":{""seriesKey"":""TS_GP_PT_CPI_M.P00061516"",""observationDate"":""2025-06-30"",""row"":15,""column"":5,""columns"":{""seriesKey"":2,""date"":4,""value"":5,""unit"":6,""status"":7,""comments"":8}},""rawValue"":""2.2""}"
urban_nonfood,2025-07,2025-07-31,5.9,Percent,not-stated,Normal,,,"{""artifactId"":""TS_GP_PT_CPI_M.P00061516:eedf195df2aade876e42a6603b727b46e812b5dd6e2551453ce442887c67820a:d999df4b4b82"",""sourceKey"":""TS_GP_PT_CPI_M.P00061516"",""retrievedAt"":""2026-09-30T22:08:41.956Z"",""locator"":{""seriesKey"":""TS_GP_PT_CPI_M.P00061516"",""observationDate"":""2025-07-31"",""row"":14,""column"":5,""columns"":{""seriesKey"":2,""date"":4,""value"":5,""unit"":6,""status"":7,""comments"":8}},""rawValue"":""5.9""}"
urban_nonfood,2025-08,2025-08-31,6.1,Percent,not-stated,Normal,,,"{""artifactId"":""TS_GP_PT_CPI_M.P00061516:eedf195df2aade876e42a6603b727b46e812b5dd6e2551453ce442887c67820a:d999df4b4b82"",""sourceKey"":""TS_GP_PT_CPI_M.P00061516"",""retrievedAt"":""2026-09-30T22:08:41.956Z"",""locator"":{""seriesKey"":""TS_GP_PT_CPI_M.P00061516"",""observationDate"":""2025-08-31"",""row"":13,""column"":5,""columns"":{""seriesKey"":2,""date"":4,""value"":5,""unit"":6,""status"":7,""comments"":8}},""rawValue"":""6.1""}"
urban_nonfood,2025-09,2025-09-30,6.5,Percent,not-stated,Normal,,,"{""artifactId"":""TS_GP_PT_CPI_M.P00061516:eedf195df2aade876e42a6603b727b46e812b5dd6e2551453ce442887c67820a:d999df4b4b82"",""sourceKey"":""TS_GP_PT_CPI_M.P00061516"",""retrievedAt"":""2026-09-30T22:08:41.956Z"",""locator"":{""seriesKey"":""TS_GP_PT_CPI_M.P00061516"",""observationDate"":""2025-09-30"",""row"":12,""column"":5,""columns"":{""seriesKey"":2,""date"":4,""value"":5,""unit"":6,""status"":7,""comments"":8}},""rawValue"":""6.5""}"
urban_nonfood,2025-10,2025-10-31,7,Percent,not-stated,Normal,,,"{""artifactId"":""TS_GP_PT_CPI_M.P00061516:eedf195df2aade876e42a6603b727b46e812b5dd6e2551453ce442887c67820a:d999df4b4b82"",""sourceKey"":""TS_GP_PT_CPI_M.P00061516"",""retrievedAt"":""2026-09-30T22:08:41.956Z"",""locator"":{""seriesKey"":""TS_GP_PT_CPI_M.P00061516"",""observationDate"":""2025-10-31"",""row"":11,""column"":5,""columns"":{""seriesKey"":2,""date"":4,""value"":5,""unit"":6,""status"":7,""comments"":8}},""rawValue"":""7""}"
urban_nonfood,2025-11,2025-11-30,6.7,Percent,not-stated,Normal,,,"{""artifactId"":""TS_GP_PT_CPI_M.P00061516:eedf195df2aade876e42a6603b727b46e812b5dd6e2551453ce442887c67820a:d999df4b4b82"",""sourceKey"":""TS_GP_PT_CPI_M.P00061516"",""retrievedAt"":""2026-09-30T22:08:41.956Z"",""locator"":{""seriesKey"":""TS_GP_PT_CPI_M.P00061516"",""observationDate"":""2025-11-30"",""row"":10,""column"":5,""columns"":{""seriesKey"":2,""date"":4,""value"":5,""unit"":6,""status"":7,""comments"":8}},""rawValue"":""6.7""}"
urban_nonfood,2025-12,2025-12-31,7.5,Percent,not-stated,Normal,,,"{""artifactId"":""TS_GP_PT_CPI_M.P00061516:eedf195df2aade876e42a6603b727b46e812b5dd6e2551453ce442887c67820a:d999df4b4b82"",""sourceKey"":""TS_GP_PT_CPI_M.P00061516"",""retrievedAt"":""2026-09-30T22:08:41.956Z"",""locator"":{""seriesKey"":""TS_GP_PT_CPI_M.P00061516"",""observationDate"":""2025-12-31"",""row"":9,""column"":5,""columns"":{""seriesKey"":2,""date"":4,""value"":5,""unit"":6,""status"":7,""comments"":8}},""rawValue"":""7.5""}"
urban_nonfood,2026-01,2026-01-31,7.4,Percent,not-stated,Normal,,,"{""artifactId"":""TS_GP_PT_CPI_M.P00061516:eedf195df2aade876e42a6603b727b46e812b5dd6e2551453ce442887c67820a:d999df4b4b82"",""sourceKey"":""TS_GP_PT_CPI_M.P00061516"",""retrievedAt"":""2026-09-30T22:08:41.956Z"",""locator"":{""seriesKey"":""TS_GP_PT_CPI_M.P00061516"",""observationDate"":""2026-01-31"",""row"":8,""column"":5,""columns"":{""seriesKey"":2,""date"":4,""value"":5,""unit"":6,""status"":7,""comments"":8}},""rawValue"":""7.4""}"
urban_nonfood,2026-02,2026-02-28,8.3,Percent,not-stated,Normal,,,"{""artifactId"":""TS_GP_PT_CPI_M.P00061516:eedf195df2aade876e42a6603b727b46e812b5dd6e2551453ce442887c67820a:d999df4b4b82"",""sourceKey"":""TS_GP_PT_CPI_M.P00061516"",""retrievedAt"":""2026-09-30T22:08:41.956Z"",""locator"":{""seriesKey"":""TS_GP_PT_CPI_M.P00061516"",""observationDate"":""2026-02-28"",""row"":7,""column"":5,""columns"":{""seriesKey"":2,""date"":4,""value"":5,""unit"":6,""status"":7,""comments"":8}},""rawValue"":""8.3""}"
urban_nonfood,2026-03,2026-03-31,10.3,Percent,not-stated,Normal,,,"{""artifactId"":""TS_GP_PT_CPI_M.P00061516:eedf195df2aade876e42a6603b727b46e812b5dd6e2551453ce442887c67820a:d999df4b4b82"",""sourceKey"":""TS_GP_PT_CPI_M.P00061516"",""retrievedAt"":""2026-09-30T22:08:41.956Z"",""locator"":{""seriesKey"":""TS_GP_PT_CPI_M.P00061516"",""observationDate"":""2026-03-31"",""row"":6,""column"":5,""columns"":{""seriesKey"":2,""date"":4,""value"":5,""unit"":6,""status"":7,""comments"":8}},""rawValue"":""10.3""}"
urban_nonfood,2026-04,2026-04-30,13.8,Percent,not-stated,Normal,0,,"{""artifactId"":""TS_GP_PT_CPI_M.P00061516:eedf195df2aade876e42a6603b727b46e812b5dd6e2551453ce442887c67820a:d999df4b4b82"",""sourceKey"":""TS_GP_PT_CPI_M.P00061516"",""retrievedAt"":""2026-09-30T22:08:41.956Z"",""locator"":{""seriesKey"":""TS_GP_PT_CPI_M.P00061516"",""observationDate"":""2026-04-30"",""row"":5,""column"":5,""columns"":{""seriesKey"":2,""date"":4,""value"":5,""unit"":6,""status"":7,""comments"":8}},""rawValue"":""13.8""}"
urban_nonfood,2026-05,2026-05-31,15.2,Percent,not-stated,Normal,,,"{""artifactId"":""TS_GP_PT_CPI_M.P00061516:eedf195df2aade876e42a6603b727b46e812b5dd6e2551453ce442887c67820a:d999df4b4b82"",""sourceKey"":""TS_GP_PT_CPI_M.P00061516"",""retrievedAt"":""2026-09-30T22:08:41.956Z"",""locator"":{""seriesKey"":""TS_GP_PT_CPI_M.P00061516"",""observationDate"":""2026-05-31"",""row"":4,""column"":5,""columns"":{""seriesKey"":2,""date"":4,""value"":5,""unit"":6,""status"":7,""comments"":8}},""rawValue"":""15.2""}"
urban_nonfood,2026-06,2026-06-30,13.1,Percent,not-stated,Normal,,,"{""artifactId"":""TS_GP_PT_CPI_M.P00061516:eedf195df2aade876e42a6603b727b46e812b5dd6e2551453ce442887c67820a:d999df4b4b82"",""sourceKey"":""TS_GP_PT_CPI_M.P00061516"",""retrievedAt"":""2026-09-30T22:08:41.956Z"",""locator"":{""seriesKey"":""TS_GP_PT_CPI_M.P00061516"",""observationDate"":""2026-06-30"",""row"":3,""column"":5,""columns"":{""seriesKey"":2,""date"":4,""value"":5,""unit"":6,""status"":7,""comments"":8}},""rawValue"":""13.1""}"
urban_nonfood,2026-07,2026-07-31,8.2,Percent,not-stated,Normal,,,"{""artifactId"":""TS_GP_PT_CPI_M.P00061516:eedf195df2aade876e42a6603b727b46e812b5dd6e2551453ce442887c67820a:d999df4b4b82"",""sourceKey"":""TS_GP_PT_CPI_M.P00061516"",""retrievedAt"":""2026-09-30T22:08:41.956Z"",""locator"":{""seriesKey"":""TS_GP_PT_CPI_M.P00061516"",""observationDate"":""2026-07-31"",""row"":2,""column"":5,""columns"":{""seriesKey"":2,""date"":4,""value"":5,""unit"":6,""status"":7,""comments"":8}},""rawValue"":""8.2""}"
urban_nonfood,2026-08,2026-08-31,9.4,Percent,not-stated,Normal,,,"{""artifactId"":""TS_GP_PT_CPI_M.P00061516:eedf195df2aade876e42a6603b727b46e812b5dd6e2551453ce442887c67820a:d999df4b4b82"",""sourceKey"":""TS_GP_PT_CPI_M.P00061516"",""retrievedAt"":""2026-09-30T22:08:41.956Z"",""locator"":{""seriesKey"":""TS_GP_PT_CPI_M.P00061516"",""observationDate"":""2026-08-31"",""row"":1,""column"":5,""columns"":{""seriesKey"":2,""date"":4,""value"":5,""unit"":6,""status"":7,""comments"":8}},""rawValue"":""9.4""}"
rural_nonfood,2021-09,2021-09-30,8.479111692,Percent,not-stated,Normal,,,"{""artifactId"":""TS_GP_PT_CPI_M.P00071516:2d6704c04effe1da14bc1762ab7325308ae64e1367a7d82cf3202f1bd9456cd0:8fa05b366cb7"",""sourceKey"":""TS_GP_PT_CPI_M.P00071516"",""retrievedAt"":""2026-09-30T22:08:42.404Z"",""locator"":{""seriesKey"":""TS_GP_PT_CPI_M.P00071516"",""observationDate"":""2021-09-30"",""row"":60,""column"":5,""columns"":{""seriesKey"":2,""date"":4,""value"":5,""unit"":6,""status"":7,""comments"":8}},""rawValue"":""8.479111692""}"
rural_nonfood,2021-10,2021-10-31,10,Percent,not-stated,Normal,,,"{""artifactId"":""TS_GP_PT_CPI_M.P00071516:2d6704c04effe1da14bc1762ab7325308ae64e1367a7d82cf3202f1bd9456cd0:8fa05b366cb7"",""sourceKey"":""TS_GP_PT_CPI_M.P00071516"",""retrievedAt"":""2026-09-30T22:08:42.404Z"",""locator"":{""seriesKey"":""TS_GP_PT_CPI_M.P00071516"",""observationDate"":""2021-10-31"",""row"":59,""column"":5,""columns"":{""seriesKey"":2,""date"":4,""value"":5,""unit"":6,""status"":7,""comments"":8}},""rawValue"":""10""}"
rural_nonfood,2021-11,2021-11-30,13,Percent,not-stated,Normal,,,"{""artifactId"":""TS_GP_PT_CPI_M.P00071516:2d6704c04effe1da14bc1762ab7325308ae64e1367a7d82cf3202f1bd9456cd0:8fa05b366cb7"",""sourceKey"":""TS_GP_PT_CPI_M.P00071516"",""retrievedAt"":""2026-09-30T22:08:42.404Z"",""locator"":{""seriesKey"":""TS_GP_PT_CPI_M.P00071516"",""observationDate"":""2021-11-30"",""row"":58,""column"":5,""columns"":{""seriesKey"":2,""date"":4,""value"":5,""unit"":6,""status"":7,""comments"":8}},""rawValue"":""13""}"
rural_nonfood,2021-12,2021-12-31,14.04522123,Percent,not-stated,Normal,,,"{""artifactId"":""TS_GP_PT_CPI_M.P00071516:2d6704c04effe1da14bc1762ab7325308ae64e1367a7d82cf3202f1bd9456cd0:8fa05b366cb7"",""sourceKey"":""TS_GP_PT_CPI_M.P00071516"",""retrievedAt"":""2026-09-30T22:08:42.404Z"",""locator"":{""seriesKey"":""TS_GP_PT_CPI_M.P00071516"",""observationDate"":""2021-12-31"",""row"":57,""column"":5,""columns"":{""seriesKey"":2,""date"":4,""value"":5,""unit"":6,""status"":7,""comments"":8}},""rawValue"":""14.04522123""}"
rural_nonfood,2022-01,2022-01-31,13.90946528,Percent,not-stated,Normal,,,"{""artifactId"":""TS_GP_PT_CPI_M.P00071516:2d6704c04effe1da14bc1762ab7325308ae64e1367a7d82cf3202f1bd9456cd0:8fa05b366cb7"",""sourceKey"":""TS_GP_PT_CPI_M.P00071516"",""retrievedAt"":""2026-09-30T22:08:42.404Z"",""locator"":{""seriesKey"":""TS_GP_PT_CPI_M.P00071516"",""observationDate"":""2022-01-31"",""row"":56,""column"":5,""columns"":{""seriesKey"":2,""date"":4,""value"":5,""unit"":6,""status"":7,""comments"":8}},""rawValue"":""13.90946528""}"
rural_nonfood,2022-02,2022-02-28,12.18652878,Percent,not-stated,Normal,,,"{""artifactId"":""TS_GP_PT_CPI_M.P00071516:2d6704c04effe1da14bc1762ab7325308ae64e1367a7d82cf3202f1bd9456cd0:8fa05b366cb7"",""sourceKey"":""TS_GP_PT_CPI_M.P00071516"",""retrievedAt"":""2026-09-30T22:08:42.404Z"",""locator"":{""seriesKey"":""TS_GP_PT_CPI_M.P00071516"",""observationDate"":""2022-02-28"",""row"":55,""column"":5,""columns"":{""seriesKey"":2,""date"":4,""value"":5,""unit"":6,""status"":7,""comments"":8}},""rawValue"":""12.18652878""}"
rural_nonfood,2022-03,2022-03-31,12.5,Percent,not-stated,Normal,,,"{""artifactId"":""TS_GP_PT_CPI_M.P00071516:2d6704c04effe1da14bc1762ab7325308ae64e1367a7d82cf3202f1bd9456cd0:8fa05b366cb7"",""sourceKey"":""TS_GP_PT_CPI_M.P00071516"",""retrievedAt"":""2026-09-30T22:08:42.404Z"",""locator"":{""seriesKey"":""TS_GP_PT_CPI_M.P00071516"",""observationDate"":""2022-03-31"",""row"":54,""column"":5,""columns"":{""seriesKey"":2,""date"":4,""value"":5,""unit"":6,""status"":7,""comments"":8}},""rawValue"":""12.5""}"
rural_nonfood,2022-04,2022-04-30,12.76202302,Percent,not-stated,Normal,,,"{""artifactId"":""TS_GP_PT_CPI_M.P00071516:2d6704c04effe1da14bc1762ab7325308ae64e1367a7d82cf3202f1bd9456cd0:8fa05b366cb7"",""sourceKey"":""TS_GP_PT_CPI_M.P00071516"",""retrievedAt"":""2026-09-30T22:08:42.404Z"",""locator"":{""seriesKey"":""TS_GP_PT_CPI_M.P00071516"",""observationDate"":""2022-04-30"",""row"":53,""column"":5,""columns"":{""seriesKey"":2,""date"":4,""value"":5,""unit"":6,""status"":7,""comments"":8}},""rawValue"":""12.76202302""}"
rural_nonfood,2022-05,2022-05-31,13.1,Percent,not-stated,Normal,,,"{""artifactId"":""TS_GP_PT_CPI_M.P00071516:2d6704c04effe1da14bc1762ab7325308ae64e1367a7d82cf3202f1bd9456cd0:8fa05b366cb7"",""sourceKey"":""TS_GP_PT_CPI_M.P00071516"",""retrievedAt"":""2026-09-30T22:08:42.404Z"",""locator"":{""seriesKey"":""TS_GP_PT_CPI_M.P00071516"",""observationDate"":""2022-05-31"",""row"":52,""column"":5,""columns"":{""seriesKey"":2,""date"":4,""value"":5,""unit"":6,""status"":7,""comments"":8}},""rawValue"":""13.1""}"
rural_nonfood,2022-06,2022-06-30,20.4,Percent,not-stated,Normal,,,"{""artifactId"":""TS_GP_PT_CPI_M.P00071516:2d6704c04effe1da14bc1762ab7325308ae64e1367a7d82cf3202f1bd9456cd0:8fa05b366cb7"",""sourceKey"":""TS_GP_PT_CPI_M.P00071516"",""retrievedAt"":""2026-09-30T22:08:42.404Z"",""locator"":{""seriesKey"":""TS_GP_PT_CPI_M.P00071516"",""observationDate"":""2022-06-30"",""row"":51,""column"":5,""columns"":{""seriesKey"":2,""date"":4,""value"":5,""unit"":6,""status"":7,""comments"":8}},""rawValue"":""20.4""}"
rural_nonfood,2022-07,2022-07-31,24.5,Percent,not-stated,Normal,,,"{""artifactId"":""TS_GP_PT_CPI_M.P00071516:2d6704c04effe1da14bc1762ab7325308ae64e1367a7d82cf3202f1bd9456cd0:8fa05b366cb7"",""sourceKey"":""TS_GP_PT_CPI_M.P00071516"",""retrievedAt"":""2026-09-30T22:08:42.404Z"",""locator"":{""seriesKey"":""TS_GP_PT_CPI_M.P00071516"",""observationDate"":""2022-07-31"",""row"":50,""column"":5,""columns"":{""seriesKey"":2,""date"":4,""value"":5,""unit"":6,""status"":7,""comments"":8}},""rawValue"":""24.5""}"
rural_nonfood,2022-08,2022-08-31,27.5,Percent,not-stated,Normal,,,"{""artifactId"":""TS_GP_PT_CPI_M.P00071516:2d6704c04effe1da14bc1762ab7325308ae64e1367a7d82cf3202f1bd9456cd0:8fa05b366cb7"",""sourceKey"":""TS_GP_PT_CPI_M.P00071516"",""retrievedAt"":""2026-09-30T22:08:42.404Z"",""locator"":{""seriesKey"":""TS_GP_PT_CPI_M.P00071516"",""observationDate"":""2022-08-31"",""row"":49,""column"":5,""columns"":{""seriesKey"":2,""date"":4,""value"":5,""unit"":6,""status"":7,""comments"":8}},""rawValue"":""27.5""}"
rural_nonfood,2022-09,2022-09-30,20.1,Percent,not-stated,Normal,,,"{""artifactId"":""TS_GP_PT_CPI_M.P00071516:2d6704c04effe1da14bc1762ab7325308ae64e1367a7d82cf3202f1bd9456cd0:8fa05b366cb7"",""sourceKey"":""TS_GP_PT_CPI_M.P00071516"",""retrievedAt"":""2026-09-30T22:08:42.404Z"",""locator"":{""seriesKey"":""TS_GP_PT_CPI_M.P00071516"",""observationDate"":""2022-09-30"",""row"":48,""column"":5,""columns"":{""seriesKey"":2,""date"":4,""value"":5,""unit"":6,""status"":7,""comments"":8}},""rawValue"":""20.1""}"
rural_nonfood,2022-10,2022-10-31,22.4,Percent,not-stated,Normal,,,"{""artifactId"":""TS_GP_PT_CPI_M.P00071516:2d6704c04effe1da14bc1762ab7325308ae64e1367a7d82cf3202f1bd9456cd0:8fa05b366cb7"",""sourceKey"":""TS_GP_PT_CPI_M.P00071516"",""retrievedAt"":""2026-09-30T22:08:42.404Z"",""locator"":{""seriesKey"":""TS_GP_PT_CPI_M.P00071516"",""observationDate"":""2022-10-31"",""row"":47,""column"":5,""columns"":{""seriesKey"":2,""date"":4,""value"":5,""unit"":6,""status"":7,""comments"":8}},""rawValue"":""22.4""}"
rural_nonfood,2022-11,2022-11-30,21.4,Percent,not-stated,Normal,,,"{""artifactId"":""TS_GP_PT_CPI_M.P00071516:2d6704c04effe1da14bc1762ab7325308ae64e1367a7d82cf3202f1bd9456cd0:8fa05b366cb7"",""sourceKey"":""TS_GP_PT_CPI_M.P00071516"",""retrievedAt"":""2026-09-30T22:08:42.404Z"",""locator"":{""seriesKey"":""TS_GP_PT_CPI_M.P00071516"",""observationDate"":""2022-11-30"",""row"":46,""column"":5,""columns"":{""seriesKey"":2,""date"":4,""value"":5,""unit"":6,""status"":7,""comments"":8}},""rawValue"":""21.4""}"
rural_nonfood,2022-12,2022-12-31,20.7,Percent,not-stated,Normal,,,"{""artifactId"":""TS_GP_PT_CPI_M.P00071516:2d6704c04effe1da14bc1762ab7325308ae64e1367a7d82cf3202f1bd9456cd0:8fa05b366cb7"",""sourceKey"":""TS_GP_PT_CPI_M.P00071516"",""retrievedAt"":""2026-09-30T22:08:42.404Z"",""locator"":{""seriesKey"":""TS_GP_PT_CPI_M.P00071516"",""observationDate"":""2022-12-31"",""row"":45,""column"":5,""columns"":{""seriesKey"":2,""date"":4,""value"":5,""unit"":6,""status"":7,""comments"":8}},""rawValue"":""20.7""}"
rural_nonfood,2023-01,2023-01-31,20.9,Percent,not-stated,Normal,,,"{""artifactId"":""TS_GP_PT_CPI_M.P00071516:2d6704c04effe1da14bc1762ab7325308ae64e1367a7d82cf3202f1bd9456cd0:8fa05b366cb7"",""sourceKey"":""TS_GP_PT_CPI_M.P00071516"",""retrievedAt"":""2026-09-30T22:08:42.404Z"",""locator"":{""seriesKey"":""TS_GP_PT_CPI_M.P00071516"",""observationDate"":""2023-01-31"",""row"":44,""column"":5,""columns"":{""seriesKey"":2,""date"":4,""value"":5,""unit"":6,""status"":7,""comments"":8}},""rawValue"":""20.9""}"
rural_nonfood,2023-02,2023-02-28,25.3,Percent,not-stated,Normal,,,"{""artifactId"":""TS_GP_PT_CPI_M.P00071516:2d6704c04effe1da14bc1762ab7325308ae64e1367a7d82cf3202f1bd9456cd0:8fa05b366cb7"",""sourceKey"":""TS_GP_PT_CPI_M.P00071516"",""retrievedAt"":""2026-09-30T22:08:42.404Z"",""locator"":{""seriesKey"":""TS_GP_PT_CPI_M.P00071516"",""observationDate"":""2023-02-28"",""row"":43,""column"":5,""columns"":{""seriesKey"":2,""date"":4,""value"":5,""unit"":6,""status"":7,""comments"":8}},""rawValue"":""25.3""}"
rural_nonfood,2023-03,2023-03-31,28.5,Percent,not-stated,Normal,,,"{""artifactId"":""TS_GP_PT_CPI_M.P00071516:2d6704c04effe1da14bc1762ab7325308ae64e1367a7d82cf3202f1bd9456cd0:8fa05b366cb7"",""sourceKey"":""TS_GP_PT_CPI_M.P00071516"",""retrievedAt"":""2026-09-30T22:08:42.404Z"",""locator"":{""seriesKey"":""TS_GP_PT_CPI_M.P00071516"",""observationDate"":""2023-03-31"",""row"":42,""column"":5,""columns"":{""seriesKey"":2,""date"":4,""value"":5,""unit"":6,""status"":7,""comments"":8}},""rawValue"":""28.5""}"
rural_nonfood,2023-04,2023-04-30,29.9,Percent,not-stated,Normal,,,"{""artifactId"":""TS_GP_PT_CPI_M.P00071516:2d6704c04effe1da14bc1762ab7325308ae64e1367a7d82cf3202f1bd9456cd0:8fa05b366cb7"",""sourceKey"":""TS_GP_PT_CPI_M.P00071516"",""retrievedAt"":""2026-09-30T22:08:42.404Z"",""locator"":{""seriesKey"":""TS_GP_PT_CPI_M.P00071516"",""observationDate"":""2023-04-30"",""row"":41,""column"":5,""columns"":{""seriesKey"":2,""date"":4,""value"":5,""unit"":6,""status"":7,""comments"":8}},""rawValue"":""29.9""}"
rural_nonfood,2023-05,2023-05-31,32.5,Percent,not-stated,Normal,,,"{""artifactId"":""TS_GP_PT_CPI_M.P00071516:2d6704c04effe1da14bc1762ab7325308ae64e1367a7d82cf3202f1bd9456cd0:8fa05b366cb7"",""sourceKey"":""TS_GP_PT_CPI_M.P00071516"",""retrievedAt"":""2026-09-30T22:08:42.404Z"",""locator"":{""seriesKey"":""TS_GP_PT_CPI_M.P00071516"",""observationDate"":""2023-05-31"",""row"":40,""column"":5,""columns"":{""seriesKey"":2,""date"":4,""value"":5,""unit"":6,""status"":7,""comments"":8}},""rawValue"":""32.5""}"
rural_nonfood,2023-06,2023-06-30,23.8,Percent,not-stated,Normal,,,"{""artifactId"":""TS_GP_PT_CPI_M.P00071516:2d6704c04effe1da14bc1762ab7325308ae64e1367a7d82cf3202f1bd9456cd0:8fa05b366cb7"",""sourceKey"":""TS_GP_PT_CPI_M.P00071516"",""retrievedAt"":""2026-09-30T22:08:42.404Z"",""locator"":{""seriesKey"":""TS_GP_PT_CPI_M.P00071516"",""observationDate"":""2023-06-30"",""row"":39,""column"":5,""columns"":{""seriesKey"":2,""date"":4,""value"":5,""unit"":6,""status"":7,""comments"":8}},""rawValue"":""23.8""}"
rural_nonfood,2023-07,2023-07-31,22,Percent,not-stated,Normal,,,"{""artifactId"":""TS_GP_PT_CPI_M.P00071516:2d6704c04effe1da14bc1762ab7325308ae64e1367a7d82cf3202f1bd9456cd0:8fa05b366cb7"",""sourceKey"":""TS_GP_PT_CPI_M.P00071516"",""retrievedAt"":""2026-09-30T22:08:42.404Z"",""locator"":{""seriesKey"":""TS_GP_PT_CPI_M.P00071516"",""observationDate"":""2023-07-31"",""row"":38,""column"":5,""columns"":{""seriesKey"":2,""date"":4,""value"":5,""unit"":6,""status"":7,""comments"":8}},""rawValue"":""22""}"
rural_nonfood,2023-08,2023-08-31,22,Percent,not-stated,Normal,,,"{""artifactId"":""TS_GP_PT_CPI_M.P00071516:2d6704c04effe1da14bc1762ab7325308ae64e1367a7d82cf3202f1bd9456cd0:8fa05b366cb7"",""sourceKey"":""TS_GP_PT_CPI_M.P00071516"",""retrievedAt"":""2026-09-30T22:08:42.404Z"",""locator"":{""seriesKey"":""TS_GP_PT_CPI_M.P00071516"",""observationDate"":""2023-08-31"",""row"":37,""column"":5,""columns"":{""seriesKey"":2,""date"":4,""value"":5,""unit"":6,""status"":7,""comments"":8}},""rawValue"":""22""}"
rural_nonfood,2023-09,2023-09-30,32.3,Percent,not-stated,Normal,,,"{""artifactId"":""TS_GP_PT_CPI_M.P00071516:2d6704c04effe1da14bc1762ab7325308ae64e1367a7d82cf3202f1bd9456cd0:8fa05b366cb7"",""sourceKey"":""TS_GP_PT_CPI_M.P00071516"",""retrievedAt"":""2026-09-30T22:08:42.404Z"",""locator"":{""seriesKey"":""TS_GP_PT_CPI_M.P00071516"",""observationDate"":""2023-09-30"",""row"":36,""column"":5,""columns"":{""seriesKey"":2,""date"":4,""value"":5,""unit"":6,""status"":7,""comments"":8}},""rawValue"":""32.3""}"
rural_nonfood,2023-10,2023-10-31,28.8,Percent,not-stated,Normal,,,"{""artifactId"":""TS_GP_PT_CPI_M.P00071516:2d6704c04effe1da14bc1762ab7325308ae64e1367a7d82cf3202f1bd9456cd0:8fa05b366cb7"",""sourceKey"":""TS_GP_PT_CPI_M.P00071516"",""retrievedAt"":""2026-09-30T22:08:42.404Z"",""locator"":{""seriesKey"":""TS_GP_PT_CPI_M.P00071516"",""observationDate"":""2023-10-31"",""row"":35,""column"":5,""columns"":{""seriesKey"":2,""date"":4,""value"":5,""unit"":6,""status"":7,""comments"":8}},""rawValue"":""28.8""}"
rural_nonfood,2023-11,2023-11-30,25.9,Percent,not-stated,Normal,,,"{""artifactId"":""TS_GP_PT_CPI_M.P00071516:2d6704c04effe1da14bc1762ab7325308ae64e1367a7d82cf3202f1bd9456cd0:8fa05b366cb7"",""sourceKey"":""TS_GP_PT_CPI_M.P00071516"",""retrievedAt"":""2026-09-30T22:08:42.404Z"",""locator"":{""seriesKey"":""TS_GP_PT_CPI_M.P00071516"",""observationDate"":""2023-11-30"",""row"":34,""column"":5,""columns"":{""seriesKey"":2,""date"":4,""value"":5,""unit"":6,""status"":7,""comments"":8}},""rawValue"":""25.9""}"
rural_nonfood,2023-12,2023-12-31,26.4,Percent,not-stated,Normal,,,"{""artifactId"":""TS_GP_PT_CPI_M.P00071516:2d6704c04effe1da14bc1762ab7325308ae64e1367a7d82cf3202f1bd9456cd0:8fa05b366cb7"",""sourceKey"":""TS_GP_PT_CPI_M.P00071516"",""retrievedAt"":""2026-09-30T22:08:42.404Z"",""locator"":{""seriesKey"":""TS_GP_PT_CPI_M.P00071516"",""observationDate"":""2023-12-31"",""row"":33,""column"":5,""columns"":{""seriesKey"":2,""date"":4,""value"":5,""unit"":6,""status"":7,""comments"":8}},""rawValue"":""26.4""}"
rural_nonfood,2024-01,2024-01-31,26.3,Percent,not-stated,Normal,,,"{""artifactId"":""TS_GP_PT_CPI_M.P00071516:2d6704c04effe1da14bc1762ab7325308ae64e1367a7d82cf3202f1bd9456cd0:8fa05b366cb7"",""sourceKey"":""TS_GP_PT_CPI_M.P00071516"",""retrievedAt"":""2026-09-30T22:08:42.404Z"",""locator"":{""seriesKey"":""TS_GP_PT_CPI_M.P00071516"",""observationDate"":""2024-01-31"",""row"":32,""column"":5,""columns"":{""seriesKey"":2,""date"":4,""value"":5,""unit"":6,""status"":7,""comments"":8}},""rawValue"":""26.3""}"
rural_nonfood,2024-02,2024-02-29,22.1,Percent,not-stated,Normal,,,"{""artifactId"":""TS_GP_PT_CPI_M.P00071516:2d6704c04effe1da14bc1762ab7325308ae64e1367a7d82cf3202f1bd9456cd0:8fa05b366cb7"",""sourceKey"":""TS_GP_PT_CPI_M.P00071516"",""retrievedAt"":""2026-09-30T22:08:42.404Z"",""locator"":{""seriesKey"":""TS_GP_PT_CPI_M.P00071516"",""observationDate"":""2024-02-29"",""row"":31,""column"":5,""columns"":{""seriesKey"":2,""date"":4,""value"":5,""unit"":6,""status"":7,""comments"":8}},""rawValue"":""22.1""}"
rural_nonfood,2024-03,2024-03-31,21,Percent,not-stated,Normal,,,"{""artifactId"":""TS_GP_PT_CPI_M.P00071516:2d6704c04effe1da14bc1762ab7325308ae64e1367a7d82cf3202f1bd9456cd0:8fa05b366cb7"",""sourceKey"":""TS_GP_PT_CPI_M.P00071516"",""retrievedAt"":""2026-09-30T22:08:42.404Z"",""locator"":{""seriesKey"":""TS_GP_PT_CPI_M.P00071516"",""observationDate"":""2024-03-31"",""row"":30,""column"":5,""columns"":{""seriesKey"":2,""date"":4,""value"":5,""unit"":6,""status"":7,""comments"":8}},""rawValue"":""21""}"
rural_nonfood,2024-04,2024-04-30,20,Percent,not-stated,Normal,,,"{""artifactId"":""TS_GP_PT_CPI_M.P00071516:2d6704c04effe1da14bc1762ab7325308ae64e1367a7d82cf3202f1bd9456cd0:8fa05b366cb7"",""sourceKey"":""TS_GP_PT_CPI_M.P00071516"",""retrievedAt"":""2026-09-30T22:08:42.404Z"",""locator"":{""seriesKey"":""TS_GP_PT_CPI_M.P00071516"",""observationDate"":""2024-04-30"",""row"":29,""column"":5,""columns"":{""seriesKey"":2,""date"":4,""value"":5,""unit"":6,""status"":7,""comments"":8}},""rawValue"":""20""}"
rural_nonfood,2024-05,2024-05-31,17.2,Percent,not-stated,Normal,,,"{""artifactId"":""TS_GP_PT_CPI_M.P00071516:2d6704c04effe1da14bc1762ab7325308ae64e1367a7d82cf3202f1bd9456cd0:8fa05b366cb7"",""sourceKey"":""TS_GP_PT_CPI_M.P00071516"",""retrievedAt"":""2026-09-30T22:08:42.404Z"",""locator"":{""seriesKey"":""TS_GP_PT_CPI_M.P00071516"",""observationDate"":""2024-05-31"",""row"":28,""column"":5,""columns"":{""seriesKey"":2,""date"":4,""value"":5,""unit"":6,""status"":7,""comments"":8}},""rawValue"":""17.2""}"
rural_nonfood,2024-06,2024-06-30,17.9,Percent,not-stated,Normal,,,"{""artifactId"":""TS_GP_PT_CPI_M.P00071516:2d6704c04effe1da14bc1762ab7325308ae64e1367a7d82cf3202f1bd9456cd0:8fa05b366cb7"",""sourceKey"":""TS_GP_PT_CPI_M.P00071516"",""retrievedAt"":""2026-09-30T22:08:42.404Z"",""locator"":{""seriesKey"":""TS_GP_PT_CPI_M.P00071516"",""observationDate"":""2024-06-30"",""row"":27,""column"":5,""columns"":{""seriesKey"":2,""date"":4,""value"":5,""unit"":6,""status"":7,""comments"":8}},""rawValue"":""17.9""}"
rural_nonfood,2024-07,2024-07-31,15.5,Percent,not-stated,Normal,,,"{""artifactId"":""TS_GP_PT_CPI_M.P00071516:2d6704c04effe1da14bc1762ab7325308ae64e1367a7d82cf3202f1bd9456cd0:8fa05b366cb7"",""sourceKey"":""TS_GP_PT_CPI_M.P00071516"",""retrievedAt"":""2026-09-30T22:08:42.404Z"",""locator"":{""seriesKey"":""TS_GP_PT_CPI_M.P00071516"",""observationDate"":""2024-07-31"",""row"":26,""column"":5,""columns"":{""seriesKey"":2,""date"":4,""value"":5,""unit"":6,""status"":7,""comments"":8}},""rawValue"":""15.5""}"
rural_nonfood,2024-08,2024-08-31,11.9,Percent,not-stated,Normal,,,"{""artifactId"":""TS_GP_PT_CPI_M.P00071516:2d6704c04effe1da14bc1762ab7325308ae64e1367a7d82cf3202f1bd9456cd0:8fa05b366cb7"",""sourceKey"":""TS_GP_PT_CPI_M.P00071516"",""retrievedAt"":""2026-09-30T22:08:42.404Z"",""locator"":{""seriesKey"":""TS_GP_PT_CPI_M.P00071516"",""observationDate"":""2024-08-31"",""row"":25,""column"":5,""columns"":{""seriesKey"":2,""date"":4,""value"":5,""unit"":6,""status"":7,""comments"":8}},""rawValue"":""11.9""}"
rural_nonfood,2024-09,2024-09-30,8.4,Percent,not-stated,Normal,,,"{""artifactId"":""TS_GP_PT_CPI_M.P00071516:2d6704c04effe1da14bc1762ab7325308ae64e1367a7d82cf3202f1bd9456cd0:8fa05b366cb7"",""sourceKey"":""TS_GP_PT_CPI_M.P00071516"",""retrievedAt"":""2026-09-30T22:08:42.404Z"",""locator"":{""seriesKey"":""TS_GP_PT_CPI_M.P00071516"",""observationDate"":""2024-09-30"",""row"":24,""column"":5,""columns"":{""seriesKey"":2,""date"":4,""value"":5,""unit"":6,""status"":7,""comments"":8}},""rawValue"":""8.4""}"
rural_nonfood,2024-10,2024-10-31,8,Percent,not-stated,Normal,,,"{""artifactId"":""TS_GP_PT_CPI_M.P00071516:2d6704c04effe1da14bc1762ab7325308ae64e1367a7d82cf3202f1bd9456cd0:8fa05b366cb7"",""sourceKey"":""TS_GP_PT_CPI_M.P00071516"",""retrievedAt"":""2026-09-30T22:08:42.404Z"",""locator"":{""seriesKey"":""TS_GP_PT_CPI_M.P00071516"",""observationDate"":""2024-10-31"",""row"":23,""column"":5,""columns"":{""seriesKey"":2,""date"":4,""value"":5,""unit"":6,""status"":7,""comments"":8}},""rawValue"":""8""}"
rural_nonfood,2024-11,2024-11-30,9.1,Percent,not-stated,Normal,,,"{""artifactId"":""TS_GP_PT_CPI_M.P00071516:2d6704c04effe1da14bc1762ab7325308ae64e1367a7d82cf3202f1bd9456cd0:8fa05b366cb7"",""sourceKey"":""TS_GP_PT_CPI_M.P00071516"",""retrievedAt"":""2026-09-30T22:08:42.404Z"",""locator"":{""seriesKey"":""TS_GP_PT_CPI_M.P00071516"",""observationDate"":""2024-11-30"",""row"":22,""column"":5,""columns"":{""seriesKey"":2,""date"":4,""value"":5,""unit"":6,""status"":7,""comments"":8}},""rawValue"":""9.1""}"
rural_nonfood,2024-12,2024-12-31,7.6,Percent,not-stated,Normal,,,"{""artifactId"":""TS_GP_PT_CPI_M.P00071516:2d6704c04effe1da14bc1762ab7325308ae64e1367a7d82cf3202f1bd9456cd0:8fa05b366cb7"",""sourceKey"":""TS_GP_PT_CPI_M.P00071516"",""retrievedAt"":""2026-09-30T22:08:42.404Z"",""locator"":{""seriesKey"":""TS_GP_PT_CPI_M.P00071516"",""observationDate"":""2024-12-31"",""row"":21,""column"":5,""columns"":{""seriesKey"":2,""date"":4,""value"":5,""unit"":6,""status"":7,""comments"":8}},""rawValue"":""7.6""}"
rural_nonfood,2025-01,2025-01-31,7,Percent,not-stated,Normal,,,"{""artifactId"":""TS_GP_PT_CPI_M.P00071516:2d6704c04effe1da14bc1762ab7325308ae64e1367a7d82cf3202f1bd9456cd0:8fa05b366cb7"",""sourceKey"":""TS_GP_PT_CPI_M.P00071516"",""retrievedAt"":""2026-09-30T22:08:42.404Z"",""locator"":{""seriesKey"":""TS_GP_PT_CPI_M.P00071516"",""observationDate"":""2025-01-31"",""row"":20,""column"":5,""columns"":{""seriesKey"":2,""date"":4,""value"":5,""unit"":6,""status"":7,""comments"":8}},""rawValue"":""7""}"
rural_nonfood,2025-02,2025-02-28,6.6,Percent,not-stated,Normal,,,"{""artifactId"":""TS_GP_PT_CPI_M.P00071516:2d6704c04effe1da14bc1762ab7325308ae64e1367a7d82cf3202f1bd9456cd0:8fa05b366cb7"",""sourceKey"":""TS_GP_PT_CPI_M.P00071516"",""retrievedAt"":""2026-09-30T22:08:42.404Z"",""locator"":{""seriesKey"":""TS_GP_PT_CPI_M.P00071516"",""observationDate"":""2025-02-28"",""row"":19,""column"":5,""columns"":{""seriesKey"":2,""date"":4,""value"":5,""unit"":6,""status"":7,""comments"":8}},""rawValue"":""6.6""}"
rural_nonfood,2025-03,2025-03-31,5.6,Percent,not-stated,Normal,,,"{""artifactId"":""TS_GP_PT_CPI_M.P00071516:2d6704c04effe1da14bc1762ab7325308ae64e1367a7d82cf3202f1bd9456cd0:8fa05b366cb7"",""sourceKey"":""TS_GP_PT_CPI_M.P00071516"",""retrievedAt"":""2026-09-30T22:08:42.404Z"",""locator"":{""seriesKey"":""TS_GP_PT_CPI_M.P00071516"",""observationDate"":""2025-03-31"",""row"":18,""column"":5,""columns"":{""seriesKey"":2,""date"":4,""value"":5,""unit"":6,""status"":7,""comments"":8}},""rawValue"":""5.6""}"
rural_nonfood,2025-04,2025-04-30,4.4,Percent,not-stated,Normal,,,"{""artifactId"":""TS_GP_PT_CPI_M.P00071516:2d6704c04effe1da14bc1762ab7325308ae64e1367a7d82cf3202f1bd9456cd0:8fa05b366cb7"",""sourceKey"":""TS_GP_PT_CPI_M.P00071516"",""retrievedAt"":""2026-09-30T22:08:42.404Z"",""locator"":{""seriesKey"":""TS_GP_PT_CPI_M.P00071516"",""observationDate"":""2025-04-30"",""row"":17,""column"":5,""columns"":{""seriesKey"":2,""date"":4,""value"":5,""unit"":6,""status"":7,""comments"":8}},""rawValue"":""4.4""}"
rural_nonfood,2025-05,2025-05-31,4.6,Percent,not-stated,Normal,,,"{""artifactId"":""TS_GP_PT_CPI_M.P00071516:2d6704c04effe1da14bc1762ab7325308ae64e1367a7d82cf3202f1bd9456cd0:8fa05b366cb7"",""sourceKey"":""TS_GP_PT_CPI_M.P00071516"",""retrievedAt"":""2026-09-30T22:08:42.404Z"",""locator"":{""seriesKey"":""TS_GP_PT_CPI_M.P00071516"",""observationDate"":""2025-05-31"",""row"":16,""column"":5,""columns"":{""seriesKey"":2,""date"":4,""value"":5,""unit"":6,""status"":7,""comments"":8}},""rawValue"":""4.6""}"
rural_nonfood,2025-06,2025-06-30,4.7,Percent,not-stated,Normal,,,"{""artifactId"":""TS_GP_PT_CPI_M.P00071516:2d6704c04effe1da14bc1762ab7325308ae64e1367a7d82cf3202f1bd9456cd0:8fa05b366cb7"",""sourceKey"":""TS_GP_PT_CPI_M.P00071516"",""retrievedAt"":""2026-09-30T22:08:42.404Z"",""locator"":{""seriesKey"":""TS_GP_PT_CPI_M.P00071516"",""observationDate"":""2025-06-30"",""row"":15,""column"":5,""columns"":{""seriesKey"":2,""date"":4,""value"":5,""unit"":6,""status"":7,""comments"":8}},""rawValue"":""4.7""}"
rural_nonfood,2025-07,2025-07-31,5.4,Percent,not-stated,Normal,,,"{""artifactId"":""TS_GP_PT_CPI_M.P00071516:2d6704c04effe1da14bc1762ab7325308ae64e1367a7d82cf3202f1bd9456cd0:8fa05b366cb7"",""sourceKey"":""TS_GP_PT_CPI_M.P00071516"",""retrievedAt"":""2026-09-30T22:08:42.404Z"",""locator"":{""seriesKey"":""TS_GP_PT_CPI_M.P00071516"",""observationDate"":""2025-07-31"",""row"":14,""column"":5,""columns"":{""seriesKey"":2,""date"":4,""value"":5,""unit"":6,""status"":7,""comments"":8}},""rawValue"":""5.4""}"
rural_nonfood,2025-08,2025-08-31,5.3,Percent,not-stated,Normal,,,"{""artifactId"":""TS_GP_PT_CPI_M.P00071516:2d6704c04effe1da14bc1762ab7325308ae64e1367a7d82cf3202f1bd9456cd0:8fa05b366cb7"",""sourceKey"":""TS_GP_PT_CPI_M.P00071516"",""retrievedAt"":""2026-09-30T22:08:42.404Z"",""locator"":{""seriesKey"":""TS_GP_PT_CPI_M.P00071516"",""observationDate"":""2025-08-31"",""row"":13,""column"":5,""columns"":{""seriesKey"":2,""date"":4,""value"":5,""unit"":6,""status"":7,""comments"":8}},""rawValue"":""5.3""}"
rural_nonfood,2025-09,2025-09-30,5.8,Percent,not-stated,Normal,,,"{""artifactId"":""TS_GP_PT_CPI_M.P00071516:2d6704c04effe1da14bc1762ab7325308ae64e1367a7d82cf3202f1bd9456cd0:8fa05b366cb7"",""sourceKey"":""TS_GP_PT_CPI_M.P00071516"",""retrievedAt"":""2026-09-30T22:08:42.404Z"",""locator"":{""seriesKey"":""TS_GP_PT_CPI_M.P00071516"",""observationDate"":""2025-09-30"",""row"":12,""column"":5,""columns"":{""seriesKey"":2,""date"":4,""value"":5,""unit"":6,""status"":7,""comments"":8}},""rawValue"":""5.8""}"
rural_nonfood,2025-10,2025-10-31,6.4,Percent,not-stated,Normal,,,"{""artifactId"":""TS_GP_PT_CPI_M.P00071516:2d6704c04effe1da14bc1762ab7325308ae64e1367a7d82cf3202f1bd9456cd0:8fa05b366cb7"",""sourceKey"":""TS_GP_PT_CPI_M.P00071516"",""retrievedAt"":""2026-09-30T22:08:42.404Z"",""locator"":{""seriesKey"":""TS_GP_PT_CPI_M.P00071516"",""observationDate"":""2025-10-31"",""row"":11,""column"":5,""columns"":{""seriesKey"":2,""date"":4,""value"":5,""unit"":6,""status"":7,""comments"":8}},""rawValue"":""6.4""}"
rural_nonfood,2025-11,2025-11-30,6.7,Percent,not-stated,Normal,,,"{""artifactId"":""TS_GP_PT_CPI_M.P00071516:2d6704c04effe1da14bc1762ab7325308ae64e1367a7d82cf3202f1bd9456cd0:8fa05b366cb7"",""sourceKey"":""TS_GP_PT_CPI_M.P00071516"",""retrievedAt"":""2026-09-30T22:08:42.404Z"",""locator"":{""seriesKey"":""TS_GP_PT_CPI_M.P00071516"",""observationDate"":""2025-11-30"",""row"":10,""column"":5,""columns"":{""seriesKey"":2,""date"":4,""value"":5,""unit"":6,""status"":7,""comments"":8}},""rawValue"":""6.7""}"
rural_nonfood,2025-12,2025-12-31,6.9,Percent,not-stated,Normal,,,"{""artifactId"":""TS_GP_PT_CPI_M.P00071516:2d6704c04effe1da14bc1762ab7325308ae64e1367a7d82cf3202f1bd9456cd0:8fa05b366cb7"",""sourceKey"":""TS_GP_PT_CPI_M.P00071516"",""retrievedAt"":""2026-09-30T22:08:42.404Z"",""locator"":{""seriesKey"":""TS_GP_PT_CPI_M.P00071516"",""observationDate"":""2025-12-31"",""row"":9,""column"":5,""columns"":{""seriesKey"":2,""date"":4,""value"":5,""unit"":6,""status"":7,""comments"":8}},""rawValue"":""6.9""}"
rural_nonfood,2026-01,2026-01-31,6.9,Percent,not-stated,Normal,,,"{""artifactId"":""TS_GP_PT_CPI_M.P00071516:2d6704c04effe1da14bc1762ab7325308ae64e1367a7d82cf3202f1bd9456cd0:8fa05b366cb7"",""sourceKey"":""TS_GP_PT_CPI_M.P00071516"",""retrievedAt"":""2026-09-30T22:08:42.404Z"",""locator"":{""seriesKey"":""TS_GP_PT_CPI_M.P00071516"",""observationDate"":""2026-01-31"",""row"":8,""column"":5,""columns"":{""seriesKey"":2,""date"":4,""value"":5,""unit"":6,""status"":7,""comments"":8}},""rawValue"":""6.9""}"
rural_nonfood,2026-02,2026-02-28,7.7,Percent,not-stated,Normal,,,"{""artifactId"":""TS_GP_PT_CPI_M.P00071516:2d6704c04effe1da14bc1762ab7325308ae64e1367a7d82cf3202f1bd9456cd0:8fa05b366cb7"",""sourceKey"":""TS_GP_PT_CPI_M.P00071516"",""retrievedAt"":""2026-09-30T22:08:42.404Z"",""locator"":{""seriesKey"":""TS_GP_PT_CPI_M.P00071516"",""observationDate"":""2026-02-28"",""row"":7,""column"":5,""columns"":{""seriesKey"":2,""date"":4,""value"":5,""unit"":6,""status"":7,""comments"":8}},""rawValue"":""7.7""}"
rural_nonfood,2026-03,2026-03-31,9.7,Percent,not-stated,Normal,,,"{""artifactId"":""TS_GP_PT_CPI_M.P00071516:2d6704c04effe1da14bc1762ab7325308ae64e1367a7d82cf3202f1bd9456cd0:8fa05b366cb7"",""sourceKey"":""TS_GP_PT_CPI_M.P00071516"",""retrievedAt"":""2026-09-30T22:08:42.404Z"",""locator"":{""seriesKey"":""TS_GP_PT_CPI_M.P00071516"",""observationDate"":""2026-03-31"",""row"":6,""column"":5,""columns"":{""seriesKey"":2,""date"":4,""value"":5,""unit"":6,""status"":7,""comments"":8}},""rawValue"":""9.7""}"
rural_nonfood,2026-04,2026-04-30,13.6,Percent,not-stated,Normal,0,,"{""artifactId"":""TS_GP_PT_CPI_M.P00071516:2d6704c04effe1da14bc1762ab7325308ae64e1367a7d82cf3202f1bd9456cd0:8fa05b366cb7"",""sourceKey"":""TS_GP_PT_CPI_M.P00071516"",""retrievedAt"":""2026-09-30T22:08:42.404Z"",""locator"":{""seriesKey"":""TS_GP_PT_CPI_M.P00071516"",""observationDate"":""2026-04-30"",""row"":5,""column"":5,""columns"":{""seriesKey"":2,""date"":4,""value"":5,""unit"":6,""status"":7,""comments"":8}},""rawValue"":""13.6""}"
rural_nonfood,2026-05,2026-05-31,14.2,Percent,not-stated,Normal,,,"{""artifactId"":""TS_GP_PT_CPI_M.P00071516:2d6704c04effe1da14bc1762ab7325308ae64e1367a7d82cf3202f1bd9456cd0:8fa05b366cb7"",""sourceKey"":""TS_GP_PT_CPI_M.P00071516"",""retrievedAt"":""2026-09-30T22:08:42.404Z"",""locator"":{""seriesKey"":""TS_GP_PT_CPI_M.P00071516"",""observationDate"":""2026-05-31"",""row"":4,""column"":5,""columns"":{""seriesKey"":2,""date"":4,""value"":5,""unit"":6,""status"":7,""comments"":8}},""rawValue"":""14.2""}"
rural_nonfood,2026-06,2026-06-30,12.3,Percent,not-stated,Normal,,,"{""artifactId"":""TS_GP_PT_CPI_M.P00071516:2d6704c04effe1da14bc1762ab7325308ae64e1367a7d82cf3202f1bd9456cd0:8fa05b366cb7"",""sourceKey"":""TS_GP_PT_CPI_M.P00071516"",""retrievedAt"":""2026-09-30T22:08:42.404Z"",""locator"":{""seriesKey"":""TS_GP_PT_CPI_M.P00071516"",""observationDate"":""2026-06-30"",""row"":3,""column"":5,""columns"":{""seriesKey"":2,""date"":4,""value"":5,""unit"":6,""status"":7,""comments"":8}},""rawValue"":""12.3""}"
rural_nonfood,2026-07,2026-07-31,9.7,Percent,not-stated,Normal,,,"{""artifactId"":""TS_GP_PT_CPI_M.P00071516:2d6704c04effe1da14bc1762ab7325308ae64e1367a7d82cf3202f1bd9456cd0:8fa05b366cb7"",""sourceKey"":""TS_GP_PT_CPI_M.P00071516"",""retrievedAt"":""2026-09-30T22:08:42.404Z"",""locator"":{""seriesKey"":""TS_GP_PT_CPI_M.P00071516"",""observationDate"":""2026-07-31"",""row"":2,""column"":5,""columns"":{""seriesKey"":2,""date"":4,""value"":5,""unit"":6,""status"":7,""comments"":8}},""rawValue"":""9.7""}"
rural_nonfood,2026-08,2026-08-31,11.3,Percent,not-stated,Normal,,,"{""artifactId"":""TS_GP_PT_CPI_M.P00071516:2d6704c04effe1da14bc1762ab7325308ae64e1367a7d82cf3202f1bd9456cd0:8fa05b366cb7"",""sourceKey"":""TS_GP_PT_CPI_M.P00071516"",""retrievedAt"":""2026-09-30T22:08:42.404Z"",""locator"":{""seriesKey"":""TS_GP_PT_CPI_M.P00071516"",""observationDate"":""2026-08-31"",""row"":1,""column"":5,""columns"":{""seriesKey"":2,""date"":4,""value"":5,""unit"":6,""status"":7,""comments"":8}},""rawValue"":""11.3""}"
wpi,2021-09,2021-09-30,19.60677226,Percent,not-stated,Normal,,,"{""artifactId"":""TS_GP_PT_CPI_M.P00081516:ad2fc1ecf03c233cda397070a9c4a63f6091729ab05bebae7733dbc89e28bc17:feb2bee0e646"",""sourceKey"":""TS_GP_PT_CPI_M.P00081516"",""retrievedAt"":""2026-09-30T22:08:42.849Z"",""locator"":{""seriesKey"":""TS_GP_PT_CPI_M.P00081516"",""observationDate"":""2021-09-30"",""row"":60,""column"":5,""columns"":{""seriesKey"":2,""date"":4,""value"":5,""unit"":6,""status"":7,""comments"":8}},""rawValue"":""19.60677226""}"
wpi,2021-10,2021-10-31,21.2,Percent,not-stated,Normal,,,"{""artifactId"":""TS_GP_PT_CPI_M.P00081516:ad2fc1ecf03c233cda397070a9c4a63f6091729ab05bebae7733dbc89e28bc17:feb2bee0e646"",""sourceKey"":""TS_GP_PT_CPI_M.P00081516"",""retrievedAt"":""2026-09-30T22:08:42.849Z"",""locator"":{""seriesKey"":""TS_GP_PT_CPI_M.P00081516"",""observationDate"":""2021-10-31"",""row"":59,""column"":5,""columns"":{""seriesKey"":2,""date"":4,""value"":5,""unit"":6,""status"":7,""comments"":8}},""rawValue"":""21.2""}"
wpi,2021-11,2021-11-30,27,Percent,not-stated,Normal,,,"{""artifactId"":""TS_GP_PT_CPI_M.P00081516:ad2fc1ecf03c233cda397070a9c4a63f6091729ab05bebae7733dbc89e28bc17:feb2bee0e646"",""sourceKey"":""TS_GP_PT_CPI_M.P00081516"",""retrievedAt"":""2026-09-30T22:08:42.849Z"",""locator"":{""seriesKey"":""TS_GP_PT_CPI_M.P00081516"",""observationDate"":""2021-11-30"",""row"":58,""column"":5,""columns"":{""seriesKey"":2,""date"":4,""value"":5,""unit"":6,""status"":7,""comments"":8}},""rawValue"":""27""}"
wpi,2021-12,2021-12-31,26.23673142,Percent,not-stated,Normal,,,"{""artifactId"":""TS_GP_PT_CPI_M.P00081516:ad2fc1ecf03c233cda397070a9c4a63f6091729ab05bebae7733dbc89e28bc17:feb2bee0e646"",""sourceKey"":""TS_GP_PT_CPI_M.P00081516"",""retrievedAt"":""2026-09-30T22:08:42.849Z"",""locator"":{""seriesKey"":""TS_GP_PT_CPI_M.P00081516"",""observationDate"":""2021-12-31"",""row"":57,""column"":5,""columns"":{""seriesKey"":2,""date"":4,""value"":5,""unit"":6,""status"":7,""comments"":8}},""rawValue"":""26.23673142""}"
wpi,2022-01,2022-01-31,23.95623005,Percent,not-stated,Normal,,,"{""artifactId"":""TS_GP_PT_CPI_M.P00081516:ad2fc1ecf03c233cda397070a9c4a63f6091729ab05bebae7733dbc89e28bc17:feb2bee0e646"",""sourceKey"":""TS_GP_PT_CPI_M.P00081516"",""retrievedAt"":""2026-09-30T22:08:42.849Z"",""locator"":{""seriesKey"":""TS_GP_PT_CPI_M.P00081516"",""observationDate"":""2022-01-31"",""row"":56,""column"":5,""columns"":{""seriesKey"":2,""date"":4,""value"":5,""unit"":6,""status"":7,""comments"":8}},""rawValue"":""23.95623005""}"
wpi,2022-02,2022-02-28,23.61376673,Percent,not-stated,Normal,,,"{""artifactId"":""TS_GP_PT_CPI_M.P00081516:ad2fc1ecf03c233cda397070a9c4a63f6091729ab05bebae7733dbc89e28bc17:feb2bee0e646"",""sourceKey"":""TS_GP_PT_CPI_M.P00081516"",""retrievedAt"":""2026-09-30T22:08:42.849Z"",""locator"":{""seriesKey"":""TS_GP_PT_CPI_M.P00081516"",""observationDate"":""2022-02-28"",""row"":55,""column"":5,""columns"":{""seriesKey"":2,""date"":4,""value"":5,""unit"":6,""status"":7,""comments"":8}},""rawValue"":""23.61376673""}"
wpi,2022-03,2022-03-31,23.8,Percent,not-stated,Normal,,,"{""artifactId"":""TS_GP_PT_CPI_M.P00081516:ad2fc1ecf03c233cda397070a9c4a63f6091729ab05bebae7733dbc89e28bc17:feb2bee0e646"",""sourceKey"":""TS_GP_PT_CPI_M.P00081516"",""retrievedAt"":""2026-09-30T22:08:42.849Z"",""locator"":{""seriesKey"":""TS_GP_PT_CPI_M.P00081516"",""observationDate"":""2022-03-31"",""row"":54,""column"":5,""columns"":{""seriesKey"":2,""date"":4,""value"":5,""unit"":6,""status"":7,""comments"":8}},""rawValue"":""23.8""}"
wpi,2022-04,2022-04-30,28.14677767,Percent,not-stated,Normal,,,"{""artifactId"":""TS_GP_PT_CPI_M.P00081516:ad2fc1ecf03c233cda397070a9c4a63f6091729ab05bebae7733dbc89e28bc17:feb2bee0e646"",""sourceKey"":""TS_GP_PT_CPI_M.P00081516"",""retrievedAt"":""2026-09-30T22:08:42.849Z"",""locator"":{""seriesKey"":""TS_GP_PT_CPI_M.P00081516"",""observationDate"":""2022-04-30"",""row"":53,""column"":5,""columns"":{""seriesKey"":2,""date"":4,""value"":5,""unit"":6,""status"":7,""comments"":8}},""rawValue"":""28.14677767""}"
wpi,2022-05,2022-05-31,29.6,Percent,not-stated,Normal,,,"{""artifactId"":""TS_GP_PT_CPI_M.P00081516:ad2fc1ecf03c233cda397070a9c4a63f6091729ab05bebae7733dbc89e28bc17:feb2bee0e646"",""sourceKey"":""TS_GP_PT_CPI_M.P00081516"",""retrievedAt"":""2026-09-30T22:08:42.849Z"",""locator"":{""seriesKey"":""TS_GP_PT_CPI_M.P00081516"",""observationDate"":""2022-05-31"",""row"":52,""column"":5,""columns"":{""seriesKey"":2,""date"":4,""value"":5,""unit"":6,""status"":7,""comments"":8}},""rawValue"":""29.6""}"
wpi,2022-06,2022-06-30,38.9,Percent,not-stated,Normal,,,"{""artifactId"":""TS_GP_PT_CPI_M.P00081516:ad2fc1ecf03c233cda397070a9c4a63f6091729ab05bebae7733dbc89e28bc17:feb2bee0e646"",""sourceKey"":""TS_GP_PT_CPI_M.P00081516"",""retrievedAt"":""2026-09-30T22:08:42.849Z"",""locator"":{""seriesKey"":""TS_GP_PT_CPI_M.P00081516"",""observationDate"":""2022-06-30"",""row"":51,""column"":5,""columns"":{""seriesKey"":2,""date"":4,""value"":5,""unit"":6,""status"":7,""comments"":8}},""rawValue"":""38.9""}"
wpi,2022-07,2022-07-31,38.5,Percent,not-stated,Normal,,,"{""artifactId"":""TS_GP_PT_CPI_M.P00081516:ad2fc1ecf03c233cda397070a9c4a63f6091729ab05bebae7733dbc89e28bc17:feb2bee0e646"",""sourceKey"":""TS_GP_PT_CPI_M.P00081516"",""retrievedAt"":""2026-09-30T22:08:42.849Z"",""locator"":{""seriesKey"":""TS_GP_PT_CPI_M.P00081516"",""observationDate"":""2022-07-31"",""row"":50,""column"":5,""columns"":{""seriesKey"":2,""date"":4,""value"":5,""unit"":6,""status"":7,""comments"":8}},""rawValue"":""38.5""}"
wpi,2022-08,2022-08-31,41.2,Percent,not-stated,Normal,,,"{""artifactId"":""TS_GP_PT_CPI_M.P00081516:ad2fc1ecf03c233cda397070a9c4a63f6091729ab05bebae7733dbc89e28bc17:feb2bee0e646"",""sourceKey"":""TS_GP_PT_CPI_M.P00081516"",""retrievedAt"":""2026-09-30T22:08:42.849Z"",""locator"":{""seriesKey"":""TS_GP_PT_CPI_M.P00081516"",""observationDate"":""2022-08-31"",""row"":49,""column"":5,""columns"":{""seriesKey"":2,""date"":4,""value"":5,""unit"":6,""status"":7,""comments"":8}},""rawValue"":""41.2""}"
wpi,2022-09,2022-09-30,38.87,Percent,not-stated,Normal,,,"{""artifactId"":""TS_GP_PT_CPI_M.P00081516:ad2fc1ecf03c233cda397070a9c4a63f6091729ab05bebae7733dbc89e28bc17:feb2bee0e646"",""sourceKey"":""TS_GP_PT_CPI_M.P00081516"",""retrievedAt"":""2026-09-30T22:08:42.849Z"",""locator"":{""seriesKey"":""TS_GP_PT_CPI_M.P00081516"",""observationDate"":""2022-09-30"",""row"":48,""column"":5,""columns"":{""seriesKey"":2,""date"":4,""value"":5,""unit"":6,""status"":7,""comments"":8}},""rawValue"":""38.87""}"
wpi,2022-10,2022-10-31,32.6,Percent,not-stated,Normal,,,"{""artifactId"":""TS_GP_PT_CPI_M.P00081516:ad2fc1ecf03c233cda397070a9c4a63f6091729ab05bebae7733dbc89e28bc17:feb2bee0e646"",""sourceKey"":""TS_GP_PT_CPI_M.P00081516"",""retrievedAt"":""2026-09-30T22:08:42.849Z"",""locator"":{""seriesKey"":""TS_GP_PT_CPI_M.P00081516"",""observationDate"":""2022-10-31"",""row"":47,""column"":5,""columns"":{""seriesKey"":2,""date"":4,""value"":5,""unit"":6,""status"":7,""comments"":8}},""rawValue"":""32.6""}"
wpi,2022-11,2022-11-30,27.7,Percent,not-stated,Normal,,,"{""artifactId"":""TS_GP_PT_CPI_M.P00081516:ad2fc1ecf03c233cda397070a9c4a63f6091729ab05bebae7733dbc89e28bc17:feb2bee0e646"",""sourceKey"":""TS_GP_PT_CPI_M.P00081516"",""retrievedAt"":""2026-09-30T22:08:42.849Z"",""locator"":{""seriesKey"":""TS_GP_PT_CPI_M.P00081516"",""observationDate"":""2022-11-30"",""row"":46,""column"":5,""columns"":{""seriesKey"":2,""date"":4,""value"":5,""unit"":6,""status"":7,""comments"":8}},""rawValue"":""27.7""}"
wpi,2022-12,2022-12-31,27.11,Percent,not-stated,Normal,,,"{""artifactId"":""TS_GP_PT_CPI_M.P00081516:ad2fc1ecf03c233cda397070a9c4a63f6091729ab05bebae7733dbc89e28bc17:feb2bee0e646"",""sourceKey"":""TS_GP_PT_CPI_M.P00081516"",""retrievedAt"":""2026-09-30T22:08:42.849Z"",""locator"":{""seriesKey"":""TS_GP_PT_CPI_M.P00081516"",""observationDate"":""2022-12-31"",""row"":45,""column"":5,""columns"":{""seriesKey"":2,""date"":4,""value"":5,""unit"":6,""status"":7,""comments"":8}},""rawValue"":""27.11""}"
wpi,2023-01,2023-01-31,28.5,Percent,not-stated,Normal,,,"{""artifactId"":""TS_GP_PT_CPI_M.P00081516:ad2fc1ecf03c233cda397070a9c4a63f6091729ab05bebae7733dbc89e28bc17:feb2bee0e646"",""sourceKey"":""TS_GP_PT_CPI_M.P00081516"",""retrievedAt"":""2026-09-30T22:08:42.849Z"",""locator"":{""seriesKey"":""TS_GP_PT_CPI_M.P00081516"",""observationDate"":""2023-01-31"",""row"":44,""column"":5,""columns"":{""seriesKey"":2,""date"":4,""value"":5,""unit"":6,""status"":7,""comments"":8}},""rawValue"":""28.5""}"
wpi,2023-02,2023-02-28,36.5,Percent,not-stated,Normal,,,"{""artifactId"":""TS_GP_PT_CPI_M.P00081516:ad2fc1ecf03c233cda397070a9c4a63f6091729ab05bebae7733dbc89e28bc17:feb2bee0e646"",""sourceKey"":""TS_GP_PT_CPI_M.P00081516"",""retrievedAt"":""2026-09-30T22:08:42.849Z"",""locator"":{""seriesKey"":""TS_GP_PT_CPI_M.P00081516"",""observationDate"":""2023-02-28"",""row"":43,""column"":5,""columns"":{""seriesKey"":2,""date"":4,""value"":5,""unit"":6,""status"":7,""comments"":8}},""rawValue"":""36.5""}"
wpi,2023-03,2023-03-31,37.5,Percent,not-stated,Normal,,,"{""artifactId"":""TS_GP_PT_CPI_M.P00081516:ad2fc1ecf03c233cda397070a9c4a63f6091729ab05bebae7733dbc89e28bc17:feb2bee0e646"",""sourceKey"":""TS_GP_PT_CPI_M.P00081516"",""retrievedAt"":""2026-09-30T22:08:42.849Z"",""locator"":{""seriesKey"":""TS_GP_PT_CPI_M.P00081516"",""observationDate"":""2023-03-31"",""row"":42,""column"":5,""columns"":{""seriesKey"":2,""date"":4,""value"":5,""unit"":6,""status"":7,""comments"":8}},""rawValue"":""37.5""}"
wpi,2023-04,2023-04-30,33.4,Percent,not-stated,Normal,,,"{""artifactId"":""TS_GP_PT_CPI_M.P00081516:ad2fc1ecf03c233cda397070a9c4a63f6091729ab05bebae7733dbc89e28bc17:feb2bee0e646"",""sourceKey"":""TS_GP_PT_CPI_M.P00081516"",""retrievedAt"":""2026-09-30T22:08:42.849Z"",""locator"":{""seriesKey"":""TS_GP_PT_CPI_M.P00081516"",""observationDate"":""2023-04-30"",""row"":41,""column"":5,""columns"":{""seriesKey"":2,""date"":4,""value"":5,""unit"":6,""status"":7,""comments"":8}},""rawValue"":""33.4""}"
wpi,2023-05,2023-05-31,32.8,Percent,not-stated,Normal,,,"{""artifactId"":""TS_GP_PT_CPI_M.P00081516:ad2fc1ecf03c233cda397070a9c4a63f6091729ab05bebae7733dbc89e28bc17:feb2bee0e646"",""sourceKey"":""TS_GP_PT_CPI_M.P00081516"",""retrievedAt"":""2026-09-30T22:08:42.849Z"",""locator"":{""seriesKey"":""TS_GP_PT_CPI_M.P00081516"",""observationDate"":""2023-05-31"",""row"":40,""column"":5,""columns"":{""seriesKey"":2,""date"":4,""value"":5,""unit"":6,""status"":7,""comments"":8}},""rawValue"":""32.8""}"
wpi,2023-06,2023-06-30,22.4,Percent,not-stated,Normal,,,"{""artifactId"":""TS_GP_PT_CPI_M.P00081516:ad2fc1ecf03c233cda397070a9c4a63f6091729ab05bebae7733dbc89e28bc17:feb2bee0e646"",""sourceKey"":""TS_GP_PT_CPI_M.P00081516"",""retrievedAt"":""2026-09-30T22:08:42.849Z"",""locator"":{""seriesKey"":""TS_GP_PT_CPI_M.P00081516"",""observationDate"":""2023-06-30"",""row"":39,""column"":5,""columns"":{""seriesKey"":2,""date"":4,""value"":5,""unit"":6,""status"":7,""comments"":8}},""rawValue"":""22.4""}"
wpi,2023-07,2023-07-31,23.1,Percent,not-stated,Normal,,,"{""artifactId"":""TS_GP_PT_CPI_M.P00081516:ad2fc1ecf03c233cda397070a9c4a63f6091729ab05bebae7733dbc89e28bc17:feb2bee0e646"",""sourceKey"":""TS_GP_PT_CPI_M.P00081516"",""retrievedAt"":""2026-09-30T22:08:42.849Z"",""locator"":{""seriesKey"":""TS_GP_PT_CPI_M.P00081516"",""observationDate"":""2023-07-31"",""row"":38,""column"":5,""columns"":{""seriesKey"":2,""date"":4,""value"":5,""unit"":6,""status"":7,""comments"":8}},""rawValue"":""23.1""}"
wpi,2023-08,2023-08-31,24.3,Percent,not-stated,Normal,,,"{""artifactId"":""TS_GP_PT_CPI_M.P00081516:ad2fc1ecf03c233cda397070a9c4a63f6091729ab05bebae7733dbc89e28bc17:feb2bee0e646"",""sourceKey"":""TS_GP_PT_CPI_M.P00081516"",""retrievedAt"":""2026-09-30T22:08:42.849Z"",""locator"":{""seriesKey"":""TS_GP_PT_CPI_M.P00081516"",""observationDate"":""2023-08-31"",""row"":37,""column"":5,""columns"":{""seriesKey"":2,""date"":4,""value"":5,""unit"":6,""status"":7,""comments"":8}},""rawValue"":""24.3""}"
wpi,2023-09,2023-09-30,26.4,Percent,not-stated,Normal,,,"{""artifactId"":""TS_GP_PT_CPI_M.P00081516:ad2fc1ecf03c233cda397070a9c4a63f6091729ab05bebae7733dbc89e28bc17:feb2bee0e646"",""sourceKey"":""TS_GP_PT_CPI_M.P00081516"",""retrievedAt"":""2026-09-30T22:08:42.849Z"",""locator"":{""seriesKey"":""TS_GP_PT_CPI_M.P00081516"",""observationDate"":""2023-09-30"",""row"":36,""column"":5,""columns"":{""seriesKey"":2,""date"":4,""value"":5,""unit"":6,""status"":7,""comments"":8}},""rawValue"":""26.4""}"
wpi,2023-10,2023-10-31,24.6,Percent,not-stated,Normal,,,"{""artifactId"":""TS_GP_PT_CPI_M.P00081516:ad2fc1ecf03c233cda397070a9c4a63f6091729ab05bebae7733dbc89e28bc17:feb2bee0e646"",""sourceKey"":""TS_GP_PT_CPI_M.P00081516"",""retrievedAt"":""2026-09-30T22:08:42.849Z"",""locator"":{""seriesKey"":""TS_GP_PT_CPI_M.P00081516"",""observationDate"":""2023-10-31"",""row"":35,""column"":5,""columns"":{""seriesKey"":2,""date"":4,""value"":5,""unit"":6,""status"":7,""comments"":8}},""rawValue"":""24.6""}"
wpi,2023-11,2023-11-30,26.4,Percent,not-stated,Normal,,,"{""artifactId"":""TS_GP_PT_CPI_M.P00081516:ad2fc1ecf03c233cda397070a9c4a63f6091729ab05bebae7733dbc89e28bc17:feb2bee0e646"",""sourceKey"":""TS_GP_PT_CPI_M.P00081516"",""retrievedAt"":""2026-09-30T22:08:42.849Z"",""locator"":{""seriesKey"":""TS_GP_PT_CPI_M.P00081516"",""observationDate"":""2023-11-30"",""row"":34,""column"":5,""columns"":{""seriesKey"":2,""date"":4,""value"":5,""unit"":6,""status"":7,""comments"":8}},""rawValue"":""26.4""}"
wpi,2023-12,2023-12-31,27.3,Percent,not-stated,Normal,,,"{""artifactId"":""TS_GP_PT_CPI_M.P00081516:ad2fc1ecf03c233cda397070a9c4a63f6091729ab05bebae7733dbc89e28bc17:feb2bee0e646"",""sourceKey"":""TS_GP_PT_CPI_M.P00081516"",""retrievedAt"":""2026-09-30T22:08:42.849Z"",""locator"":{""seriesKey"":""TS_GP_PT_CPI_M.P00081516"",""observationDate"":""2023-12-31"",""row"":33,""column"":5,""columns"":{""seriesKey"":2,""date"":4,""value"":5,""unit"":6,""status"":7,""comments"":8}},""rawValue"":""27.3""}"
wpi,2024-01,2024-01-31,27,Percent,not-stated,Normal,,,"{""artifactId"":""TS_GP_PT_CPI_M.P00081516:ad2fc1ecf03c233cda397070a9c4a63f6091729ab05bebae7733dbc89e28bc17:feb2bee0e646"",""sourceKey"":""TS_GP_PT_CPI_M.P00081516"",""retrievedAt"":""2026-09-30T22:08:42.849Z"",""locator"":{""seriesKey"":""TS_GP_PT_CPI_M.P00081516"",""observationDate"":""2024-01-31"",""row"":32,""column"":5,""columns"":{""seriesKey"":2,""date"":4,""value"":5,""unit"":6,""status"":7,""comments"":8}},""rawValue"":""27""}"
wpi,2024-02,2024-02-29,18.7,Percent,not-stated,Normal,,,"{""artifactId"":""TS_GP_PT_CPI_M.P00081516:ad2fc1ecf03c233cda397070a9c4a63f6091729ab05bebae7733dbc89e28bc17:feb2bee0e646"",""sourceKey"":""TS_GP_PT_CPI_M.P00081516"",""retrievedAt"":""2026-09-30T22:08:42.849Z"",""locator"":{""seriesKey"":""TS_GP_PT_CPI_M.P00081516"",""observationDate"":""2024-02-29"",""row"":31,""column"":5,""columns"":{""seriesKey"":2,""date"":4,""value"":5,""unit"":6,""status"":7,""comments"":8}},""rawValue"":""18.7""}"
wpi,2024-03,2024-03-31,14.8,Percent,not-stated,Normal,,,"{""artifactId"":""TS_GP_PT_CPI_M.P00081516:ad2fc1ecf03c233cda397070a9c4a63f6091729ab05bebae7733dbc89e28bc17:feb2bee0e646"",""sourceKey"":""TS_GP_PT_CPI_M.P00081516"",""retrievedAt"":""2026-09-30T22:08:42.849Z"",""locator"":{""seriesKey"":""TS_GP_PT_CPI_M.P00081516"",""observationDate"":""2024-03-31"",""row"":30,""column"":5,""columns"":{""seriesKey"":2,""date"":4,""value"":5,""unit"":6,""status"":7,""comments"":8}},""rawValue"":""14.8""}"
wpi,2024-04,2024-04-30,13.9,Percent,not-stated,Normal,,,"{""artifactId"":""TS_GP_PT_CPI_M.P00081516:ad2fc1ecf03c233cda397070a9c4a63f6091729ab05bebae7733dbc89e28bc17:feb2bee0e646"",""sourceKey"":""TS_GP_PT_CPI_M.P00081516"",""retrievedAt"":""2026-09-30T22:08:42.849Z"",""locator"":{""seriesKey"":""TS_GP_PT_CPI_M.P00081516"",""observationDate"":""2024-04-30"",""row"":29,""column"":5,""columns"":{""seriesKey"":2,""date"":4,""value"":5,""unit"":6,""status"":7,""comments"":8}},""rawValue"":""13.9""}"
wpi,2024-05,2024-05-31,9.9,Percent,not-stated,Normal,,,"{""artifactId"":""TS_GP_PT_CPI_M.P00081516:ad2fc1ecf03c233cda397070a9c4a63f6091729ab05bebae7733dbc89e28bc17:feb2bee0e646"",""sourceKey"":""TS_GP_PT_CPI_M.P00081516"",""retrievedAt"":""2026-09-30T22:08:42.849Z"",""locator"":{""seriesKey"":""TS_GP_PT_CPI_M.P00081516"",""observationDate"":""2024-05-31"",""row"":28,""column"":5,""columns"":{""seriesKey"":2,""date"":4,""value"":5,""unit"":6,""status"":7,""comments"":8}},""rawValue"":""9.9""}"
wpi,2024-06,2024-06-30,10.6,Percent,not-stated,Normal,,,"{""artifactId"":""TS_GP_PT_CPI_M.P00081516:ad2fc1ecf03c233cda397070a9c4a63f6091729ab05bebae7733dbc89e28bc17:feb2bee0e646"",""sourceKey"":""TS_GP_PT_CPI_M.P00081516"",""retrievedAt"":""2026-09-30T22:08:42.849Z"",""locator"":{""seriesKey"":""TS_GP_PT_CPI_M.P00081516"",""observationDate"":""2024-06-30"",""row"":27,""column"":5,""columns"":{""seriesKey"":2,""date"":4,""value"":5,""unit"":6,""status"":7,""comments"":8}},""rawValue"":""10.6""}"
wpi,2024-07,2024-07-31,10.4,Percent,not-stated,Normal,,,"{""artifactId"":""TS_GP_PT_CPI_M.P00081516:ad2fc1ecf03c233cda397070a9c4a63f6091729ab05bebae7733dbc89e28bc17:feb2bee0e646"",""sourceKey"":""TS_GP_PT_CPI_M.P00081516"",""retrievedAt"":""2026-09-30T22:08:42.849Z"",""locator"":{""seriesKey"":""TS_GP_PT_CPI_M.P00081516"",""observationDate"":""2024-07-31"",""row"":26,""column"":5,""columns"":{""seriesKey"":2,""date"":4,""value"":5,""unit"":6,""status"":7,""comments"":8}},""rawValue"":""10.4""}"
wpi,2024-08,2024-08-31,6.3,Percent,not-stated,Normal,,,"{""artifactId"":""TS_GP_PT_CPI_M.P00081516:ad2fc1ecf03c233cda397070a9c4a63f6091729ab05bebae7733dbc89e28bc17:feb2bee0e646"",""sourceKey"":""TS_GP_PT_CPI_M.P00081516"",""retrievedAt"":""2026-09-30T22:08:42.849Z"",""locator"":{""seriesKey"":""TS_GP_PT_CPI_M.P00081516"",""observationDate"":""2024-08-31"",""row"":25,""column"":5,""columns"":{""seriesKey"":2,""date"":4,""value"":5,""unit"":6,""status"":7,""comments"":8}},""rawValue"":""6.3""}"
wpi,2024-09,2024-09-30,1.9,Percent,not-stated,Normal,,,"{""artifactId"":""TS_GP_PT_CPI_M.P00081516:ad2fc1ecf03c233cda397070a9c4a63f6091729ab05bebae7733dbc89e28bc17:feb2bee0e646"",""sourceKey"":""TS_GP_PT_CPI_M.P00081516"",""retrievedAt"":""2026-09-30T22:08:42.849Z"",""locator"":{""seriesKey"":""TS_GP_PT_CPI_M.P00081516"",""observationDate"":""2024-09-30"",""row"":24,""column"":5,""columns"":{""seriesKey"":2,""date"":4,""value"":5,""unit"":6,""status"":7,""comments"":8}},""rawValue"":""1.9""}"
wpi,2024-10,2024-10-31,3.9,Percent,not-stated,Normal,,,"{""artifactId"":""TS_GP_PT_CPI_M.P00081516:ad2fc1ecf03c233cda397070a9c4a63f6091729ab05bebae7733dbc89e28bc17:feb2bee0e646"",""sourceKey"":""TS_GP_PT_CPI_M.P00081516"",""retrievedAt"":""2026-09-30T22:08:42.849Z"",""locator"":{""seriesKey"":""TS_GP_PT_CPI_M.P00081516"",""observationDate"":""2024-10-31"",""row"":23,""column"":5,""columns"":{""seriesKey"":2,""date"":4,""value"":5,""unit"":6,""status"":7,""comments"":8}},""rawValue"":""3.9""}"
wpi,2024-11,2024-11-30,2.3,Percent,not-stated,Normal,,,"{""artifactId"":""TS_GP_PT_CPI_M.P00081516:ad2fc1ecf03c233cda397070a9c4a63f6091729ab05bebae7733dbc89e28bc17:feb2bee0e646"",""sourceKey"":""TS_GP_PT_CPI_M.P00081516"",""retrievedAt"":""2026-09-30T22:08:42.849Z"",""locator"":{""seriesKey"":""TS_GP_PT_CPI_M.P00081516"",""observationDate"":""2024-11-30"",""row"":22,""column"":5,""columns"":{""seriesKey"":2,""date"":4,""value"":5,""unit"":6,""status"":7,""comments"":8}},""rawValue"":""2.3""}"
wpi,2024-12,2024-12-31,1.9,Percent,not-stated,Normal,,,"{""artifactId"":""TS_GP_PT_CPI_M.P00081516:ad2fc1ecf03c233cda397070a9c4a63f6091729ab05bebae7733dbc89e28bc17:feb2bee0e646"",""sourceKey"":""TS_GP_PT_CPI_M.P00081516"",""retrievedAt"":""2026-09-30T22:08:42.849Z"",""locator"":{""seriesKey"":""TS_GP_PT_CPI_M.P00081516"",""observationDate"":""2024-12-31"",""row"":21,""column"":5,""columns"":{""seriesKey"":2,""date"":4,""value"":5,""unit"":6,""status"":7,""comments"":8}},""rawValue"":""1.9""}"
wpi,2025-01,2025-01-31,0.6,Percent,not-stated,Normal,,,"{""artifactId"":""TS_GP_PT_CPI_M.P00081516:ad2fc1ecf03c233cda397070a9c4a63f6091729ab05bebae7733dbc89e28bc17:feb2bee0e646"",""sourceKey"":""TS_GP_PT_CPI_M.P00081516"",""retrievedAt"":""2026-09-30T22:08:42.849Z"",""locator"":{""seriesKey"":""TS_GP_PT_CPI_M.P00081516"",""observationDate"":""2025-01-31"",""row"":20,""column"":5,""columns"":{""seriesKey"":2,""date"":4,""value"":5,""unit"":6,""status"":7,""comments"":8}},""rawValue"":"".6""}"
wpi,2025-02,2025-02-28,-0.7,Percent,not-stated,Normal,,,"{""artifactId"":""TS_GP_PT_CPI_M.P00081516:ad2fc1ecf03c233cda397070a9c4a63f6091729ab05bebae7733dbc89e28bc17:feb2bee0e646"",""sourceKey"":""TS_GP_PT_CPI_M.P00081516"",""retrievedAt"":""2026-09-30T22:08:42.849Z"",""locator"":{""seriesKey"":""TS_GP_PT_CPI_M.P00081516"",""observationDate"":""2025-02-28"",""row"":19,""column"":5,""columns"":{""seriesKey"":2,""date"":4,""value"":5,""unit"":6,""status"":7,""comments"":8}},""rawValue"":""-.7""}"
wpi,2025-03,2025-03-31,-1.6,Percent,not-stated,Normal,,,"{""artifactId"":""TS_GP_PT_CPI_M.P00081516:ad2fc1ecf03c233cda397070a9c4a63f6091729ab05bebae7733dbc89e28bc17:feb2bee0e646"",""sourceKey"":""TS_GP_PT_CPI_M.P00081516"",""retrievedAt"":""2026-09-30T22:08:42.849Z"",""locator"":{""seriesKey"":""TS_GP_PT_CPI_M.P00081516"",""observationDate"":""2025-03-31"",""row"":18,""column"":5,""columns"":{""seriesKey"":2,""date"":4,""value"":5,""unit"":6,""status"":7,""comments"":8}},""rawValue"":""-1.6""}"
wpi,2025-04,2025-04-30,-2.2,Percent,not-stated,Normal,,,"{""artifactId"":""TS_GP_PT_CPI_M.P00081516:ad2fc1ecf03c233cda397070a9c4a63f6091729ab05bebae7733dbc89e28bc17:feb2bee0e646"",""sourceKey"":""TS_GP_PT_CPI_M.P00081516"",""retrievedAt"":""2026-09-30T22:08:42.849Z"",""locator"":{""seriesKey"":""TS_GP_PT_CPI_M.P00081516"",""observationDate"":""2025-04-30"",""row"":17,""column"":5,""columns"":{""seriesKey"":2,""date"":4,""value"":5,""unit"":6,""status"":7,""comments"":8}},""rawValue"":""-2.2""}"
wpi,2025-05,2025-05-31,0.4,Percent,not-stated,Normal,,,"{""artifactId"":""TS_GP_PT_CPI_M.P00081516:ad2fc1ecf03c233cda397070a9c4a63f6091729ab05bebae7733dbc89e28bc17:feb2bee0e646"",""sourceKey"":""TS_GP_PT_CPI_M.P00081516"",""retrievedAt"":""2026-09-30T22:08:42.849Z"",""locator"":{""seriesKey"":""TS_GP_PT_CPI_M.P00081516"",""observationDate"":""2025-05-31"",""row"":16,""column"":5,""columns"":{""seriesKey"":2,""date"":4,""value"":5,""unit"":6,""status"":7,""comments"":8}},""rawValue"":"".4""}"
wpi,2025-06,2025-06-30,0.6,Percent,not-stated,Normal,,,"{""artifactId"":""TS_GP_PT_CPI_M.P00081516:ad2fc1ecf03c233cda397070a9c4a63f6091729ab05bebae7733dbc89e28bc17:feb2bee0e646"",""sourceKey"":""TS_GP_PT_CPI_M.P00081516"",""retrievedAt"":""2026-09-30T22:08:42.849Z"",""locator"":{""seriesKey"":""TS_GP_PT_CPI_M.P00081516"",""observationDate"":""2025-06-30"",""row"":15,""column"":5,""columns"":{""seriesKey"":2,""date"":4,""value"":5,""unit"":6,""status"":7,""comments"":8}},""rawValue"":"".6""}"
wpi,2025-07,2025-07-31,-0.5,Percent,not-stated,Normal,,,"{""artifactId"":""TS_GP_PT_CPI_M.P00081516:ad2fc1ecf03c233cda397070a9c4a63f6091729ab05bebae7733dbc89e28bc17:feb2bee0e646"",""sourceKey"":""TS_GP_PT_CPI_M.P00081516"",""retrievedAt"":""2026-09-30T22:08:42.849Z"",""locator"":{""seriesKey"":""TS_GP_PT_CPI_M.P00081516"",""observationDate"":""2025-07-31"",""row"":14,""column"":5,""columns"":{""seriesKey"":2,""date"":4,""value"":5,""unit"":6,""status"":7,""comments"":8}},""rawValue"":""-.5""}"
wpi,2025-08,2025-08-31,-1,Percent,not-stated,Normal,,,"{""artifactId"":""TS_GP_PT_CPI_M.P00081516:ad2fc1ecf03c233cda397070a9c4a63f6091729ab05bebae7733dbc89e28bc17:feb2bee0e646"",""sourceKey"":""TS_GP_PT_CPI_M.P00081516"",""retrievedAt"":""2026-09-30T22:08:42.849Z"",""locator"":{""seriesKey"":""TS_GP_PT_CPI_M.P00081516"",""observationDate"":""2025-08-31"",""row"":13,""column"":5,""columns"":{""seriesKey"":2,""date"":4,""value"":5,""unit"":6,""status"":7,""comments"":8}},""rawValue"":""-1""}"
wpi,2025-09,2025-09-30,0.6,Percent,not-stated,Normal,,,"{""artifactId"":""TS_GP_PT_CPI_M.P00081516:ad2fc1ecf03c233cda397070a9c4a63f6091729ab05bebae7733dbc89e28bc17:feb2bee0e646"",""sourceKey"":""TS_GP_PT_CPI_M.P00081516"",""retrievedAt"":""2026-09-30T22:08:42.849Z"",""locator"":{""seriesKey"":""TS_GP_PT_CPI_M.P00081516"",""observationDate"":""2025-09-30"",""row"":12,""column"":5,""columns"":{""seriesKey"":2,""date"":4,""value"":5,""unit"":6,""status"":7,""comments"":8}},""rawValue"":"".6""}"
wpi,2025-10,2025-10-31,1.1,Percent,not-stated,Normal,,,"{""artifactId"":""TS_GP_PT_CPI_M.P00081516:ad2fc1ecf03c233cda397070a9c4a63f6091729ab05bebae7733dbc89e28bc17:feb2bee0e646"",""sourceKey"":""TS_GP_PT_CPI_M.P00081516"",""retrievedAt"":""2026-09-30T22:08:42.849Z"",""locator"":{""seriesKey"":""TS_GP_PT_CPI_M.P00081516"",""observationDate"":""2025-10-31"",""row"":11,""column"":5,""columns"":{""seriesKey"":2,""date"":4,""value"":5,""unit"":6,""status"":7,""comments"":8}},""rawValue"":""1.1""}"
wpi,2025-11,2025-11-30,1.1,Percent,not-stated,Normal,,,"{""artifactId"":""TS_GP_PT_CPI_M.P00081516:ad2fc1ecf03c233cda397070a9c4a63f6091729ab05bebae7733dbc89e28bc17:feb2bee0e646"",""sourceKey"":""TS_GP_PT_CPI_M.P00081516"",""retrievedAt"":""2026-09-30T22:08:42.849Z"",""locator"":{""seriesKey"":""TS_GP_PT_CPI_M.P00081516"",""observationDate"":""2025-11-30"",""row"":10,""column"":5,""columns"":{""seriesKey"":2,""date"":4,""value"":5,""unit"":6,""status"":7,""comments"":8}},""rawValue"":""1.1""}"
wpi,2025-12,2025-12-31,0.6,Percent,not-stated,Normal,,,"{""artifactId"":""TS_GP_PT_CPI_M.P00081516:ad2fc1ecf03c233cda397070a9c4a63f6091729ab05bebae7733dbc89e28bc17:feb2bee0e646"",""sourceKey"":""TS_GP_PT_CPI_M.P00081516"",""retrievedAt"":""2026-09-30T22:08:42.849Z"",""locator"":{""seriesKey"":""TS_GP_PT_CPI_M.P00081516"",""observationDate"":""2025-12-31"",""row"":9,""column"":5,""columns"":{""seriesKey"":2,""date"":4,""value"":5,""unit"":6,""status"":7,""comments"":8}},""rawValue"":"".6""}"
wpi,2026-01,2026-01-31,0.2,Percent,not-stated,Normal,,,"{""artifactId"":""TS_GP_PT_CPI_M.P00081516:ad2fc1ecf03c233cda397070a9c4a63f6091729ab05bebae7733dbc89e28bc17:feb2bee0e646"",""sourceKey"":""TS_GP_PT_CPI_M.P00081516"",""retrievedAt"":""2026-09-30T22:08:42.849Z"",""locator"":{""seriesKey"":""TS_GP_PT_CPI_M.P00081516"",""observationDate"":""2026-01-31"",""row"":8,""column"":5,""columns"":{""seriesKey"":2,""date"":4,""value"":5,""unit"":6,""status"":7,""comments"":8}},""rawValue"":"".2""}"
wpi,2026-02,2026-02-28,1,Percent,not-stated,Normal,,,"{""artifactId"":""TS_GP_PT_CPI_M.P00081516:ad2fc1ecf03c233cda397070a9c4a63f6091729ab05bebae7733dbc89e28bc17:feb2bee0e646"",""sourceKey"":""TS_GP_PT_CPI_M.P00081516"",""retrievedAt"":""2026-09-30T22:08:42.849Z"",""locator"":{""seriesKey"":""TS_GP_PT_CPI_M.P00081516"",""observationDate"":""2026-02-28"",""row"":7,""column"":5,""columns"":{""seriesKey"":2,""date"":4,""value"":5,""unit"":6,""status"":7,""comments"":8}},""rawValue"":""1""}"
wpi,2026-03,2026-03-31,6.7,Percent,not-stated,Normal,,,"{""artifactId"":""TS_GP_PT_CPI_M.P00081516:ad2fc1ecf03c233cda397070a9c4a63f6091729ab05bebae7733dbc89e28bc17:feb2bee0e646"",""sourceKey"":""TS_GP_PT_CPI_M.P00081516"",""retrievedAt"":""2026-09-30T22:08:42.849Z"",""locator"":{""seriesKey"":""TS_GP_PT_CPI_M.P00081516"",""observationDate"":""2026-03-31"",""row"":6,""column"":5,""columns"":{""seriesKey"":2,""date"":4,""value"":5,""unit"":6,""status"":7,""comments"":8}},""rawValue"":""6.7""}"
wpi,2026-04,2026-04-30,13.6,Percent,not-stated,Normal,0,,"{""artifactId"":""TS_GP_PT_CPI_M.P00081516:ad2fc1ecf03c233cda397070a9c4a63f6091729ab05bebae7733dbc89e28bc17:feb2bee0e646"",""sourceKey"":""TS_GP_PT_CPI_M.P00081516"",""retrievedAt"":""2026-09-30T22:08:42.849Z"",""locator"":{""seriesKey"":""TS_GP_PT_CPI_M.P00081516"",""observationDate"":""2026-04-30"",""row"":5,""column"":5,""columns"":{""seriesKey"":2,""date"":4,""value"":5,""unit"":6,""status"":7,""comments"":8}},""rawValue"":""13.6""}"
wpi,2026-05,2026-05-31,12.7,Percent,not-stated,Normal,,,"{""artifactId"":""TS_GP_PT_CPI_M.P00081516:ad2fc1ecf03c233cda397070a9c4a63f6091729ab05bebae7733dbc89e28bc17:feb2bee0e646"",""sourceKey"":""TS_GP_PT_CPI_M.P00081516"",""retrievedAt"":""2026-09-30T22:08:42.849Z"",""locator"":{""seriesKey"":""TS_GP_PT_CPI_M.P00081516"",""observationDate"":""2026-05-31"",""row"":4,""column"":5,""columns"":{""seriesKey"":2,""date"":4,""value"":5,""unit"":6,""status"":7,""comments"":8}},""rawValue"":""12.7""}"
wpi,2026-06,2026-06-30,10.7,Percent,not-stated,Normal,,,"{""artifactId"":""TS_GP_PT_CPI_M.P00081516:ad2fc1ecf03c233cda397070a9c4a63f6091729ab05bebae7733dbc89e28bc17:feb2bee0e646"",""sourceKey"":""TS_GP_PT_CPI_M.P00081516"",""retrievedAt"":""2026-09-30T22:08:42.849Z"",""locator"":{""seriesKey"":""TS_GP_PT_CPI_M.P00081516"",""observationDate"":""2026-06-30"",""row"":3,""column"":5,""columns"":{""seriesKey"":2,""date"":4,""value"":5,""unit"":6,""status"":7,""comments"":8}},""rawValue"":""10.7""}"
wpi,2026-07,2026-07-31,9.4,Percent,not-stated,Normal,,,"{""artifactId"":""TS_GP_PT_CPI_M.P00081516:ad2fc1ecf03c233cda397070a9c4a63f6091729ab05bebae7733dbc89e28bc17:feb2bee0e646"",""sourceKey"":""TS_GP_PT_CPI_M.P00081516"",""retrievedAt"":""2026-09-30T22:08:42.849Z"",""locator"":{""seriesKey"":""TS_GP_PT_CPI_M.P00081516"",""observationDate"":""2026-07-31"",""row"":2,""column"":5,""columns"":{""seriesKey"":2,""date"":4,""value"":5,""unit"":6,""status"":7,""comments"":8}},""rawValue"":""9.4""}"
wpi,2026-08,2026-08-31,11.8,Percent,not-stated,Normal,,,"{""artifactId"":""TS_GP_PT_CPI_M.P00081516:ad2fc1ecf03c233cda397070a9c4a63f6091729ab05bebae7733dbc89e28bc17:feb2bee0e646"",""sourceKey"":""TS_GP_PT_CPI_M.P00081516"",""retrievedAt"":""2026-09-30T22:08:42.849Z"",""locator"":{""seriesKey"":""TS_GP_PT_CPI_M.P00081516"",""observationDate"":""2026-08-31"",""row"":1,""column"":5,""columns"":{""seriesKey"":2,""date"":4,""value"":5,""unit"":6,""status"":7,""comments"":8}},""rawValue"":""11.8""}"
