series,date,observationDate,value,unit,status,sourceStatus,comments,missingReason,evidence
m2,2021-10,2021-10-29,23351792.54,Million PKR,not-stated,Normal,,,"{""artifactId"":""TS_GP_BAM_M2_W.M000070:1a9de07ff06944d36f228f0c7398c0fcd6f16728fb1c9bbc61bcc8b6d6c18b99:067b7dd47e88"",""sourceKey"":""TS_GP_BAM_M2_W.M000070"",""retrievedAt"":""2026-09-30T22:08:43.416Z"",""locator"":{""seriesKey"":""TS_GP_BAM_M2_W.M000070"",""observationDate"":""2021-10-29"",""row"":256,""column"":5,""columns"":{""seriesKey"":2,""date"":4,""value"":5,""unit"":6,""status"":7,""comments"":8}},""rawValue"":""23351792.54""}"
m2,2021-11,2021-11-26,23314403.57,Million PKR,not-stated,Normal,,,"{""artifactId"":""TS_GP_BAM_M2_W.M000070:1a9de07ff06944d36f228f0c7398c0fcd6f16728fb1c9bbc61bcc8b6d6c18b99:067b7dd47e88"",""sourceKey"":""TS_GP_BAM_M2_W.M000070"",""retrievedAt"":""2026-09-30T22:08:43.416Z"",""locator"":{""seriesKey"":""TS_GP_BAM_M2_W.M000070"",""observationDate"":""2021-11-26"",""row"":252,""column"":5,""columns"":{""seriesKey"":2,""date"":4,""value"":5,""unit"":6,""status"":7,""comments"":8}},""rawValue"":""23314403.57""}"
m2,2021-12,2021-12-31,24625167.06,Million PKR,not-stated,Normal,,,"{""artifactId"":""TS_GP_BAM_M2_W.M000070:1a9de07ff06944d36f228f0c7398c0fcd6f16728fb1c9bbc61bcc8b6d6c18b99:067b7dd47e88"",""sourceKey"":""TS_GP_BAM_M2_W.M000070"",""retrievedAt"":""2026-09-30T22:08:43.416Z"",""locator"":{""seriesKey"":""TS_GP_BAM_M2_W.M000070"",""observationDate"":""2021-12-31"",""row"":247,""column"":5,""columns"":{""seriesKey"":2,""date"":4,""value"":5,""unit"":6,""status"":7,""comments"":8}},""rawValue"":""24625167.06""}"
m2,2022-01,2022-01-28,23755014.89,Million PKR,not-stated,Normal,,,"{""artifactId"":""TS_GP_BAM_M2_W.M000070:1a9de07ff06944d36f228f0c7398c0fcd6f16728fb1c9bbc61bcc8b6d6c18b99:067b7dd47e88"",""sourceKey"":""TS_GP_BAM_M2_W.M000070"",""retrievedAt"":""2026-09-30T22:08:43.416Z"",""locator"":{""seriesKey"":""TS_GP_BAM_M2_W.M000070"",""observationDate"":""2022-01-28"",""row"":243,""column"":5,""columns"":{""seriesKey"":2,""date"":4,""value"":5,""unit"":6,""status"":7,""comments"":8}},""rawValue"":""23755014.89""}"
m2,2022-02,2022-02-25,23681248.84,Million PKR,not-stated,Normal,,,"{""artifactId"":""TS_GP_BAM_M2_W.M000070:1a9de07ff06944d36f228f0c7398c0fcd6f16728fb1c9bbc61bcc8b6d6c18b99:067b7dd47e88"",""sourceKey"":""TS_GP_BAM_M2_W.M000070"",""retrievedAt"":""2026-09-30T22:08:43.416Z"",""locator"":{""seriesKey"":""TS_GP_BAM_M2_W.M000070"",""observationDate"":""2022-02-25"",""row"":239,""column"":5,""columns"":{""seriesKey"":2,""date"":4,""value"":5,""unit"":6,""status"":7,""comments"":8}},""rawValue"":""23681248.84""}"
m2,2022-03,2022-03-25,24138017.25,Million PKR,not-stated,Normal,,,"{""artifactId"":""TS_GP_BAM_M2_W.M000070:1a9de07ff06944d36f228f0c7398c0fcd6f16728fb1c9bbc61bcc8b6d6c18b99:067b7dd47e88"",""sourceKey"":""TS_GP_BAM_M2_W.M000070"",""retrievedAt"":""2026-09-30T22:08:43.416Z"",""locator"":{""seriesKey"":""TS_GP_BAM_M2_W.M000070"",""observationDate"":""2022-03-25"",""row"":235,""column"":5,""columns"":{""seriesKey"":2,""date"":4,""value"":5,""unit"":6,""status"":7,""comments"":8}},""rawValue"":""24138017.25""}"
m2,2022-04,2022-04-29,24936128.1,Million PKR,not-stated,Normal,,,"{""artifactId"":""TS_GP_BAM_M2_W.M000070:1a9de07ff06944d36f228f0c7398c0fcd6f16728fb1c9bbc61bcc8b6d6c18b99:067b7dd47e88"",""sourceKey"":""TS_GP_BAM_M2_W.M000070"",""retrievedAt"":""2026-09-30T22:08:43.416Z"",""locator"":{""seriesKey"":""TS_GP_BAM_M2_W.M000070"",""observationDate"":""2022-04-29"",""row"":230,""column"":5,""columns"":{""seriesKey"":2,""date"":4,""value"":5,""unit"":6,""status"":7,""comments"":8}},""rawValue"":""24936128.1""}"
m2,2022-05,2022-05-27,25162775.09,Million PKR,not-stated,Normal,,,"{""artifactId"":""TS_GP_BAM_M2_W.M000070:1a9de07ff06944d36f228f0c7398c0fcd6f16728fb1c9bbc61bcc8b6d6c18b99:067b7dd47e88"",""sourceKey"":""TS_GP_BAM_M2_W.M000070"",""retrievedAt"":""2026-09-30T22:08:43.416Z"",""locator"":{""seriesKey"":""TS_GP_BAM_M2_W.M000070"",""observationDate"":""2022-05-27"",""row"":226,""column"":5,""columns"":{""seriesKey"":2,""date"":4,""value"":5,""unit"":6,""status"":7,""comments"":8}},""rawValue"":""25162775.09""}"
m2,2022-06,2022-06-24,25834421.88,Million PKR,not-stated,Normal,,,"{""artifactId"":""TS_GP_BAM_M2_W.M000070:1a9de07ff06944d36f228f0c7398c0fcd6f16728fb1c9bbc61bcc8b6d6c18b99:067b7dd47e88"",""sourceKey"":""TS_GP_BAM_M2_W.M000070"",""retrievedAt"":""2026-09-30T22:08:43.416Z"",""locator"":{""seriesKey"":""TS_GP_BAM_M2_W.M000070"",""observationDate"":""2022-06-24"",""row"":222,""column"":5,""columns"":{""seriesKey"":2,""date"":4,""value"":5,""unit"":6,""status"":7,""comments"":8}},""rawValue"":""25834421.88""}"
m2,2022-07,2022-07-29,26362768.15,Million PKR,not-stated,Normal,,,"{""artifactId"":""TS_GP_BAM_M2_W.M000070:1a9de07ff06944d36f228f0c7398c0fcd6f16728fb1c9bbc61bcc8b6d6c18b99:067b7dd47e88"",""sourceKey"":""TS_GP_BAM_M2_W.M000070"",""retrievedAt"":""2026-09-30T22:08:43.416Z"",""locator"":{""seriesKey"":""TS_GP_BAM_M2_W.M000070"",""observationDate"":""2022-07-29"",""row"":217,""column"":5,""columns"":{""seriesKey"":2,""date"":4,""value"":5,""unit"":6,""status"":7,""comments"":8}},""rawValue"":""26362768.15""}"
m2,2022-08,2022-08-26,26199768.75,Million PKR,not-stated,Normal,,,"{""artifactId"":""TS_GP_BAM_M2_W.M000070:1a9de07ff06944d36f228f0c7398c0fcd6f16728fb1c9bbc61bcc8b6d6c18b99:067b7dd47e88"",""sourceKey"":""TS_GP_BAM_M2_W.M000070"",""retrievedAt"":""2026-09-30T22:08:43.416Z"",""locator"":{""seriesKey"":""TS_GP_BAM_M2_W.M000070"",""observationDate"":""2022-08-26"",""row"":213,""column"":5,""columns"":{""seriesKey"":2,""date"":4,""value"":5,""unit"":6,""status"":7,""comments"":8}},""rawValue"":""26199768.75""}"
m2,2022-09,2022-09-30,27025450.34,Million PKR,not-stated,Normal,,,"{""artifactId"":""TS_GP_BAM_M2_W.M000070:1a9de07ff06944d36f228f0c7398c0fcd6f16728fb1c9bbc61bcc8b6d6c18b99:067b7dd47e88"",""sourceKey"":""TS_GP_BAM_M2_W.M000070"",""retrievedAt"":""2026-09-30T22:08:43.416Z"",""locator"":{""seriesKey"":""TS_GP_BAM_M2_W.M000070"",""observationDate"":""2022-09-30"",""row"":208,""column"":5,""columns"":{""seriesKey"":2,""date"":4,""value"":5,""unit"":6,""status"":7,""comments"":8}},""rawValue"":""27025450.34""}"
m2,2022-10,2022-10-28,26634548.01,Million PKR,not-stated,Normal,,,"{""artifactId"":""TS_GP_BAM_M2_W.M000070:1a9de07ff06944d36f228f0c7398c0fcd6f16728fb1c9bbc61bcc8b6d6c18b99:067b7dd47e88"",""sourceKey"":""TS_GP_BAM_M2_W.M000070"",""retrievedAt"":""2026-09-30T22:08:43.416Z"",""locator"":{""seriesKey"":""TS_GP_BAM_M2_W.M000070"",""observationDate"":""2022-10-28"",""row"":204,""column"":5,""columns"":{""seriesKey"":2,""date"":4,""value"":5,""unit"":6,""status"":7,""comments"":8}},""rawValue"":""26634548.01""}"
m2,2022-11,2022-11-25,26686739.24,Million PKR,not-stated,Normal,,,"{""artifactId"":""TS_GP_BAM_M2_W.M000070:1a9de07ff06944d36f228f0c7398c0fcd6f16728fb1c9bbc61bcc8b6d6c18b99:067b7dd47e88"",""sourceKey"":""TS_GP_BAM_M2_W.M000070"",""retrievedAt"":""2026-09-30T22:08:43.416Z"",""locator"":{""seriesKey"":""TS_GP_BAM_M2_W.M000070"",""observationDate"":""2022-11-25"",""row"":200,""column"":5,""columns"":{""seriesKey"":2,""date"":4,""value"":5,""unit"":6,""status"":7,""comments"":8}},""rawValue"":""26686739.24""}"
m2,2022-12,2022-12-30,26915007.68,Million PKR,not-stated,Normal,,,"{""artifactId"":""TS_GP_BAM_M2_W.M000070:1a9de07ff06944d36f228f0c7398c0fcd6f16728fb1c9bbc61bcc8b6d6c18b99:067b7dd47e88"",""sourceKey"":""TS_GP_BAM_M2_W.M000070"",""retrievedAt"":""2026-09-30T22:08:43.416Z"",""locator"":{""seriesKey"":""TS_GP_BAM_M2_W.M000070"",""observationDate"":""2022-12-30"",""row"":195,""column"":5,""columns"":{""seriesKey"":2,""date"":4,""value"":5,""unit"":6,""status"":7,""comments"":8}},""rawValue"":""26915007.68""}"
m2,2023-01,2023-01-27,26716918.38,Million PKR,not-stated,Normal,,,"{""artifactId"":""TS_GP_BAM_M2_W.M000070:1a9de07ff06944d36f228f0c7398c0fcd6f16728fb1c9bbc61bcc8b6d6c18b99:067b7dd47e88"",""sourceKey"":""TS_GP_BAM_M2_W.M000070"",""retrievedAt"":""2026-09-30T22:08:43.416Z"",""locator"":{""seriesKey"":""TS_GP_BAM_M2_W.M000070"",""observationDate"":""2023-01-27"",""row"":191,""column"":5,""columns"":{""seriesKey"":2,""date"":4,""value"":5,""unit"":6,""status"":7,""comments"":8}},""rawValue"":""26716918.38""}"
m2,2023-02,2023-02-24,27016159.39,Million PKR,not-stated,Normal,,,"{""artifactId"":""TS_GP_BAM_M2_W.M000070:1a9de07ff06944d36f228f0c7398c0fcd6f16728fb1c9bbc61bcc8b6d6c18b99:067b7dd47e88"",""sourceKey"":""TS_GP_BAM_M2_W.M000070"",""retrievedAt"":""2026-09-30T22:08:43.416Z"",""locator"":{""seriesKey"":""TS_GP_BAM_M2_W.M000070"",""observationDate"":""2023-02-24"",""row"":187,""column"":5,""columns"":{""seriesKey"":2,""date"":4,""value"":5,""unit"":6,""status"":7,""comments"":8}},""rawValue"":""27016159.39""}"
m2,2023-03,2023-03-31,28258004.63,Million PKR,not-stated,Normal,,,"{""artifactId"":""TS_GP_BAM_M2_W.M000070:1a9de07ff06944d36f228f0c7398c0fcd6f16728fb1c9bbc61bcc8b6d6c18b99:067b7dd47e88"",""sourceKey"":""TS_GP_BAM_M2_W.M000070"",""retrievedAt"":""2026-09-30T22:08:43.416Z"",""locator"":{""seriesKey"":""TS_GP_BAM_M2_W.M000070"",""observationDate"":""2023-03-31"",""row"":182,""column"":5,""columns"":{""seriesKey"":2,""date"":4,""value"":5,""unit"":6,""status"":7,""comments"":8}},""rawValue"":""28258004.63""}"
m2,2023-04,2023-04-28,28776000.58,Million PKR,not-stated,Normal,,,"{""artifactId"":""TS_GP_BAM_M2_W.M000070:1a9de07ff06944d36f228f0c7398c0fcd6f16728fb1c9bbc61bcc8b6d6c18b99:067b7dd47e88"",""sourceKey"":""TS_GP_BAM_M2_W.M000070"",""retrievedAt"":""2026-09-30T22:08:43.416Z"",""locator"":{""seriesKey"":""TS_GP_BAM_M2_W.M000070"",""observationDate"":""2023-04-28"",""row"":178,""column"":5,""columns"":{""seriesKey"":2,""date"":4,""value"":5,""unit"":6,""status"":7,""comments"":8}},""rawValue"":""28776000.58""}"
m2,2023-05,2023-05-26,28932020.39,Million PKR,not-stated,Normal,,,"{""artifactId"":""TS_GP_BAM_M2_W.M000070:1a9de07ff06944d36f228f0c7398c0fcd6f16728fb1c9bbc61bcc8b6d6c18b99:067b7dd47e88"",""sourceKey"":""TS_GP_BAM_M2_W.M000070"",""retrievedAt"":""2026-09-30T22:08:43.416Z"",""locator"":{""seriesKey"":""TS_GP_BAM_M2_W.M000070"",""observationDate"":""2023-05-26"",""row"":174,""column"":5,""columns"":{""seriesKey"":2,""date"":4,""value"":5,""unit"":6,""status"":7,""comments"":8}},""rawValue"":""28932020.39""}"
m2,2023-06,2023-06-30,30943047.9,Million PKR,not-stated,Normal,,,"{""artifactId"":""TS_GP_BAM_M2_W.M000070:1a9de07ff06944d36f228f0c7398c0fcd6f16728fb1c9bbc61bcc8b6d6c18b99:067b7dd47e88"",""sourceKey"":""TS_GP_BAM_M2_W.M000070"",""retrievedAt"":""2026-09-30T22:08:43.416Z"",""locator"":{""seriesKey"":""TS_GP_BAM_M2_W.M000070"",""observationDate"":""2023-06-30"",""row"":169,""column"":5,""columns"":{""seriesKey"":2,""date"":4,""value"":5,""unit"":6,""status"":7,""comments"":8}},""rawValue"":""30943047.9""}"
m2,2023-07,2023-07-28,30179423.78,Million PKR,not-stated,Normal,,,"{""artifactId"":""TS_GP_BAM_M2_W.M000070:1a9de07ff06944d36f228f0c7398c0fcd6f16728fb1c9bbc61bcc8b6d6c18b99:067b7dd47e88"",""sourceKey"":""TS_GP_BAM_M2_W.M000070"",""retrievedAt"":""2026-09-30T22:08:43.416Z"",""locator"":{""seriesKey"":""TS_GP_BAM_M2_W.M000070"",""observationDate"":""2023-07-28"",""row"":165,""column"":5,""columns"":{""seriesKey"":2,""date"":4,""value"":5,""unit"":6,""status"":7,""comments"":8}},""rawValue"":""30179423.78""}"
m2,2023-08,2023-08-25,30121871.88,Million PKR,not-stated,Normal,,,"{""artifactId"":""TS_GP_BAM_M2_W.M000070:1a9de07ff06944d36f228f0c7398c0fcd6f16728fb1c9bbc61bcc8b6d6c18b99:067b7dd47e88"",""sourceKey"":""TS_GP_BAM_M2_W.M000070"",""retrievedAt"":""2026-09-30T22:08:43.416Z"",""locator"":{""seriesKey"":""TS_GP_BAM_M2_W.M000070"",""observationDate"":""2023-08-25"",""row"":161,""column"":5,""columns"":{""seriesKey"":2,""date"":4,""value"":5,""unit"":6,""status"":7,""comments"":8}},""rawValue"":""30121871.88""}"
m2,2023-09,2023-09-29,30839852.93,Million PKR,not-stated,Normal,,,"{""artifactId"":""TS_GP_BAM_M2_W.M000070:1a9de07ff06944d36f228f0c7398c0fcd6f16728fb1c9bbc61bcc8b6d6c18b99:067b7dd47e88"",""sourceKey"":""TS_GP_BAM_M2_W.M000070"",""retrievedAt"":""2026-09-30T22:08:43.416Z"",""locator"":{""seriesKey"":""TS_GP_BAM_M2_W.M000070"",""observationDate"":""2023-09-29"",""row"":156,""column"":5,""columns"":{""seriesKey"":2,""date"":4,""value"":5,""unit"":6,""status"":7,""comments"":8}},""rawValue"":""30839852.93""}"
m2,2023-10,2023-10-27,30554093.4,Million PKR,not-stated,Normal,,,"{""artifactId"":""TS_GP_BAM_M2_W.M000070:1a9de07ff06944d36f228f0c7398c0fcd6f16728fb1c9bbc61bcc8b6d6c18b99:067b7dd47e88"",""sourceKey"":""TS_GP_BAM_M2_W.M000070"",""retrievedAt"":""2026-09-30T22:08:43.416Z"",""locator"":{""seriesKey"":""TS_GP_BAM_M2_W.M000070"",""observationDate"":""2023-10-27"",""row"":152,""column"":5,""columns"":{""seriesKey"":2,""date"":4,""value"":5,""unit"":6,""status"":7,""comments"":8}},""rawValue"":""30554093.4""}"
m2,2023-11,2023-11-24,30784075,Million PKR,not-stated,Normal,,,"{""artifactId"":""TS_GP_BAM_M2_W.M000070:1a9de07ff06944d36f228f0c7398c0fcd6f16728fb1c9bbc61bcc8b6d6c18b99:067b7dd47e88"",""sourceKey"":""TS_GP_BAM_M2_W.M000070"",""retrievedAt"":""2026-09-30T22:08:43.416Z"",""locator"":{""seriesKey"":""TS_GP_BAM_M2_W.M000070"",""observationDate"":""2023-11-24"",""row"":148,""column"":5,""columns"":{""seriesKey"":2,""date"":4,""value"":5,""unit"":6,""status"":7,""comments"":8}},""rawValue"":""30784075""}"
m2,2023-12,2023-12-29,32217502.85,Million PKR,not-stated,Normal,,,"{""artifactId"":""TS_GP_BAM_M2_W.M000070:1a9de07ff06944d36f228f0c7398c0fcd6f16728fb1c9bbc61bcc8b6d6c18b99:067b7dd47e88"",""sourceKey"":""TS_GP_BAM_M2_W.M000070"",""retrievedAt"":""2026-09-30T22:08:43.416Z"",""locator"":{""seriesKey"":""TS_GP_BAM_M2_W.M000070"",""observationDate"":""2023-12-29"",""row"":143,""column"":5,""columns"":{""seriesKey"":2,""date"":4,""value"":5,""unit"":6,""status"":7,""comments"":8}},""rawValue"":""32217502.85""}"
m2,2024-01,2024-01-26,31241517.67,Million PKR,not-stated,Normal,,,"{""artifactId"":""TS_GP_BAM_M2_W.M000070:1a9de07ff06944d36f228f0c7398c0fcd6f16728fb1c9bbc61bcc8b6d6c18b99:067b7dd47e88"",""sourceKey"":""TS_GP_BAM_M2_W.M000070"",""retrievedAt"":""2026-09-30T22:08:43.416Z"",""locator"":{""seriesKey"":""TS_GP_BAM_M2_W.M000070"",""observationDate"":""2024-01-26"",""row"":139,""column"":5,""columns"":{""seriesKey"":2,""date"":4,""value"":5,""unit"":6,""status"":7,""comments"":8}},""rawValue"":""31241517.67""}"
m2,2024-02,2024-02-23,31600017.96,Million PKR,not-stated,Normal,,,"{""artifactId"":""TS_GP_BAM_M2_W.M000070:1a9de07ff06944d36f228f0c7398c0fcd6f16728fb1c9bbc61bcc8b6d6c18b99:067b7dd47e88"",""sourceKey"":""TS_GP_BAM_M2_W.M000070"",""retrievedAt"":""2026-09-30T22:08:43.416Z"",""locator"":{""seriesKey"":""TS_GP_BAM_M2_W.M000070"",""observationDate"":""2024-02-23"",""row"":135,""column"":5,""columns"":{""seriesKey"":2,""date"":4,""value"":5,""unit"":6,""status"":7,""comments"":8}},""rawValue"":""31600017.96""}"
m2,2024-03,2024-03-29,32953726.17,Million PKR,not-stated,Normal,,,"{""artifactId"":""TS_GP_BAM_M2_W.M000070:1a9de07ff06944d36f228f0c7398c0fcd6f16728fb1c9bbc61bcc8b6d6c18b99:067b7dd47e88"",""sourceKey"":""TS_GP_BAM_M2_W.M000070"",""retrievedAt"":""2026-09-30T22:08:43.416Z"",""locator"":{""seriesKey"":""TS_GP_BAM_M2_W.M000070"",""observationDate"":""2024-03-29"",""row"":130,""column"":5,""columns"":{""seriesKey"":2,""date"":4,""value"":5,""unit"":6,""status"":7,""comments"":8}},""rawValue"":""32953726.17""}"
m2,2024-04,2024-04-26,32703018.53,Million PKR,not-stated,Normal,,,"{""artifactId"":""TS_GP_BAM_M2_W.M000070:1a9de07ff06944d36f228f0c7398c0fcd6f16728fb1c9bbc61bcc8b6d6c18b99:067b7dd47e88"",""sourceKey"":""TS_GP_BAM_M2_W.M000070"",""retrievedAt"":""2026-09-30T22:08:43.416Z"",""locator"":{""seriesKey"":""TS_GP_BAM_M2_W.M000070"",""observationDate"":""2024-04-26"",""row"":126,""column"":5,""columns"":{""seriesKey"":2,""date"":4,""value"":5,""unit"":6,""status"":7,""comments"":8}},""rawValue"":""32703018.53""}"
m2,2024-05,2024-05-31,33883965.34,Million PKR,not-stated,Normal,,,"{""artifactId"":""TS_GP_BAM_M2_W.M000070:1a9de07ff06944d36f228f0c7398c0fcd6f16728fb1c9bbc61bcc8b6d6c18b99:067b7dd47e88"",""sourceKey"":""TS_GP_BAM_M2_W.M000070"",""retrievedAt"":""2026-09-30T22:08:43.416Z"",""locator"":{""seriesKey"":""TS_GP_BAM_M2_W.M000070"",""observationDate"":""2024-05-31"",""row"":121,""column"":5,""columns"":{""seriesKey"":2,""date"":4,""value"":5,""unit"":6,""status"":7,""comments"":8}},""rawValue"":""33883965.34""}"
m2,2024-06,2024-06-28,35595027.46,Million PKR,not-stated,Normal,,,"{""artifactId"":""TS_GP_BAM_M2_W.M000070:1a9de07ff06944d36f228f0c7398c0fcd6f16728fb1c9bbc61bcc8b6d6c18b99:067b7dd47e88"",""sourceKey"":""TS_GP_BAM_M2_W.M000070"",""retrievedAt"":""2026-09-30T22:08:43.416Z"",""locator"":{""seriesKey"":""TS_GP_BAM_M2_W.M000070"",""observationDate"":""2024-06-28"",""row"":117,""column"":5,""columns"":{""seriesKey"":2,""date"":4,""value"":5,""unit"":6,""status"":7,""comments"":8}},""rawValue"":""35595027.46""}"
m2,2024-07,2024-07-26,34400991.89,Million PKR,not-stated,Normal,,,"{""artifactId"":""TS_GP_BAM_M2_W.M000070:1a9de07ff06944d36f228f0c7398c0fcd6f16728fb1c9bbc61bcc8b6d6c18b99:067b7dd47e88"",""sourceKey"":""TS_GP_BAM_M2_W.M000070"",""retrievedAt"":""2026-09-30T22:08:43.416Z"",""locator"":{""seriesKey"":""TS_GP_BAM_M2_W.M000070"",""observationDate"":""2024-07-26"",""row"":113,""column"":5,""columns"":{""seriesKey"":2,""date"":4,""value"":5,""unit"":6,""status"":7,""comments"":8}},""rawValue"":""34400991.89""}"
m2,2024-08,2024-08-30,34989071.84,Million PKR,not-stated,Normal,,,"{""artifactId"":""TS_GP_BAM_M2_W.M000070:1a9de07ff06944d36f228f0c7398c0fcd6f16728fb1c9bbc61bcc8b6d6c18b99:067b7dd47e88"",""sourceKey"":""TS_GP_BAM_M2_W.M000070"",""retrievedAt"":""2026-09-30T22:08:43.416Z"",""locator"":{""seriesKey"":""TS_GP_BAM_M2_W.M000070"",""observationDate"":""2024-08-30"",""row"":108,""column"":5,""columns"":{""seriesKey"":2,""date"":4,""value"":5,""unit"":6,""status"":7,""comments"":8}},""rawValue"":""34989071.84""}"
m2,2024-09,2024-09-27,35086590.67,Million PKR,not-stated,Normal,,,"{""artifactId"":""TS_GP_BAM_M2_W.M000070:1a9de07ff06944d36f228f0c7398c0fcd6f16728fb1c9bbc61bcc8b6d6c18b99:067b7dd47e88"",""sourceKey"":""TS_GP_BAM_M2_W.M000070"",""retrievedAt"":""2026-09-30T22:08:43.416Z"",""locator"":{""seriesKey"":""TS_GP_BAM_M2_W.M000070"",""observationDate"":""2024-09-27"",""row"":104,""column"":5,""columns"":{""seriesKey"":2,""date"":4,""value"":5,""unit"":6,""status"":7,""comments"":8}},""rawValue"":""35086590.67""}"
m2,2024-10,2024-10-25,35170094.58,Million PKR,not-stated,Normal,,,"{""artifactId"":""TS_GP_BAM_M2_W.M000070:1a9de07ff06944d36f228f0c7398c0fcd6f16728fb1c9bbc61bcc8b6d6c18b99:067b7dd47e88"",""sourceKey"":""TS_GP_BAM_M2_W.M000070"",""retrievedAt"":""2026-09-30T22:08:43.416Z"",""locator"":{""seriesKey"":""TS_GP_BAM_M2_W.M000070"",""observationDate"":""2024-10-25"",""row"":100,""column"":5,""columns"":{""seriesKey"":2,""date"":4,""value"":5,""unit"":6,""status"":7,""comments"":8}},""rawValue"":""35170094.58""}"
m2,2024-11,2024-11-29,35475696.39,Million PKR,not-stated,Normal,,,"{""artifactId"":""TS_GP_BAM_M2_W.M000070:1a9de07ff06944d36f228f0c7398c0fcd6f16728fb1c9bbc61bcc8b6d6c18b99:067b7dd47e88"",""sourceKey"":""TS_GP_BAM_M2_W.M000070"",""retrievedAt"":""2026-09-30T22:08:43.416Z"",""locator"":{""seriesKey"":""TS_GP_BAM_M2_W.M000070"",""observationDate"":""2024-11-29"",""row"":95,""column"":5,""columns"":{""seriesKey"":2,""date"":4,""value"":5,""unit"":6,""status"":7,""comments"":8}},""rawValue"":""35475696.39""}"
m2,2024-12,2024-12-27,35380893.36,Million PKR,not-stated,Normal,,,"{""artifactId"":""TS_GP_BAM_M2_W.M000070:1a9de07ff06944d36f228f0c7398c0fcd6f16728fb1c9bbc61bcc8b6d6c18b99:067b7dd47e88"",""sourceKey"":""TS_GP_BAM_M2_W.M000070"",""retrievedAt"":""2026-09-30T22:08:43.416Z"",""locator"":{""seriesKey"":""TS_GP_BAM_M2_W.M000070"",""observationDate"":""2024-12-27"",""row"":91,""column"":5,""columns"":{""seriesKey"":2,""date"":4,""value"":5,""unit"":6,""status"":7,""comments"":8}},""rawValue"":""35380893.36""}"
m2,2025-01,2025-01-31,35510556.44,Million PKR,not-stated,Normal,,,"{""artifactId"":""TS_GP_BAM_M2_W.M000070:1a9de07ff06944d36f228f0c7398c0fcd6f16728fb1c9bbc61bcc8b6d6c18b99:067b7dd47e88"",""sourceKey"":""TS_GP_BAM_M2_W.M000070"",""retrievedAt"":""2026-09-30T22:08:43.416Z"",""locator"":{""seriesKey"":""TS_GP_BAM_M2_W.M000070"",""observationDate"":""2025-01-31"",""row"":86,""column"":5,""columns"":{""seriesKey"":2,""date"":4,""value"":5,""unit"":6,""status"":7,""comments"":8}},""rawValue"":""35510556.44""}"
m2,2025-02,2025-02-28,35756162.12,Million PKR,not-stated,Normal,,,"{""artifactId"":""TS_GP_BAM_M2_W.M000070:1a9de07ff06944d36f228f0c7398c0fcd6f16728fb1c9bbc61bcc8b6d6c18b99:067b7dd47e88"",""sourceKey"":""TS_GP_BAM_M2_W.M000070"",""retrievedAt"":""2026-09-30T22:08:43.416Z"",""locator"":{""seriesKey"":""TS_GP_BAM_M2_W.M000070"",""observationDate"":""2025-02-28"",""row"":82,""column"":5,""columns"":{""seriesKey"":2,""date"":4,""value"":5,""unit"":6,""status"":7,""comments"":8}},""rawValue"":""35756162.12""}"
m2,2025-03,2025-03-28,37369525.33,Million PKR,not-stated,Normal,,,"{""artifactId"":""TS_GP_BAM_M2_W.M000070:1a9de07ff06944d36f228f0c7398c0fcd6f16728fb1c9bbc61bcc8b6d6c18b99:067b7dd47e88"",""sourceKey"":""TS_GP_BAM_M2_W.M000070"",""retrievedAt"":""2026-09-30T22:08:43.416Z"",""locator"":{""seriesKey"":""TS_GP_BAM_M2_W.M000070"",""observationDate"":""2025-03-28"",""row"":78,""column"":5,""columns"":{""seriesKey"":2,""date"":4,""value"":5,""unit"":6,""status"":7,""comments"":8}},""rawValue"":""37369525.33""}"
m2,2025-04,2025-04-25,36667806.12,Million PKR,not-stated,Normal,,,"{""artifactId"":""TS_GP_BAM_M2_W.M000070:1a9de07ff06944d36f228f0c7398c0fcd6f16728fb1c9bbc61bcc8b6d6c18b99:067b7dd47e88"",""sourceKey"":""TS_GP_BAM_M2_W.M000070"",""retrievedAt"":""2026-09-30T22:08:43.416Z"",""locator"":{""seriesKey"":""TS_GP_BAM_M2_W.M000070"",""observationDate"":""2025-04-25"",""row"":74,""column"":5,""columns"":{""seriesKey"":2,""date"":4,""value"":5,""unit"":6,""status"":7,""comments"":8}},""rawValue"":""36667806.12""}"
m2,2025-05,2025-05-30,38075643.99,Million PKR,not-stated,Normal,,,"{""artifactId"":""TS_GP_BAM_M2_W.M000070:1a9de07ff06944d36f228f0c7398c0fcd6f16728fb1c9bbc61bcc8b6d6c18b99:067b7dd47e88"",""sourceKey"":""TS_GP_BAM_M2_W.M000070"",""retrievedAt"":""2026-09-30T22:08:43.416Z"",""locator"":{""seriesKey"":""TS_GP_BAM_M2_W.M000070"",""observationDate"":""2025-05-30"",""row"":69,""column"":5,""columns"":{""seriesKey"":2,""date"":4,""value"":5,""unit"":6,""status"":7,""comments"":8}},""rawValue"":""38075643.99""}"
m2,2025-06,2025-06-27,40252363.32,Million PKR,not-stated,Normal,,,"{""artifactId"":""TS_GP_BAM_M2_W.M000070:1a9de07ff06944d36f228f0c7398c0fcd6f16728fb1c9bbc61bcc8b6d6c18b99:067b7dd47e88"",""sourceKey"":""TS_GP_BAM_M2_W.M000070"",""retrievedAt"":""2026-09-30T22:08:43.416Z"",""locator"":{""seriesKey"":""TS_GP_BAM_M2_W.M000070"",""observationDate"":""2025-06-27"",""row"":65,""column"":5,""columns"":{""seriesKey"":2,""date"":4,""value"":5,""unit"":6,""status"":7,""comments"":8}},""rawValue"":""40252363.32""}"
m2,2025-07,2025-07-25,38977867.4,Million PKR,not-stated,Normal,,,"{""artifactId"":""TS_GP_BAM_M2_W.M000070:1a9de07ff06944d36f228f0c7398c0fcd6f16728fb1c9bbc61bcc8b6d6c18b99:067b7dd47e88"",""sourceKey"":""TS_GP_BAM_M2_W.M000070"",""retrievedAt"":""2026-09-30T22:08:43.416Z"",""locator"":{""seriesKey"":""TS_GP_BAM_M2_W.M000070"",""observationDate"":""2025-07-25"",""row"":61,""column"":5,""columns"":{""seriesKey"":2,""date"":4,""value"":5,""unit"":6,""status"":7,""comments"":8}},""rawValue"":""38977867.4""}"
m2,2025-08,2025-08-29,39385586.62,Million PKR,not-stated,Normal,,,"{""artifactId"":""TS_GP_BAM_M2_W.M000070:1a9de07ff06944d36f228f0c7398c0fcd6f16728fb1c9bbc61bcc8b6d6c18b99:067b7dd47e88"",""sourceKey"":""TS_GP_BAM_M2_W.M000070"",""retrievedAt"":""2026-09-30T22:08:43.416Z"",""locator"":{""seriesKey"":""TS_GP_BAM_M2_W.M000070"",""observationDate"":""2025-08-29"",""row"":56,""column"":5,""columns"":{""seriesKey"":2,""date"":4,""value"":5,""unit"":6,""status"":7,""comments"":8}},""rawValue"":""39385586.62""}"
m2,2025-09,2025-09-26,38938190.47,Million PKR,not-stated,Normal,,,"{""artifactId"":""TS_GP_BAM_M2_W.M000070:1a9de07ff06944d36f228f0c7398c0fcd6f16728fb1c9bbc61bcc8b6d6c18b99:067b7dd47e88"",""sourceKey"":""TS_GP_BAM_M2_W.M000070"",""retrievedAt"":""2026-09-30T22:08:43.416Z"",""locator"":{""seriesKey"":""TS_GP_BAM_M2_W.M000070"",""observationDate"":""2025-09-26"",""row"":52,""column"":5,""columns"":{""seriesKey"":2,""date"":4,""value"":5,""unit"":6,""status"":7,""comments"":8}},""rawValue"":""38938190.47""}"
m2,2025-10,2025-10-31,39930800.08,Million PKR,not-stated,Normal,,,"{""artifactId"":""TS_GP_BAM_M2_W.M000070:1a9de07ff06944d36f228f0c7398c0fcd6f16728fb1c9bbc61bcc8b6d6c18b99:067b7dd47e88"",""sourceKey"":""TS_GP_BAM_M2_W.M000070"",""retrievedAt"":""2026-09-30T22:08:43.416Z"",""locator"":{""seriesKey"":""TS_GP_BAM_M2_W.M000070"",""observationDate"":""2025-10-31"",""row"":47,""column"":5,""columns"":{""seriesKey"":2,""date"":4,""value"":5,""unit"":6,""status"":7,""comments"":8}},""rawValue"":""39930800.08""}"
m2,2025-11,2025-11-28,40567987.72,Million PKR,not-stated,Normal,,,"{""artifactId"":""TS_GP_BAM_M2_W.M000070:1a9de07ff06944d36f228f0c7398c0fcd6f16728fb1c9bbc61bcc8b6d6c18b99:067b7dd47e88"",""sourceKey"":""TS_GP_BAM_M2_W.M000070"",""retrievedAt"":""2026-09-30T22:08:43.416Z"",""locator"":{""seriesKey"":""TS_GP_BAM_M2_W.M000070"",""observationDate"":""2025-11-28"",""row"":43,""column"":5,""columns"":{""seriesKey"":2,""date"":4,""value"":5,""unit"":6,""status"":7,""comments"":8}},""rawValue"":""40567987.72""}"
m2,2025-12,2025-12-26,41275068.73,Million PKR,not-stated,Normal,,,"{""artifactId"":""TS_GP_BAM_M2_W.M000070:1a9de07ff06944d36f228f0c7398c0fcd6f16728fb1c9bbc61bcc8b6d6c18b99:067b7dd47e88"",""sourceKey"":""TS_GP_BAM_M2_W.M000070"",""retrievedAt"":""2026-09-30T22:08:43.416Z"",""locator"":{""seriesKey"":""TS_GP_BAM_M2_W.M000070"",""observationDate"":""2025-12-26"",""row"":39,""column"":5,""columns"":{""seriesKey"":2,""date"":4,""value"":5,""unit"":6,""status"":7,""comments"":8}},""rawValue"":""41275068.73""}"
m2,2026-01,2026-01-30,41571141.34,Million PKR,not-stated,Normal,,,"{""artifactId"":""TS_GP_BAM_M2_W.M000070:1a9de07ff06944d36f228f0c7398c0fcd6f16728fb1c9bbc61bcc8b6d6c18b99:067b7dd47e88"",""sourceKey"":""TS_GP_BAM_M2_W.M000070"",""retrievedAt"":""2026-09-30T22:08:43.416Z"",""locator"":{""seriesKey"":""TS_GP_BAM_M2_W.M000070"",""observationDate"":""2026-01-30"",""row"":34,""column"":5,""columns"":{""seriesKey"":2,""date"":4,""value"":5,""unit"":6,""status"":7,""comments"":8}},""rawValue"":""41571141.34""}"
m2,2026-02,2026-02-27,41897695.05,Million PKR,not-stated,Normal,,,"{""artifactId"":""TS_GP_BAM_M2_W.M000070:1a9de07ff06944d36f228f0c7398c0fcd6f16728fb1c9bbc61bcc8b6d6c18b99:067b7dd47e88"",""sourceKey"":""TS_GP_BAM_M2_W.M000070"",""retrievedAt"":""2026-09-30T22:08:43.416Z"",""locator"":{""seriesKey"":""TS_GP_BAM_M2_W.M000070"",""observationDate"":""2026-02-27"",""row"":30,""column"":5,""columns"":{""seriesKey"":2,""date"":4,""value"":5,""unit"":6,""status"":7,""comments"":8}},""rawValue"":""41897695.05""}"
m2,2026-03,2026-03-27,42637531.48,Million PKR,not-stated,Normal,,,"{""artifactId"":""TS_GP_BAM_M2_W.M000070:1a9de07ff06944d36f228f0c7398c0fcd6f16728fb1c9bbc61bcc8b6d6c18b99:067b7dd47e88"",""sourceKey"":""TS_GP_BAM_M2_W.M000070"",""retrievedAt"":""2026-09-30T22:08:43.416Z"",""locator"":{""seriesKey"":""TS_GP_BAM_M2_W.M000070"",""observationDate"":""2026-03-27"",""row"":26,""column"":5,""columns"":{""seriesKey"":2,""date"":4,""value"":5,""unit"":6,""status"":7,""comments"":8}},""rawValue"":""42637531.48""}"
m2,2026-04,2026-04-24,42223347.73,Million PKR,not-stated,Normal,,,"{""artifactId"":""TS_GP_BAM_M2_W.M000070:1a9de07ff06944d36f228f0c7398c0fcd6f16728fb1c9bbc61bcc8b6d6c18b99:067b7dd47e88"",""sourceKey"":""TS_GP_BAM_M2_W.M000070"",""retrievedAt"":""2026-09-30T22:08:43.416Z"",""locator"":{""seriesKey"":""TS_GP_BAM_M2_W.M000070"",""observationDate"":""2026-04-24"",""row"":22,""column"":5,""columns"":{""seriesKey"":2,""date"":4,""value"":5,""unit"":6,""status"":7,""comments"":8}},""rawValue"":""42223347.73""}"
m2,2026-05,2026-05-29,43844532.31,Million PKR,not-stated,Normal,,,"{""artifactId"":""TS_GP_BAM_M2_W.M000070:1a9de07ff06944d36f228f0c7398c0fcd6f16728fb1c9bbc61bcc8b6d6c18b99:067b7dd47e88"",""sourceKey"":""TS_GP_BAM_M2_W.M000070"",""retrievedAt"":""2026-09-30T22:08:43.416Z"",""locator"":{""seriesKey"":""TS_GP_BAM_M2_W.M000070"",""observationDate"":""2026-05-29"",""row"":17,""column"":5,""columns"":{""seriesKey"":2,""date"":4,""value"":5,""unit"":6,""status"":7,""comments"":8}},""rawValue"":""43844532.31""}"
m2,2026-06,2026-06-26,45339678.56,Million PKR,not-stated,Normal,,,"{""artifactId"":""TS_GP_BAM_M2_W.M000070:1a9de07ff06944d36f228f0c7398c0fcd6f16728fb1c9bbc61bcc8b6d6c18b99:067b7dd47e88"",""sourceKey"":""TS_GP_BAM_M2_W.M000070"",""retrievedAt"":""2026-09-30T22:08:43.416Z"",""locator"":{""seriesKey"":""TS_GP_BAM_M2_W.M000070"",""observationDate"":""2026-06-26"",""row"":13,""column"":5,""columns"":{""seriesKey"":2,""date"":4,""value"":5,""unit"":6,""status"":7,""comments"":8}},""rawValue"":""45339678.56""}"
m2,2026-07,2026-07-31,44254007.38,Million PKR,not-stated,Normal,,,"{""artifactId"":""TS_GP_BAM_M2_W.M000070:1a9de07ff06944d36f228f0c7398c0fcd6f16728fb1c9bbc61bcc8b6d6c18b99:067b7dd47e88"",""sourceKey"":""TS_GP_BAM_M2_W.M000070"",""retrievedAt"":""2026-09-30T22:08:43.416Z"",""locator"":{""seriesKey"":""TS_GP_BAM_M2_W.M000070"",""observationDate"":""2026-07-31"",""row"":8,""column"":5,""columns"":{""seriesKey"":2,""date"":4,""value"":5,""unit"":6,""status"":7,""comments"":8}},""rawValue"":""44254007.38""}"
m2,2026-08,2026-08-28,43945707.05,Million PKR,not-stated,Normal,,,"{""artifactId"":""TS_GP_BAM_M2_W.M000070:1a9de07ff06944d36f228f0c7398c0fcd6f16728fb1c9bbc61bcc8b6d6c18b99:067b7dd47e88"",""sourceKey"":""TS_GP_BAM_M2_W.M000070"",""retrievedAt"":""2026-09-30T22:08:43.416Z"",""locator"":{""seriesKey"":""TS_GP_BAM_M2_W.M000070"",""observationDate"":""2026-08-28"",""row"":4,""column"":5,""columns"":{""seriesKey"":2,""date"":4,""value"":5,""unit"":6,""status"":7,""comments"":8}},""rawValue"":""43945707.05""}"
m2,2026-09,2026-09-18,44098451.92,Million PKR,not-stated,Normal,,,"{""artifactId"":""TS_GP_BAM_M2_W.M000070:1a9de07ff06944d36f228f0c7398c0fcd6f16728fb1c9bbc61bcc8b6d6c18b99:067b7dd47e88"",""sourceKey"":""TS_GP_BAM_M2_W.M000070"",""retrievedAt"":""2026-09-30T22:08:43.416Z"",""locator"":{""seriesKey"":""TS_GP_BAM_M2_W.M000070"",""observationDate"":""2026-09-18"",""row"":1,""column"":5,""columns"":{""seriesKey"":2,""date"":4,""value"":5,""unit"":6,""status"":7,""comments"":8}},""rawValue"":""44098451.92""}"
m2_yoy,2021-10,2021-10-29,14.06,Percent,not-stated,Normal,,,"{""artifactId"":""TS_GP_BAM_M2_W.M000500:7444a080f8be6371f09723db255868916a4508c43077a03b816402e73032500b:d9fb73e30aff"",""sourceKey"":""TS_GP_BAM_M2_W.M000500"",""retrievedAt"":""2026-09-30T22:08:43.866Z"",""locator"":{""seriesKey"":""TS_GP_BAM_M2_W.M000500"",""observationDate"":""2021-10-29"",""row"":256,""column"":5,""columns"":{""seriesKey"":2,""date"":4,""value"":5,""unit"":6,""status"":7,""comments"":8}},""rawValue"":""14.06094802""}"
m2_yoy,2021-11,2021-11-26,13.36,Percent,not-stated,Normal,,,"{""artifactId"":""TS_GP_BAM_M2_W.M000500:7444a080f8be6371f09723db255868916a4508c43077a03b816402e73032500b:d9fb73e30aff"",""sourceKey"":""TS_GP_BAM_M2_W.M000500"",""retrievedAt"":""2026-09-30T22:08:43.866Z"",""locator"":{""seriesKey"":""TS_GP_BAM_M2_W.M000500"",""observationDate"":""2021-11-26"",""row"":252,""column"":5,""columns"":{""seriesKey"":2,""date"":4,""value"":5,""unit"":6,""status"":7,""comments"":8}},""rawValue"":""13.35947549""}"
m2_yoy,2021-12,2021-12-31,14.46,Percent,not-stated,Normal,,,"{""artifactId"":""TS_GP_BAM_M2_W.M000500:7444a080f8be6371f09723db255868916a4508c43077a03b816402e73032500b:d9fb73e30aff"",""sourceKey"":""TS_GP_BAM_M2_W.M000500"",""retrievedAt"":""2026-09-30T22:08:43.866Z"",""locator"":{""seriesKey"":""TS_GP_BAM_M2_W.M000500"",""observationDate"":""2021-12-31"",""row"":247,""column"":5,""columns"":{""seriesKey"":2,""date"":4,""value"":5,""unit"":6,""status"":7,""comments"":8}},""rawValue"":""14.46393909""}"
m2_yoy,2022-01,2022-01-28,12.91,Percent,not-stated,Normal,,,"{""artifactId"":""TS_GP_BAM_M2_W.M000500:7444a080f8be6371f09723db255868916a4508c43077a03b816402e73032500b:d9fb73e30aff"",""sourceKey"":""TS_GP_BAM_M2_W.M000500"",""retrievedAt"":""2026-09-30T22:08:43.866Z"",""locator"":{""seriesKey"":""TS_GP_BAM_M2_W.M000500"",""observationDate"":""2022-01-28"",""row"":243,""column"":5,""columns"":{""seriesKey"":2,""date"":4,""value"":5,""unit"":6,""status"":7,""comments"":8}},""rawValue"":""12.91499039""}"
m2_yoy,2022-02,2022-02-25,11.34,Percent,not-stated,Normal,,,"{""artifactId"":""TS_GP_BAM_M2_W.M000500:7444a080f8be6371f09723db255868916a4508c43077a03b816402e73032500b:d9fb73e30aff"",""sourceKey"":""TS_GP_BAM_M2_W.M000500"",""retrievedAt"":""2026-09-30T22:08:43.866Z"",""locator"":{""seriesKey"":""TS_GP_BAM_M2_W.M000500"",""observationDate"":""2022-02-25"",""row"":239,""column"":5,""columns"":{""seriesKey"":2,""date"":4,""value"":5,""unit"":6,""status"":7,""comments"":8}},""rawValue"":""11.33658073""}"
m2_yoy,2022-03,2022-03-25,11.72,Percent,not-stated,Normal,,,"{""artifactId"":""TS_GP_BAM_M2_W.M000500:7444a080f8be6371f09723db255868916a4508c43077a03b816402e73032500b:d9fb73e30aff"",""sourceKey"":""TS_GP_BAM_M2_W.M000500"",""retrievedAt"":""2026-09-30T22:08:43.866Z"",""locator"":{""seriesKey"":""TS_GP_BAM_M2_W.M000500"",""observationDate"":""2022-03-25"",""row"":235,""column"":5,""columns"":{""seriesKey"":2,""date"":4,""value"":5,""unit"":6,""status"":7,""comments"":8}},""rawValue"":""11.71760175""}"
m2_yoy,2022-04,2022-04-29,13.68,Percent,not-stated,Normal,,,"{""artifactId"":""TS_GP_BAM_M2_W.M000500:7444a080f8be6371f09723db255868916a4508c43077a03b816402e73032500b:d9fb73e30aff"",""sourceKey"":""TS_GP_BAM_M2_W.M000500"",""retrievedAt"":""2026-09-30T22:08:43.866Z"",""locator"":{""seriesKey"":""TS_GP_BAM_M2_W.M000500"",""observationDate"":""2022-04-29"",""row"":230,""column"":5,""columns"":{""seriesKey"":2,""date"":4,""value"":5,""unit"":6,""status"":7,""comments"":8}},""rawValue"":""13.68202564""}"
m2_yoy,2022-05,2022-05-27,14.42,Percent,not-stated,Normal,,,"{""artifactId"":""TS_GP_BAM_M2_W.M000500:7444a080f8be6371f09723db255868916a4508c43077a03b816402e73032500b:d9fb73e30aff"",""sourceKey"":""TS_GP_BAM_M2_W.M000500"",""retrievedAt"":""2026-09-30T22:08:43.866Z"",""locator"":{""seriesKey"":""TS_GP_BAM_M2_W.M000500"",""observationDate"":""2022-05-27"",""row"":226,""column"":5,""columns"":{""seriesKey"":2,""date"":4,""value"":5,""unit"":6,""status"":7,""comments"":8}},""rawValue"":""14.42397505""}"
m2_yoy,2022-06,2022-06-24,12.91,Percent,not-stated,Normal,,,"{""artifactId"":""TS_GP_BAM_M2_W.M000500:7444a080f8be6371f09723db255868916a4508c43077a03b816402e73032500b:d9fb73e30aff"",""sourceKey"":""TS_GP_BAM_M2_W.M000500"",""retrievedAt"":""2026-09-30T22:08:43.866Z"",""locator"":{""seriesKey"":""TS_GP_BAM_M2_W.M000500"",""observationDate"":""2022-06-24"",""row"":222,""column"":5,""columns"":{""seriesKey"":2,""date"":4,""value"":5,""unit"":6,""status"":7,""comments"":8}},""rawValue"":""12.90508809""}"
m2_yoy,2022-07,2022-07-29,13.47,Percent,not-stated,Normal,,,"{""artifactId"":""TS_GP_BAM_M2_W.M000500:7444a080f8be6371f09723db255868916a4508c43077a03b816402e73032500b:d9fb73e30aff"",""sourceKey"":""TS_GP_BAM_M2_W.M000500"",""retrievedAt"":""2026-09-30T22:08:43.866Z"",""locator"":{""seriesKey"":""TS_GP_BAM_M2_W.M000500"",""observationDate"":""2022-07-29"",""row"":217,""column"":5,""columns"":{""seriesKey"":2,""date"":4,""value"":5,""unit"":6,""status"":7,""comments"":8}},""rawValue"":""13.4657946""}"
m2_yoy,2022-08,2022-08-26,13.44,Percent,not-stated,Normal,,,"{""artifactId"":""TS_GP_BAM_M2_W.M000500:7444a080f8be6371f09723db255868916a4508c43077a03b816402e73032500b:d9fb73e30aff"",""sourceKey"":""TS_GP_BAM_M2_W.M000500"",""retrievedAt"":""2026-09-30T22:08:43.866Z"",""locator"":{""seriesKey"":""TS_GP_BAM_M2_W.M000500"",""observationDate"":""2022-08-26"",""row"":213,""column"":5,""columns"":{""seriesKey"":2,""date"":4,""value"":5,""unit"":6,""status"":7,""comments"":8}},""rawValue"":""13.44030376""}"
m2_yoy,2022-09,2022-09-30,14.48,Percent,not-stated,Normal,,,"{""artifactId"":""TS_GP_BAM_M2_W.M000500:7444a080f8be6371f09723db255868916a4508c43077a03b816402e73032500b:d9fb73e30aff"",""sourceKey"":""TS_GP_BAM_M2_W.M000500"",""retrievedAt"":""2026-09-30T22:08:43.866Z"",""locator"":{""seriesKey"":""TS_GP_BAM_M2_W.M000500"",""observationDate"":""2022-09-30"",""row"":208,""column"":5,""columns"":{""seriesKey"":2,""date"":4,""value"":5,""unit"":6,""status"":7,""comments"":8}},""rawValue"":""14.48187476""}"
m2_yoy,2022-10,2022-10-28,14.06,Percent,not-stated,Normal,,,"{""artifactId"":""TS_GP_BAM_M2_W.M000500:7444a080f8be6371f09723db255868916a4508c43077a03b816402e73032500b:d9fb73e30aff"",""sourceKey"":""TS_GP_BAM_M2_W.M000500"",""retrievedAt"":""2026-09-30T22:08:43.866Z"",""locator"":{""seriesKey"":""TS_GP_BAM_M2_W.M000500"",""observationDate"":""2022-10-28"",""row"":204,""column"":5,""columns"":{""seriesKey"":2,""date"":4,""value"":5,""unit"":6,""status"":7,""comments"":8}},""rawValue"":""14.0578307""}"
m2_yoy,2022-11,2022-11-25,14.46,Percent,not-stated,Normal,,,"{""artifactId"":""TS_GP_BAM_M2_W.M000500:7444a080f8be6371f09723db255868916a4508c43077a03b816402e73032500b:d9fb73e30aff"",""sourceKey"":""TS_GP_BAM_M2_W.M000500"",""retrievedAt"":""2026-09-30T22:08:43.866Z"",""locator"":{""seriesKey"":""TS_GP_BAM_M2_W.M000500"",""observationDate"":""2022-11-25"",""row"":200,""column"":5,""columns"":{""seriesKey"":2,""date"":4,""value"":5,""unit"":6,""status"":7,""comments"":8}},""rawValue"":""14.46460188""}"
m2_yoy,2022-12,2022-12-30,9.3,Percent,not-stated,Normal,,,"{""artifactId"":""TS_GP_BAM_M2_W.M000500:7444a080f8be6371f09723db255868916a4508c43077a03b816402e73032500b:d9fb73e30aff"",""sourceKey"":""TS_GP_BAM_M2_W.M000500"",""retrievedAt"":""2026-09-30T22:08:43.866Z"",""locator"":{""seriesKey"":""TS_GP_BAM_M2_W.M000500"",""observationDate"":""2022-12-30"",""row"":195,""column"":5,""columns"":{""seriesKey"":2,""date"":4,""value"":5,""unit"":6,""status"":7,""comments"":8}},""rawValue"":""9.298782063""}"
m2_yoy,2023-01,2023-01-27,12.47,Percent,not-stated,Normal,,,"{""artifactId"":""TS_GP_BAM_M2_W.M000500:7444a080f8be6371f09723db255868916a4508c43077a03b816402e73032500b:d9fb73e30aff"",""sourceKey"":""TS_GP_BAM_M2_W.M000500"",""retrievedAt"":""2026-09-30T22:08:43.866Z"",""locator"":{""seriesKey"":""TS_GP_BAM_M2_W.M000500"",""observationDate"":""2023-01-27"",""row"":191,""column"":5,""columns"":{""seriesKey"":2,""date"":4,""value"":5,""unit"":6,""status"":7,""comments"":8}},""rawValue"":""12.46853986""}"
m2_yoy,2023-02,2023-02-24,14.08,Percent,not-stated,Normal,,,"{""artifactId"":""TS_GP_BAM_M2_W.M000500:7444a080f8be6371f09723db255868916a4508c43077a03b816402e73032500b:d9fb73e30aff"",""sourceKey"":""TS_GP_BAM_M2_W.M000500"",""retrievedAt"":""2026-09-30T22:08:43.866Z"",""locator"":{""seriesKey"":""TS_GP_BAM_M2_W.M000500"",""observationDate"":""2023-02-24"",""row"":187,""column"":5,""columns"":{""seriesKey"":2,""date"":4,""value"":5,""unit"":6,""status"":7,""comments"":8}},""rawValue"":""14.08249443""}"
m2_yoy,2023-03,2023-03-31,16.59,Percent,not-stated,Normal,,,"{""artifactId"":""TS_GP_BAM_M2_W.M000500:7444a080f8be6371f09723db255868916a4508c43077a03b816402e73032500b:d9fb73e30aff"",""sourceKey"":""TS_GP_BAM_M2_W.M000500"",""retrievedAt"":""2026-09-30T22:08:43.866Z"",""locator"":{""seriesKey"":""TS_GP_BAM_M2_W.M000500"",""observationDate"":""2023-03-31"",""row"":182,""column"":5,""columns"":{""seriesKey"":2,""date"":4,""value"":5,""unit"":6,""status"":7,""comments"":8}},""rawValue"":""16.59344591""}"
m2_yoy,2023-04,2023-04-28,15.4,Percent,not-stated,Normal,,,"{""artifactId"":""TS_GP_BAM_M2_W.M000500:7444a080f8be6371f09723db255868916a4508c43077a03b816402e73032500b:d9fb73e30aff"",""sourceKey"":""TS_GP_BAM_M2_W.M000500"",""retrievedAt"":""2026-09-30T22:08:43.866Z"",""locator"":{""seriesKey"":""TS_GP_BAM_M2_W.M000500"",""observationDate"":""2023-04-28"",""row"":178,""column"":5,""columns"":{""seriesKey"":2,""date"":4,""value"":5,""unit"":6,""status"":7,""comments"":8}},""rawValue"":""15.39883201""}"
m2_yoy,2023-05,2023-05-26,14.98,Percent,not-stated,Normal,,,"{""artifactId"":""TS_GP_BAM_M2_W.M000500:7444a080f8be6371f09723db255868916a4508c43077a03b816402e73032500b:d9fb73e30aff"",""sourceKey"":""TS_GP_BAM_M2_W.M000500"",""retrievedAt"":""2026-09-30T22:08:43.866Z"",""locator"":{""seriesKey"":""TS_GP_BAM_M2_W.M000500"",""observationDate"":""2023-05-26"",""row"":174,""column"":5,""columns"":{""seriesKey"":2,""date"":4,""value"":5,""unit"":6,""status"":7,""comments"":8}},""rawValue"":""14.97945""}"
m2_yoy,2023-06,2023-06-30,15.57,Percent,not-stated,Normal,,,"{""artifactId"":""TS_GP_BAM_M2_W.M000500:7444a080f8be6371f09723db255868916a4508c43077a03b816402e73032500b:d9fb73e30aff"",""sourceKey"":""TS_GP_BAM_M2_W.M000500"",""retrievedAt"":""2026-09-30T22:08:43.866Z"",""locator"":{""seriesKey"":""TS_GP_BAM_M2_W.M000500"",""observationDate"":""2023-06-30"",""row"":169,""column"":5,""columns"":{""seriesKey"":2,""date"":4,""value"":5,""unit"":6,""status"":7,""comments"":8}},""rawValue"":""15.569497""}"
m2_yoy,2023-07,2023-07-28,14.48,Percent,not-stated,Normal,,,"{""artifactId"":""TS_GP_BAM_M2_W.M000500:7444a080f8be6371f09723db255868916a4508c43077a03b816402e73032500b:d9fb73e30aff"",""sourceKey"":""TS_GP_BAM_M2_W.M000500"",""retrievedAt"":""2026-09-30T22:08:43.866Z"",""locator"":{""seriesKey"":""TS_GP_BAM_M2_W.M000500"",""observationDate"":""2023-07-28"",""row"":165,""column"":5,""columns"":{""seriesKey"":2,""date"":4,""value"":5,""unit"":6,""status"":7,""comments"":8}},""rawValue"":""14.47744642""}"
m2_yoy,2023-08,2023-08-25,14.97,Percent,not-stated,Normal,,,"{""artifactId"":""TS_GP_BAM_M2_W.M000500:7444a080f8be6371f09723db255868916a4508c43077a03b816402e73032500b:d9fb73e30aff"",""sourceKey"":""TS_GP_BAM_M2_W.M000500"",""retrievedAt"":""2026-09-30T22:08:43.866Z"",""locator"":{""seriesKey"":""TS_GP_BAM_M2_W.M000500"",""observationDate"":""2023-08-25"",""row"":161,""column"":5,""columns"":{""seriesKey"":2,""date"":4,""value"":5,""unit"":6,""status"":7,""comments"":8}},""rawValue"":""14.96999143""}"
m2_yoy,2023-09,2023-09-29,14.11,Percent,not-stated,Normal,,,"{""artifactId"":""TS_GP_BAM_M2_W.M000500:7444a080f8be6371f09723db255868916a4508c43077a03b816402e73032500b:d9fb73e30aff"",""sourceKey"":""TS_GP_BAM_M2_W.M000500"",""retrievedAt"":""2026-09-30T22:08:43.866Z"",""locator"":{""seriesKey"":""TS_GP_BAM_M2_W.M000500"",""observationDate"":""2023-09-29"",""row"":156,""column"":5,""columns"":{""seriesKey"":2,""date"":4,""value"":5,""unit"":6,""status"":7,""comments"":8}},""rawValue"":""14.11411296""}"
m2_yoy,2023-10,2023-10-27,14.72,Percent,not-stated,Normal,,,"{""artifactId"":""TS_GP_BAM_M2_W.M000500:7444a080f8be6371f09723db255868916a4508c43077a03b816402e73032500b:d9fb73e30aff"",""sourceKey"":""TS_GP_BAM_M2_W.M000500"",""retrievedAt"":""2026-09-30T22:08:43.866Z"",""locator"":{""seriesKey"":""TS_GP_BAM_M2_W.M000500"",""observationDate"":""2023-10-27"",""row"":152,""column"":5,""columns"":{""seriesKey"":2,""date"":4,""value"":5,""unit"":6,""status"":7,""comments"":8}},""rawValue"":""14.71601993""}"
m2_yoy,2023-11,2023-11-24,15.35,Percent,not-stated,Normal,,,"{""artifactId"":""TS_GP_BAM_M2_W.M000500:7444a080f8be6371f09723db255868916a4508c43077a03b816402e73032500b:d9fb73e30aff"",""sourceKey"":""TS_GP_BAM_M2_W.M000500"",""retrievedAt"":""2026-09-30T22:08:43.866Z"",""locator"":{""seriesKey"":""TS_GP_BAM_M2_W.M000500"",""observationDate"":""2023-11-24"",""row"":148,""column"":5,""columns"":{""seriesKey"":2,""date"":4,""value"":5,""unit"":6,""status"":7,""comments"":8}},""rawValue"":""15.35345226""}"
m2_yoy,2023-12,2023-12-29,19.7,Percent,not-stated,Normal,,,"{""artifactId"":""TS_GP_BAM_M2_W.M000500:7444a080f8be6371f09723db255868916a4508c43077a03b816402e73032500b:d9fb73e30aff"",""sourceKey"":""TS_GP_BAM_M2_W.M000500"",""retrievedAt"":""2026-09-30T22:08:43.866Z"",""locator"":{""seriesKey"":""TS_GP_BAM_M2_W.M000500"",""observationDate"":""2023-12-29"",""row"":143,""column"":5,""columns"":{""seriesKey"":2,""date"":4,""value"":5,""unit"":6,""status"":7,""comments"":8}},""rawValue"":""19.70088668""}"
m2_yoy,2024-01,2024-01-26,16.94,Percent,not-stated,Normal,,,"{""artifactId"":""TS_GP_BAM_M2_W.M000500:7444a080f8be6371f09723db255868916a4508c43077a03b816402e73032500b:d9fb73e30aff"",""sourceKey"":""TS_GP_BAM_M2_W.M000500"",""retrievedAt"":""2026-09-30T22:08:43.866Z"",""locator"":{""seriesKey"":""TS_GP_BAM_M2_W.M000500"",""observationDate"":""2024-01-26"",""row"":139,""column"":5,""columns"":{""seriesKey"":2,""date"":4,""value"":5,""unit"":6,""status"":7,""comments"":8}},""rawValue"":""16.93533376""}"
m2_yoy,2024-02,2024-02-23,16.97,Percent,not-stated,Normal,,,"{""artifactId"":""TS_GP_BAM_M2_W.M000500:7444a080f8be6371f09723db255868916a4508c43077a03b816402e73032500b:d9fb73e30aff"",""sourceKey"":""TS_GP_BAM_M2_W.M000500"",""retrievedAt"":""2026-09-30T22:08:43.866Z"",""locator"":{""seriesKey"":""TS_GP_BAM_M2_W.M000500"",""observationDate"":""2024-02-23"",""row"":135,""column"":5,""columns"":{""seriesKey"":2,""date"":4,""value"":5,""unit"":6,""status"":7,""comments"":8}},""rawValue"":""16.96709923""}"
m2_yoy,2024-03,2024-03-29,16.62,Percent,not-stated,Normal,,,"{""artifactId"":""TS_GP_BAM_M2_W.M000500:7444a080f8be6371f09723db255868916a4508c43077a03b816402e73032500b:d9fb73e30aff"",""sourceKey"":""TS_GP_BAM_M2_W.M000500"",""retrievedAt"":""2026-09-30T22:08:43.866Z"",""locator"":{""seriesKey"":""TS_GP_BAM_M2_W.M000500"",""observationDate"":""2024-03-29"",""row"":130,""column"":5,""columns"":{""seriesKey"":2,""date"":4,""value"":5,""unit"":6,""status"":7,""comments"":8}},""rawValue"":""16.61731467""}"
m2_yoy,2024-04,2024-04-26,13.65,Percent,not-stated,Normal,,,"{""artifactId"":""TS_GP_BAM_M2_W.M000500:7444a080f8be6371f09723db255868916a4508c43077a03b816402e73032500b:d9fb73e30aff"",""sourceKey"":""TS_GP_BAM_M2_W.M000500"",""retrievedAt"":""2026-09-30T22:08:43.866Z"",""locator"":{""seriesKey"":""TS_GP_BAM_M2_W.M000500"",""observationDate"":""2024-04-26"",""row"":126,""column"":5,""columns"":{""seriesKey"":2,""date"":4,""value"":5,""unit"":6,""status"":7,""comments"":8}},""rawValue"":""13.64685111""}"
m2_yoy,2024-05,2024-05-31,15,Percent,not-stated,Normal,,,"{""artifactId"":""TS_GP_BAM_M2_W.M000500:7444a080f8be6371f09723db255868916a4508c43077a03b816402e73032500b:d9fb73e30aff"",""sourceKey"":""TS_GP_BAM_M2_W.M000500"",""retrievedAt"":""2026-09-30T22:08:43.866Z"",""locator"":{""seriesKey"":""TS_GP_BAM_M2_W.M000500"",""observationDate"":""2024-05-31"",""row"":121,""column"":5,""columns"":{""seriesKey"":2,""date"":4,""value"":5,""unit"":6,""status"":7,""comments"":8}},""rawValue"":""14.99779477""}"
m2_yoy,2024-06,2024-06-28,15.03,Percent,not-stated,Normal,,,"{""artifactId"":""TS_GP_BAM_M2_W.M000500:7444a080f8be6371f09723db255868916a4508c43077a03b816402e73032500b:d9fb73e30aff"",""sourceKey"":""TS_GP_BAM_M2_W.M000500"",""retrievedAt"":""2026-09-30T22:08:43.866Z"",""locator"":{""seriesKey"":""TS_GP_BAM_M2_W.M000500"",""observationDate"":""2024-06-28"",""row"":117,""column"":5,""columns"":{""seriesKey"":2,""date"":4,""value"":5,""unit"":6,""status"":7,""comments"":8}},""rawValue"":""15.03400565""}"
m2_yoy,2024-07,2024-07-26,13.99,Percent,not-stated,Normal,,,"{""artifactId"":""TS_GP_BAM_M2_W.M000500:7444a080f8be6371f09723db255868916a4508c43077a03b816402e73032500b:d9fb73e30aff"",""sourceKey"":""TS_GP_BAM_M2_W.M000500"",""retrievedAt"":""2026-09-30T22:08:43.866Z"",""locator"":{""seriesKey"":""TS_GP_BAM_M2_W.M000500"",""observationDate"":""2024-07-26"",""row"":113,""column"":5,""columns"":{""seriesKey"":2,""date"":4,""value"":5,""unit"":6,""status"":7,""comments"":8}},""rawValue"":""13.98823297""}"
m2_yoy,2024-08,2024-08-30,14.74,Percent,not-stated,Normal,,,"{""artifactId"":""TS_GP_BAM_M2_W.M000500:7444a080f8be6371f09723db255868916a4508c43077a03b816402e73032500b:d9fb73e30aff"",""sourceKey"":""TS_GP_BAM_M2_W.M000500"",""retrievedAt"":""2026-09-30T22:08:43.866Z"",""locator"":{""seriesKey"":""TS_GP_BAM_M2_W.M000500"",""observationDate"":""2024-08-30"",""row"":108,""column"":5,""columns"":{""seriesKey"":2,""date"":4,""value"":5,""unit"":6,""status"":7,""comments"":8}},""rawValue"":""14.74056174""}"
m2_yoy,2024-09,2024-09-27,13.77,Percent,not-stated,Normal,,,"{""artifactId"":""TS_GP_BAM_M2_W.M000500:7444a080f8be6371f09723db255868916a4508c43077a03b816402e73032500b:d9fb73e30aff"",""sourceKey"":""TS_GP_BAM_M2_W.M000500"",""retrievedAt"":""2026-09-30T22:08:43.866Z"",""locator"":{""seriesKey"":""TS_GP_BAM_M2_W.M000500"",""observationDate"":""2024-09-27"",""row"":104,""column"":5,""columns"":{""seriesKey"":2,""date"":4,""value"":5,""unit"":6,""status"":7,""comments"":8}},""rawValue"":""13.77029181""}"
m2_yoy,2024-10,2024-10-25,15.11,Percent,not-stated,Normal,,,"{""artifactId"":""TS_GP_BAM_M2_W.M000500:7444a080f8be6371f09723db255868916a4508c43077a03b816402e73032500b:d9fb73e30aff"",""sourceKey"":""TS_GP_BAM_M2_W.M000500"",""retrievedAt"":""2026-09-30T22:08:43.866Z"",""locator"":{""seriesKey"":""TS_GP_BAM_M2_W.M000500"",""observationDate"":""2024-10-25"",""row"":100,""column"":5,""columns"":{""seriesKey"":2,""date"":4,""value"":5,""unit"":6,""status"":7,""comments"":8}},""rawValue"":""15.10763591""}"
m2_yoy,2024-11,2024-11-29,13.25,Percent,not-stated,Normal,,,"{""artifactId"":""TS_GP_BAM_M2_W.M000500:7444a080f8be6371f09723db255868916a4508c43077a03b816402e73032500b:d9fb73e30aff"",""sourceKey"":""TS_GP_BAM_M2_W.M000500"",""retrievedAt"":""2026-09-30T22:08:43.866Z"",""locator"":{""seriesKey"":""TS_GP_BAM_M2_W.M000500"",""observationDate"":""2024-11-29"",""row"":95,""column"":5,""columns"":{""seriesKey"":2,""date"":4,""value"":5,""unit"":6,""status"":7,""comments"":8}},""rawValue"":""13.2529305""}"
m2_yoy,2024-12,2024-12-27,9.82,Percent,not-stated,Normal,,,"{""artifactId"":""TS_GP_BAM_M2_W.M000500:7444a080f8be6371f09723db255868916a4508c43077a03b816402e73032500b:d9fb73e30aff"",""sourceKey"":""TS_GP_BAM_M2_W.M000500"",""retrievedAt"":""2026-09-30T22:08:43.866Z"",""locator"":{""seriesKey"":""TS_GP_BAM_M2_W.M000500"",""observationDate"":""2024-12-27"",""row"":91,""column"":5,""columns"":{""seriesKey"":2,""date"":4,""value"":5,""unit"":6,""status"":7,""comments"":8}},""rawValue"":""9.818856954""}"
m2_yoy,2025-01,2025-01-31,12.26,Percent,not-stated,Normal,,,"{""artifactId"":""TS_GP_BAM_M2_W.M000500:7444a080f8be6371f09723db255868916a4508c43077a03b816402e73032500b:d9fb73e30aff"",""sourceKey"":""TS_GP_BAM_M2_W.M000500"",""retrievedAt"":""2026-09-30T22:08:43.866Z"",""locator"":{""seriesKey"":""TS_GP_BAM_M2_W.M000500"",""observationDate"":""2025-01-31"",""row"":86,""column"":5,""columns"":{""seriesKey"":2,""date"":4,""value"":5,""unit"":6,""status"":7,""comments"":8}},""rawValue"":""12.25913833""}"
m2_yoy,2025-02,2025-02-28,11.4,Percent,not-stated,Normal,,,"{""artifactId"":""TS_GP_BAM_M2_W.M000500:7444a080f8be6371f09723db255868916a4508c43077a03b816402e73032500b:d9fb73e30aff"",""sourceKey"":""TS_GP_BAM_M2_W.M000500"",""retrievedAt"":""2026-09-30T22:08:43.866Z"",""locator"":{""seriesKey"":""TS_GP_BAM_M2_W.M000500"",""observationDate"":""2025-02-28"",""row"":82,""column"":5,""columns"":{""seriesKey"":2,""date"":4,""value"":5,""unit"":6,""status"":7,""comments"":8}},""rawValue"":""11.40451048""}"
m2_yoy,2025-03,2025-03-28,13.4,Percent,not-stated,Normal,,,"{""artifactId"":""TS_GP_BAM_M2_W.M000500:7444a080f8be6371f09723db255868916a4508c43077a03b816402e73032500b:d9fb73e30aff"",""sourceKey"":""TS_GP_BAM_M2_W.M000500"",""retrievedAt"":""2026-09-30T22:08:43.866Z"",""locator"":{""seriesKey"":""TS_GP_BAM_M2_W.M000500"",""observationDate"":""2025-03-28"",""row"":78,""column"":5,""columns"":{""seriesKey"":2,""date"":4,""value"":5,""unit"":6,""status"":7,""comments"":8}},""rawValue"":""13.39999955""}"
m2_yoy,2025-04,2025-04-25,12.12,Percent,not-stated,Normal,,,"{""artifactId"":""TS_GP_BAM_M2_W.M000500:7444a080f8be6371f09723db255868916a4508c43077a03b816402e73032500b:d9fb73e30aff"",""sourceKey"":""TS_GP_BAM_M2_W.M000500"",""retrievedAt"":""2026-09-30T22:08:43.866Z"",""locator"":{""seriesKey"":""TS_GP_BAM_M2_W.M000500"",""observationDate"":""2025-04-25"",""row"":74,""column"":5,""columns"":{""seriesKey"":2,""date"":4,""value"":5,""unit"":6,""status"":7,""comments"":8}},""rawValue"":""12.12361357""}"
m2_yoy,2025-05,2025-05-30,12.37,Percent,not-stated,Normal,,,"{""artifactId"":""TS_GP_BAM_M2_W.M000500:7444a080f8be6371f09723db255868916a4508c43077a03b816402e73032500b:d9fb73e30aff"",""sourceKey"":""TS_GP_BAM_M2_W.M000500"",""retrievedAt"":""2026-09-30T22:08:43.866Z"",""locator"":{""seriesKey"":""TS_GP_BAM_M2_W.M000500"",""observationDate"":""2025-05-30"",""row"":69,""column"":5,""columns"":{""seriesKey"":2,""date"":4,""value"":5,""unit"":6,""status"":7,""comments"":8}},""rawValue"":""12.37068509""}"
m2_yoy,2025-06,2025-06-27,-11.02,Percent,not-stated,Normal,,,"{""artifactId"":""TS_GP_BAM_M2_W.M000500:7444a080f8be6371f09723db255868916a4508c43077a03b816402e73032500b:d9fb73e30aff"",""sourceKey"":""TS_GP_BAM_M2_W.M000500"",""retrievedAt"":""2026-09-30T22:08:43.866Z"",""locator"":{""seriesKey"":""TS_GP_BAM_M2_W.M000500"",""observationDate"":""2025-06-27"",""row"":65,""column"":5,""columns"":{""seriesKey"":2,""date"":4,""value"":5,""unit"":6,""status"":7,""comments"":8}},""rawValue"":""-11.01687747""}"
m2_yoy,2025-07,2025-07-25,13.3,Percent,not-stated,Normal,,,"{""artifactId"":""TS_GP_BAM_M2_W.M000500:7444a080f8be6371f09723db255868916a4508c43077a03b816402e73032500b:d9fb73e30aff"",""sourceKey"":""TS_GP_BAM_M2_W.M000500"",""retrievedAt"":""2026-09-30T22:08:43.866Z"",""locator"":{""seriesKey"":""TS_GP_BAM_M2_W.M000500"",""observationDate"":""2025-07-25"",""row"":61,""column"":5,""columns"":{""seriesKey"":2,""date"":4,""value"":5,""unit"":6,""status"":7,""comments"":8}},""rawValue"":""13.30448704""}"
m2_yoy,2025-08,2025-08-29,12.57,Percent,not-stated,Normal,,,"{""artifactId"":""TS_GP_BAM_M2_W.M000500:7444a080f8be6371f09723db255868916a4508c43077a03b816402e73032500b:d9fb73e30aff"",""sourceKey"":""TS_GP_BAM_M2_W.M000500"",""retrievedAt"":""2026-09-30T22:08:43.866Z"",""locator"":{""seriesKey"":""TS_GP_BAM_M2_W.M000500"",""observationDate"":""2025-08-29"",""row"":56,""column"":5,""columns"":{""seriesKey"":2,""date"":4,""value"":5,""unit"":6,""status"":7,""comments"":8}},""rawValue"":""12.56539415""}"
m2_yoy,2025-09,2025-09-26,10.98,Percent,not-stated,Normal,,,"{""artifactId"":""TS_GP_BAM_M2_W.M000500:7444a080f8be6371f09723db255868916a4508c43077a03b816402e73032500b:d9fb73e30aff"",""sourceKey"":""TS_GP_BAM_M2_W.M000500"",""retrievedAt"":""2026-09-30T22:08:43.866Z"",""locator"":{""seriesKey"":""TS_GP_BAM_M2_W.M000500"",""observationDate"":""2025-09-26"",""row"":52,""column"":5,""columns"":{""seriesKey"":2,""date"":4,""value"":5,""unit"":6,""status"":7,""comments"":8}},""rawValue"":""10.98486136""}"
m2_yoy,2025-10,2025-10-31,13.15,Percent,not-stated,Normal,,,"{""artifactId"":""TS_GP_BAM_M2_W.M000500:7444a080f8be6371f09723db255868916a4508c43077a03b816402e73032500b:d9fb73e30aff"",""sourceKey"":""TS_GP_BAM_M2_W.M000500"",""retrievedAt"":""2026-09-30T22:08:43.866Z"",""locator"":{""seriesKey"":""TS_GP_BAM_M2_W.M000500"",""observationDate"":""2025-10-31"",""row"":47,""column"":5,""columns"":{""seriesKey"":2,""date"":4,""value"":5,""unit"":6,""status"":7,""comments"":8}},""rawValue"":""13.14614692""}"
m2_yoy,2025-11,2025-11-28,14.35,Percent,not-stated,Normal,,,"{""artifactId"":""TS_GP_BAM_M2_W.M000500:7444a080f8be6371f09723db255868916a4508c43077a03b816402e73032500b:d9fb73e30aff"",""sourceKey"":""TS_GP_BAM_M2_W.M000500"",""retrievedAt"":""2026-09-30T22:08:43.866Z"",""locator"":{""seriesKey"":""TS_GP_BAM_M2_W.M000500"",""observationDate"":""2025-11-28"",""row"":43,""column"":5,""columns"":{""seriesKey"":2,""date"":4,""value"":5,""unit"":6,""status"":7,""comments"":8}},""rawValue"":""14.35430973""}"
m2_yoy,2025-12,2025-12-26,16.66,Percent,not-stated,Normal,,,"{""artifactId"":""TS_GP_BAM_M2_W.M000500:7444a080f8be6371f09723db255868916a4508c43077a03b816402e73032500b:d9fb73e30aff"",""sourceKey"":""TS_GP_BAM_M2_W.M000500"",""retrievedAt"":""2026-09-30T22:08:43.866Z"",""locator"":{""seriesKey"":""TS_GP_BAM_M2_W.M000500"",""observationDate"":""2025-12-26"",""row"":39,""column"":5,""columns"":{""seriesKey"":2,""date"":4,""value"":5,""unit"":6,""status"":7,""comments"":8}},""rawValue"":""16.65920446""}"
m2_yoy,2026-01,2026-01-30,18.58,Percent,not-stated,Normal,,,"{""artifactId"":""TS_GP_BAM_M2_W.M000500:7444a080f8be6371f09723db255868916a4508c43077a03b816402e73032500b:d9fb73e30aff"",""sourceKey"":""TS_GP_BAM_M2_W.M000500"",""retrievedAt"":""2026-09-30T22:08:43.866Z"",""locator"":{""seriesKey"":""TS_GP_BAM_M2_W.M000500"",""observationDate"":""2026-01-30"",""row"":34,""column"":5,""columns"":{""seriesKey"":2,""date"":4,""value"":5,""unit"":6,""status"":7,""comments"":8}},""rawValue"":""18.58340644""}"
m2_yoy,2026-02,2026-02-27,17.18,Percent,not-stated,Normal,,,"{""artifactId"":""TS_GP_BAM_M2_W.M000500:7444a080f8be6371f09723db255868916a4508c43077a03b816402e73032500b:d9fb73e30aff"",""sourceKey"":""TS_GP_BAM_M2_W.M000500"",""retrievedAt"":""2026-09-30T22:08:43.866Z"",""locator"":{""seriesKey"":""TS_GP_BAM_M2_W.M000500"",""observationDate"":""2026-02-27"",""row"":30,""column"":5,""columns"":{""seriesKey"":2,""date"":4,""value"":5,""unit"":6,""status"":7,""comments"":8}},""rawValue"":""17.1761525""}"
m2_yoy,2026-03,2026-03-27,13.74,Percent,not-stated,Normal,,,"{""artifactId"":""TS_GP_BAM_M2_W.M000500:7444a080f8be6371f09723db255868916a4508c43077a03b816402e73032500b:d9fb73e30aff"",""sourceKey"":""TS_GP_BAM_M2_W.M000500"",""retrievedAt"":""2026-09-30T22:08:43.866Z"",""locator"":{""seriesKey"":""TS_GP_BAM_M2_W.M000500"",""observationDate"":""2026-03-27"",""row"":26,""column"":5,""columns"":{""seriesKey"":2,""date"":4,""value"":5,""unit"":6,""status"":7,""comments"":8}},""rawValue"":""13.74272158""}"
m2_yoy,2026-04,2026-04-24,12.91,Percent,not-stated,Normal,,,"{""artifactId"":""TS_GP_BAM_M2_W.M000500:7444a080f8be6371f09723db255868916a4508c43077a03b816402e73032500b:d9fb73e30aff"",""sourceKey"":""TS_GP_BAM_M2_W.M000500"",""retrievedAt"":""2026-09-30T22:08:43.866Z"",""locator"":{""seriesKey"":""TS_GP_BAM_M2_W.M000500"",""observationDate"":""2026-04-24"",""row"":22,""column"":5,""columns"":{""seriesKey"":2,""date"":4,""value"":5,""unit"":6,""status"":7,""comments"":8}},""rawValue"":""12.91214222""}"
m2_yoy,2026-05,2026-05-29,14.9,Percent,not-stated,Normal,,,"{""artifactId"":""TS_GP_BAM_M2_W.M000500:7444a080f8be6371f09723db255868916a4508c43077a03b816402e73032500b:d9fb73e30aff"",""sourceKey"":""TS_GP_BAM_M2_W.M000500"",""retrievedAt"":""2026-09-30T22:08:43.866Z"",""locator"":{""seriesKey"":""TS_GP_BAM_M2_W.M000500"",""observationDate"":""2026-05-29"",""row"":17,""column"":5,""columns"":{""seriesKey"":2,""date"":4,""value"":5,""unit"":6,""status"":7,""comments"":8}},""rawValue"":""14.90184032""}"
m2_yoy,2026-06,2026-06-26,11.93,Percent,not-stated,Normal,,,"{""artifactId"":""TS_GP_BAM_M2_W.M000500:7444a080f8be6371f09723db255868916a4508c43077a03b816402e73032500b:d9fb73e30aff"",""sourceKey"":""TS_GP_BAM_M2_W.M000500"",""retrievedAt"":""2026-09-30T22:08:43.866Z"",""locator"":{""seriesKey"":""TS_GP_BAM_M2_W.M000500"",""observationDate"":""2026-06-26"",""row"":13,""column"":5,""columns"":{""seriesKey"":2,""date"":4,""value"":5,""unit"":6,""status"":7,""comments"":8}},""rawValue"":""11.93238513""}"
m2_yoy,2026-07,2026-07-31,13.31,Percent,not-stated,Normal,,,"{""artifactId"":""TS_GP_BAM_M2_W.M000500:7444a080f8be6371f09723db255868916a4508c43077a03b816402e73032500b:d9fb73e30aff"",""sourceKey"":""TS_GP_BAM_M2_W.M000500"",""retrievedAt"":""2026-09-30T22:08:43.866Z"",""locator"":{""seriesKey"":""TS_GP_BAM_M2_W.M000500"",""observationDate"":""2026-07-31"",""row"":8,""column"":5,""columns"":{""seriesKey"":2,""date"":4,""value"":5,""unit"":6,""status"":7,""comments"":8}},""rawValue"":""13.31118912""}"
m2_yoy,2026-08,2026-08-28,11.58,Percent,not-stated,Normal,,,"{""artifactId"":""TS_GP_BAM_M2_W.M000500:7444a080f8be6371f09723db255868916a4508c43077a03b816402e73032500b:d9fb73e30aff"",""sourceKey"":""TS_GP_BAM_M2_W.M000500"",""retrievedAt"":""2026-09-30T22:08:43.866Z"",""locator"":{""seriesKey"":""TS_GP_BAM_M2_W.M000500"",""observationDate"":""2026-08-28"",""row"":4,""column"":5,""columns"":{""seriesKey"":2,""date"":4,""value"":5,""unit"":6,""status"":7,""comments"":8}},""rawValue"":""11.57814524""}"
m2_yoy,2026-09,2026-09-18,12.89,Percent,not-stated,Normal,,,"{""artifactId"":""TS_GP_BAM_M2_W.M000500:7444a080f8be6371f09723db255868916a4508c43077a03b816402e73032500b:d9fb73e30aff"",""sourceKey"":""TS_GP_BAM_M2_W.M000500"",""retrievedAt"":""2026-09-30T22:08:43.866Z"",""locator"":{""seriesKey"":""TS_GP_BAM_M2_W.M000500"",""observationDate"":""2026-09-18"",""row"":1,""column"":5,""columns"":{""seriesKey"":2,""date"":4,""value"":5,""unit"":6,""status"":7,""comments"":8}},""rawValue"":""12.88518862""}"
credit_private,2021-10,2021-10-29,7165729.94,Million PKR,not-stated,Normal,,,"{""artifactId"":""TS_GP_BAM_M2_W.M000340:0931720cdc9e641c3e3cf0eff0bdfe87de23fa65c588d8e2720dd738cd5c792f:0926e16b68da"",""sourceKey"":""TS_GP_BAM_M2_W.M000340"",""retrievedAt"":""2026-09-30T22:08:44.330Z"",""locator"":{""seriesKey"":""TS_GP_BAM_M2_W.M000340"",""observationDate"":""2021-10-29"",""row"":256,""column"":5,""columns"":{""seriesKey"":2,""date"":4,""value"":5,""unit"":6,""status"":7,""comments"":8}},""rawValue"":""7165729.94""}"
credit_private,2021-11,2021-11-26,7395944.33,Million PKR,not-stated,Normal,,,"{""artifactId"":""TS_GP_BAM_M2_W.M000340:0931720cdc9e641c3e3cf0eff0bdfe87de23fa65c588d8e2720dd738cd5c792f:0926e16b68da"",""sourceKey"":""TS_GP_BAM_M2_W.M000340"",""retrievedAt"":""2026-09-30T22:08:44.330Z"",""locator"":{""seriesKey"":""TS_GP_BAM_M2_W.M000340"",""observationDate"":""2021-11-26"",""row"":252,""column"":5,""columns"":{""seriesKey"":2,""date"":4,""value"":5,""unit"":6,""status"":7,""comments"":8}},""rawValue"":""7395944.331""}"
credit_private,2021-12,2021-12-31,7827719.59,Million PKR,not-stated,Normal,,,"{""artifactId"":""TS_GP_BAM_M2_W.M000340:0931720cdc9e641c3e3cf0eff0bdfe87de23fa65c588d8e2720dd738cd5c792f:0926e16b68da"",""sourceKey"":""TS_GP_BAM_M2_W.M000340"",""retrievedAt"":""2026-09-30T22:08:44.330Z"",""locator"":{""seriesKey"":""TS_GP_BAM_M2_W.M000340"",""observationDate"":""2021-12-31"",""row"":247,""column"":5,""columns"":{""seriesKey"":2,""date"":4,""value"":5,""unit"":6,""status"":7,""comments"":8}},""rawValue"":""7827719.587""}"
credit_private,2022-01,2022-01-28,7623249.66,Million PKR,not-stated,Normal,,,"{""artifactId"":""TS_GP_BAM_M2_W.M000340:0931720cdc9e641c3e3cf0eff0bdfe87de23fa65c588d8e2720dd738cd5c792f:0926e16b68da"",""sourceKey"":""TS_GP_BAM_M2_W.M000340"",""retrievedAt"":""2026-09-30T22:08:44.330Z"",""locator"":{""seriesKey"":""TS_GP_BAM_M2_W.M000340"",""observationDate"":""2022-01-28"",""row"":243,""column"":5,""columns"":{""seriesKey"":2,""date"":4,""value"":5,""unit"":6,""status"":7,""comments"":8}},""rawValue"":""7623249.659""}"
credit_private,2022-02,2022-02-25,7711490.67,Million PKR,not-stated,Normal,,,"{""artifactId"":""TS_GP_BAM_M2_W.M000340:0931720cdc9e641c3e3cf0eff0bdfe87de23fa65c588d8e2720dd738cd5c792f:0926e16b68da"",""sourceKey"":""TS_GP_BAM_M2_W.M000340"",""retrievedAt"":""2026-09-30T22:08:44.330Z"",""locator"":{""seriesKey"":""TS_GP_BAM_M2_W.M000340"",""observationDate"":""2022-02-25"",""row"":239,""column"":5,""columns"":{""seriesKey"":2,""date"":4,""value"":5,""unit"":6,""status"":7,""comments"":8}},""rawValue"":""7711490.668""}"
credit_private,2022-03,2022-03-25,7777595.14,Million PKR,not-stated,Normal,,,"{""artifactId"":""TS_GP_BAM_M2_W.M000340:0931720cdc9e641c3e3cf0eff0bdfe87de23fa65c588d8e2720dd738cd5c792f:0926e16b68da"",""sourceKey"":""TS_GP_BAM_M2_W.M000340"",""retrievedAt"":""2026-09-30T22:08:44.330Z"",""locator"":{""seriesKey"":""TS_GP_BAM_M2_W.M000340"",""observationDate"":""2022-03-25"",""row"":235,""column"":5,""columns"":{""seriesKey"":2,""date"":4,""value"":5,""unit"":6,""status"":7,""comments"":8}},""rawValue"":""7777595.139""}"
credit_private,2022-04,2022-04-29,8082633.5,Million PKR,not-stated,Normal,,,"{""artifactId"":""TS_GP_BAM_M2_W.M000340:0931720cdc9e641c3e3cf0eff0bdfe87de23fa65c588d8e2720dd738cd5c792f:0926e16b68da"",""sourceKey"":""TS_GP_BAM_M2_W.M000340"",""retrievedAt"":""2026-09-30T22:08:44.330Z"",""locator"":{""seriesKey"":""TS_GP_BAM_M2_W.M000340"",""observationDate"":""2022-04-29"",""row"":230,""column"":5,""columns"":{""seriesKey"":2,""date"":4,""value"":5,""unit"":6,""status"":7,""comments"":8}},""rawValue"":""8082633.501""}"
credit_private,2022-05,2022-05-27,8170900.22,Million PKR,not-stated,Normal,,,"{""artifactId"":""TS_GP_BAM_M2_W.M000340:0931720cdc9e641c3e3cf0eff0bdfe87de23fa65c588d8e2720dd738cd5c792f:0926e16b68da"",""sourceKey"":""TS_GP_BAM_M2_W.M000340"",""retrievedAt"":""2026-09-30T22:08:44.330Z"",""locator"":{""seriesKey"":""TS_GP_BAM_M2_W.M000340"",""observationDate"":""2022-05-27"",""row"":226,""column"":5,""columns"":{""seriesKey"":2,""date"":4,""value"":5,""unit"":6,""status"":7,""comments"":8}},""rawValue"":""8170900.219""}"
credit_private,2022-06,2022-06-24,8200528.08,Million PKR,not-stated,Normal,,,"{""artifactId"":""TS_GP_BAM_M2_W.M000340:0931720cdc9e641c3e3cf0eff0bdfe87de23fa65c588d8e2720dd738cd5c792f:0926e16b68da"",""sourceKey"":""TS_GP_BAM_M2_W.M000340"",""retrievedAt"":""2026-09-30T22:08:44.330Z"",""locator"":{""seriesKey"":""TS_GP_BAM_M2_W.M000340"",""observationDate"":""2022-06-24"",""row"":222,""column"":5,""columns"":{""seriesKey"":2,""date"":4,""value"":5,""unit"":6,""status"":7,""comments"":8}},""rawValue"":""8200528.084""}"
credit_private,2022-07,2022-07-29,8217886.25,Million PKR,not-stated,Normal,,,"{""artifactId"":""TS_GP_BAM_M2_W.M000340:0931720cdc9e641c3e3cf0eff0bdfe87de23fa65c588d8e2720dd738cd5c792f:0926e16b68da"",""sourceKey"":""TS_GP_BAM_M2_W.M000340"",""retrievedAt"":""2026-09-30T22:08:44.330Z"",""locator"":{""seriesKey"":""TS_GP_BAM_M2_W.M000340"",""observationDate"":""2022-07-29"",""row"":217,""column"":5,""columns"":{""seriesKey"":2,""date"":4,""value"":5,""unit"":6,""status"":7,""comments"":8}},""rawValue"":""8217886.253""}"
credit_private,2022-08,2022-08-26,8314129.28,Million PKR,not-stated,Normal,,,"{""artifactId"":""TS_GP_BAM_M2_W.M000340:0931720cdc9e641c3e3cf0eff0bdfe87de23fa65c588d8e2720dd738cd5c792f:0926e16b68da"",""sourceKey"":""TS_GP_BAM_M2_W.M000340"",""retrievedAt"":""2026-09-30T22:08:44.330Z"",""locator"":{""seriesKey"":""TS_GP_BAM_M2_W.M000340"",""observationDate"":""2022-08-26"",""row"":213,""column"":5,""columns"":{""seriesKey"":2,""date"":4,""value"":5,""unit"":6,""status"":7,""comments"":8}},""rawValue"":""8314129.283""}"
credit_private,2022-09,2022-09-30,8537395.15,Million PKR,not-stated,Normal,,,"{""artifactId"":""TS_GP_BAM_M2_W.M000340:0931720cdc9e641c3e3cf0eff0bdfe87de23fa65c588d8e2720dd738cd5c792f:0926e16b68da"",""sourceKey"":""TS_GP_BAM_M2_W.M000340"",""retrievedAt"":""2026-09-30T22:08:44.330Z"",""locator"":{""seriesKey"":""TS_GP_BAM_M2_W.M000340"",""observationDate"":""2022-09-30"",""row"":208,""column"":5,""columns"":{""seriesKey"":2,""date"":4,""value"":5,""unit"":6,""status"":7,""comments"":8}},""rawValue"":""8537395.145""}"
credit_private,2022-10,2022-10-28,8472762.65,Million PKR,not-stated,Normal,,,"{""artifactId"":""TS_GP_BAM_M2_W.M000340:0931720cdc9e641c3e3cf0eff0bdfe87de23fa65c588d8e2720dd738cd5c792f:0926e16b68da"",""sourceKey"":""TS_GP_BAM_M2_W.M000340"",""retrievedAt"":""2026-09-30T22:08:44.330Z"",""locator"":{""seriesKey"":""TS_GP_BAM_M2_W.M000340"",""observationDate"":""2022-10-28"",""row"":204,""column"":5,""columns"":{""seriesKey"":2,""date"":4,""value"":5,""unit"":6,""status"":7,""comments"":8}},""rawValue"":""8472762.649""}"
credit_private,2022-11,2022-11-25,8316469.03,Million PKR,not-stated,Normal,,,"{""artifactId"":""TS_GP_BAM_M2_W.M000340:0931720cdc9e641c3e3cf0eff0bdfe87de23fa65c588d8e2720dd738cd5c792f:0926e16b68da"",""sourceKey"":""TS_GP_BAM_M2_W.M000340"",""retrievedAt"":""2026-09-30T22:08:44.330Z"",""locator"":{""seriesKey"":""TS_GP_BAM_M2_W.M000340"",""observationDate"":""2022-11-25"",""row"":200,""column"":5,""columns"":{""seriesKey"":2,""date"":4,""value"":5,""unit"":6,""status"":7,""comments"":8}},""rawValue"":""8316469.031""}"
credit_private,2022-12,2022-12-30,8889770.18,Million PKR,not-stated,Normal,,,"{""artifactId"":""TS_GP_BAM_M2_W.M000340:0931720cdc9e641c3e3cf0eff0bdfe87de23fa65c588d8e2720dd738cd5c792f:0926e16b68da"",""sourceKey"":""TS_GP_BAM_M2_W.M000340"",""retrievedAt"":""2026-09-30T22:08:44.330Z"",""locator"":{""seriesKey"":""TS_GP_BAM_M2_W.M000340"",""observationDate"":""2022-12-30"",""row"":195,""column"":5,""columns"":{""seriesKey"":2,""date"":4,""value"":5,""unit"":6,""status"":7,""comments"":8}},""rawValue"":""8889770.181""}"
credit_private,2023-01,2023-01-27,8676173.54,Million PKR,not-stated,Normal,,,"{""artifactId"":""TS_GP_BAM_M2_W.M000340:0931720cdc9e641c3e3cf0eff0bdfe87de23fa65c588d8e2720dd738cd5c792f:0926e16b68da"",""sourceKey"":""TS_GP_BAM_M2_W.M000340"",""retrievedAt"":""2026-09-30T22:08:44.330Z"",""locator"":{""seriesKey"":""TS_GP_BAM_M2_W.M000340"",""observationDate"":""2023-01-27"",""row"":191,""column"":5,""columns"":{""seriesKey"":2,""date"":4,""value"":5,""unit"":6,""status"":7,""comments"":8}},""rawValue"":""8676173.54""}"
credit_private,2023-02,2023-02-24,8527055.99,Million PKR,not-stated,Normal,,,"{""artifactId"":""TS_GP_BAM_M2_W.M000340:0931720cdc9e641c3e3cf0eff0bdfe87de23fa65c588d8e2720dd738cd5c792f:0926e16b68da"",""sourceKey"":""TS_GP_BAM_M2_W.M000340"",""retrievedAt"":""2026-09-30T22:08:44.330Z"",""locator"":{""seriesKey"":""TS_GP_BAM_M2_W.M000340"",""observationDate"":""2023-02-24"",""row"":187,""column"":5,""columns"":{""seriesKey"":2,""date"":4,""value"":5,""unit"":6,""status"":7,""comments"":8}},""rawValue"":""8527055.994""}"
credit_private,2023-03,2023-03-31,8514640.52,Million PKR,not-stated,Normal,,,"{""artifactId"":""TS_GP_BAM_M2_W.M000340:0931720cdc9e641c3e3cf0eff0bdfe87de23fa65c588d8e2720dd738cd5c792f:0926e16b68da"",""sourceKey"":""TS_GP_BAM_M2_W.M000340"",""retrievedAt"":""2026-09-30T22:08:44.330Z"",""locator"":{""seriesKey"":""TS_GP_BAM_M2_W.M000340"",""observationDate"":""2023-03-31"",""row"":182,""column"":5,""columns"":{""seriesKey"":2,""date"":4,""value"":5,""unit"":6,""status"":7,""comments"":8}},""rawValue"":""8514640.524""}"
credit_private,2023-04,2023-04-28,8441823.33,Million PKR,not-stated,Normal,,,"{""artifactId"":""TS_GP_BAM_M2_W.M000340:0931720cdc9e641c3e3cf0eff0bdfe87de23fa65c588d8e2720dd738cd5c792f:0926e16b68da"",""sourceKey"":""TS_GP_BAM_M2_W.M000340"",""retrievedAt"":""2026-09-30T22:08:44.330Z"",""locator"":{""seriesKey"":""TS_GP_BAM_M2_W.M000340"",""observationDate"":""2023-04-28"",""row"":178,""column"":5,""columns"":{""seriesKey"":2,""date"":4,""value"":5,""unit"":6,""status"":7,""comments"":8}},""rawValue"":""8441823.334""}"
credit_private,2023-05,2023-05-26,8231242.67,Million PKR,not-stated,Normal,,,"{""artifactId"":""TS_GP_BAM_M2_W.M000340:0931720cdc9e641c3e3cf0eff0bdfe87de23fa65c588d8e2720dd738cd5c792f:0926e16b68da"",""sourceKey"":""TS_GP_BAM_M2_W.M000340"",""retrievedAt"":""2026-09-30T22:08:44.330Z"",""locator"":{""seriesKey"":""TS_GP_BAM_M2_W.M000340"",""observationDate"":""2023-05-26"",""row"":174,""column"":5,""columns"":{""seriesKey"":2,""date"":4,""value"":5,""unit"":6,""status"":7,""comments"":8}},""rawValue"":""8231242.67""}"
credit_private,2023-06,2023-06-30,8353946.81,Million PKR,not-stated,Normal,,,"{""artifactId"":""TS_GP_BAM_M2_W.M000340:0931720cdc9e641c3e3cf0eff0bdfe87de23fa65c588d8e2720dd738cd5c792f:0926e16b68da"",""sourceKey"":""TS_GP_BAM_M2_W.M000340"",""retrievedAt"":""2026-09-30T22:08:44.330Z"",""locator"":{""seriesKey"":""TS_GP_BAM_M2_W.M000340"",""observationDate"":""2023-06-30"",""row"":169,""column"":5,""columns"":{""seriesKey"":2,""date"":4,""value"":5,""unit"":6,""status"":7,""comments"":8}},""rawValue"":""8353946.814""}"
credit_private,2023-07,2023-07-28,8163581.43,Million PKR,not-stated,Normal,,,"{""artifactId"":""TS_GP_BAM_M2_W.M000340:0931720cdc9e641c3e3cf0eff0bdfe87de23fa65c588d8e2720dd738cd5c792f:0926e16b68da"",""sourceKey"":""TS_GP_BAM_M2_W.M000340"",""retrievedAt"":""2026-09-30T22:08:44.330Z"",""locator"":{""seriesKey"":""TS_GP_BAM_M2_W.M000340"",""observationDate"":""2023-07-28"",""row"":165,""column"":5,""columns"":{""seriesKey"":2,""date"":4,""value"":5,""unit"":6,""status"":7,""comments"":8}},""rawValue"":""8163581.425""}"
credit_private,2023-08,2023-08-25,8093859.59,Million PKR,not-stated,Normal,,,"{""artifactId"":""TS_GP_BAM_M2_W.M000340:0931720cdc9e641c3e3cf0eff0bdfe87de23fa65c588d8e2720dd738cd5c792f:0926e16b68da"",""sourceKey"":""TS_GP_BAM_M2_W.M000340"",""retrievedAt"":""2026-09-30T22:08:44.330Z"",""locator"":{""seriesKey"":""TS_GP_BAM_M2_W.M000340"",""observationDate"":""2023-08-25"",""row"":161,""column"":5,""columns"":{""seriesKey"":2,""date"":4,""value"":5,""unit"":6,""status"":7,""comments"":8}},""rawValue"":""8093859.59""}"
credit_private,2023-09,2023-09-29,8268656.67,Million PKR,not-stated,Normal,,,"{""artifactId"":""TS_GP_BAM_M2_W.M000340:0931720cdc9e641c3e3cf0eff0bdfe87de23fa65c588d8e2720dd738cd5c792f:0926e16b68da"",""sourceKey"":""TS_GP_BAM_M2_W.M000340"",""retrievedAt"":""2026-09-30T22:08:44.330Z"",""locator"":{""seriesKey"":""TS_GP_BAM_M2_W.M000340"",""observationDate"":""2023-09-29"",""row"":156,""column"":5,""columns"":{""seriesKey"":2,""date"":4,""value"":5,""unit"":6,""status"":7,""comments"":8}},""rawValue"":""8268656.669""}"
credit_private,2023-10,2023-10-27,8337540.07,Million PKR,not-stated,Normal,,,"{""artifactId"":""TS_GP_BAM_M2_W.M000340:0931720cdc9e641c3e3cf0eff0bdfe87de23fa65c588d8e2720dd738cd5c792f:0926e16b68da"",""sourceKey"":""TS_GP_BAM_M2_W.M000340"",""retrievedAt"":""2026-09-30T22:08:44.330Z"",""locator"":{""seriesKey"":""TS_GP_BAM_M2_W.M000340"",""observationDate"":""2023-10-27"",""row"":152,""column"":5,""columns"":{""seriesKey"":2,""date"":4,""value"":5,""unit"":6,""status"":7,""comments"":8}},""rawValue"":""8337540.065""}"
credit_private,2023-11,2023-11-24,8309928.71,Million PKR,not-stated,Normal,,,"{""artifactId"":""TS_GP_BAM_M2_W.M000340:0931720cdc9e641c3e3cf0eff0bdfe87de23fa65c588d8e2720dd738cd5c792f:0926e16b68da"",""sourceKey"":""TS_GP_BAM_M2_W.M000340"",""retrievedAt"":""2026-09-30T22:08:44.330Z"",""locator"":{""seriesKey"":""TS_GP_BAM_M2_W.M000340"",""observationDate"":""2023-11-24"",""row"":148,""column"":5,""columns"":{""seriesKey"":2,""date"":4,""value"":5,""unit"":6,""status"":7,""comments"":8}},""rawValue"":""8309928.709""}"
credit_private,2023-12,2023-12-29,8875716.63,Million PKR,not-stated,Normal,,,"{""artifactId"":""TS_GP_BAM_M2_W.M000340:0931720cdc9e641c3e3cf0eff0bdfe87de23fa65c588d8e2720dd738cd5c792f:0926e16b68da"",""sourceKey"":""TS_GP_BAM_M2_W.M000340"",""retrievedAt"":""2026-09-30T22:08:44.330Z"",""locator"":{""seriesKey"":""TS_GP_BAM_M2_W.M000340"",""observationDate"":""2023-12-29"",""row"":143,""column"":5,""columns"":{""seriesKey"":2,""date"":4,""value"":5,""unit"":6,""status"":7,""comments"":8}},""rawValue"":""8875716.631""}"
credit_private,2024-01,2024-01-26,8583136.93,Million PKR,not-stated,Normal,,,"{""artifactId"":""TS_GP_BAM_M2_W.M000340:0931720cdc9e641c3e3cf0eff0bdfe87de23fa65c588d8e2720dd738cd5c792f:0926e16b68da"",""sourceKey"":""TS_GP_BAM_M2_W.M000340"",""retrievedAt"":""2026-09-30T22:08:44.330Z"",""locator"":{""seriesKey"":""TS_GP_BAM_M2_W.M000340"",""observationDate"":""2024-01-26"",""row"":139,""column"":5,""columns"":{""seriesKey"":2,""date"":4,""value"":5,""unit"":6,""status"":7,""comments"":8}},""rawValue"":""8583136.932""}"
credit_private,2024-02,2024-02-23,8586692.36,Million PKR,not-stated,Normal,,,"{""artifactId"":""TS_GP_BAM_M2_W.M000340:0931720cdc9e641c3e3cf0eff0bdfe87de23fa65c588d8e2720dd738cd5c792f:0926e16b68da"",""sourceKey"":""TS_GP_BAM_M2_W.M000340"",""retrievedAt"":""2026-09-30T22:08:44.330Z"",""locator"":{""seriesKey"":""TS_GP_BAM_M2_W.M000340"",""observationDate"":""2024-02-23"",""row"":135,""column"":5,""columns"":{""seriesKey"":2,""date"":4,""value"":5,""unit"":6,""status"":7,""comments"":8}},""rawValue"":""8586692.359""}"
credit_private,2024-03,2024-03-29,8626636.35,Million PKR,not-stated,Normal,,,"{""artifactId"":""TS_GP_BAM_M2_W.M000340:0931720cdc9e641c3e3cf0eff0bdfe87de23fa65c588d8e2720dd738cd5c792f:0926e16b68da"",""sourceKey"":""TS_GP_BAM_M2_W.M000340"",""retrievedAt"":""2026-09-30T22:08:44.330Z"",""locator"":{""seriesKey"":""TS_GP_BAM_M2_W.M000340"",""observationDate"":""2024-03-29"",""row"":130,""column"":5,""columns"":{""seriesKey"":2,""date"":4,""value"":5,""unit"":6,""status"":7,""comments"":8}},""rawValue"":""8626636.345""}"
credit_private,2024-04,2024-04-26,8562209.77,Million PKR,not-stated,Normal,,,"{""artifactId"":""TS_GP_BAM_M2_W.M000340:0931720cdc9e641c3e3cf0eff0bdfe87de23fa65c588d8e2720dd738cd5c792f:0926e16b68da"",""sourceKey"":""TS_GP_BAM_M2_W.M000340"",""retrievedAt"":""2026-09-30T22:08:44.330Z"",""locator"":{""seriesKey"":""TS_GP_BAM_M2_W.M000340"",""observationDate"":""2024-04-26"",""row"":126,""column"":5,""columns"":{""seriesKey"":2,""date"":4,""value"":5,""unit"":6,""status"":7,""comments"":8}},""rawValue"":""8562209.773""}"
credit_private,2024-05,2024-05-31,8704954.33,Million PKR,not-stated,Normal,,,"{""artifactId"":""TS_GP_BAM_M2_W.M000340:0931720cdc9e641c3e3cf0eff0bdfe87de23fa65c588d8e2720dd738cd5c792f:0926e16b68da"",""sourceKey"":""TS_GP_BAM_M2_W.M000340"",""retrievedAt"":""2026-09-30T22:08:44.330Z"",""locator"":{""seriesKey"":""TS_GP_BAM_M2_W.M000340"",""observationDate"":""2024-05-31"",""row"":121,""column"":5,""columns"":{""seriesKey"":2,""date"":4,""value"":5,""unit"":6,""status"":7,""comments"":8}},""rawValue"":""8704954.331""}"
credit_private,2024-06,2024-06-28,8881236.14,Million PKR,not-stated,Normal,,,"{""artifactId"":""TS_GP_BAM_M2_W.M000340:0931720cdc9e641c3e3cf0eff0bdfe87de23fa65c588d8e2720dd738cd5c792f:0926e16b68da"",""sourceKey"":""TS_GP_BAM_M2_W.M000340"",""retrievedAt"":""2026-09-30T22:08:44.330Z"",""locator"":{""seriesKey"":""TS_GP_BAM_M2_W.M000340"",""observationDate"":""2024-06-28"",""row"":117,""column"":5,""columns"":{""seriesKey"":2,""date"":4,""value"":5,""unit"":6,""status"":7,""comments"":8}},""rawValue"":""8881236.136""}"
credit_private,2024-07,2024-07-26,8525489.11,Million PKR,not-stated,Normal,,,"{""artifactId"":""TS_GP_BAM_M2_W.M000340:0931720cdc9e641c3e3cf0eff0bdfe87de23fa65c588d8e2720dd738cd5c792f:0926e16b68da"",""sourceKey"":""TS_GP_BAM_M2_W.M000340"",""retrievedAt"":""2026-09-30T22:08:44.330Z"",""locator"":{""seriesKey"":""TS_GP_BAM_M2_W.M000340"",""observationDate"":""2024-07-26"",""row"":113,""column"":5,""columns"":{""seriesKey"":2,""date"":4,""value"":5,""unit"":6,""status"":7,""comments"":8}},""rawValue"":""8525489.108""}"
credit_private,2024-08,2024-08-30,8528707.51,Million PKR,not-stated,Normal,,,"{""artifactId"":""TS_GP_BAM_M2_W.M000340:0931720cdc9e641c3e3cf0eff0bdfe87de23fa65c588d8e2720dd738cd5c792f:0926e16b68da"",""sourceKey"":""TS_GP_BAM_M2_W.M000340"",""retrievedAt"":""2026-09-30T22:08:44.330Z"",""locator"":{""seriesKey"":""TS_GP_BAM_M2_W.M000340"",""observationDate"":""2024-08-30"",""row"":108,""column"":5,""columns"":{""seriesKey"":2,""date"":4,""value"":5,""unit"":6,""status"":7,""comments"":8}},""rawValue"":""8528707.512""}"
credit_private,2024-09,2024-09-27,8668743.45,Million PKR,not-stated,Normal,,,"{""artifactId"":""TS_GP_BAM_M2_W.M000340:0931720cdc9e641c3e3cf0eff0bdfe87de23fa65c588d8e2720dd738cd5c792f:0926e16b68da"",""sourceKey"":""TS_GP_BAM_M2_W.M000340"",""retrievedAt"":""2026-09-30T22:08:44.330Z"",""locator"":{""seriesKey"":""TS_GP_BAM_M2_W.M000340"",""observationDate"":""2024-09-27"",""row"":104,""column"":5,""columns"":{""seriesKey"":2,""date"":4,""value"":5,""unit"":6,""status"":7,""comments"":8}},""rawValue"":""8668743.453""}"
credit_private,2024-10,2024-10-25,9392690.52,Million PKR,not-stated,Normal,,,"{""artifactId"":""TS_GP_BAM_M2_W.M000340:0931720cdc9e641c3e3cf0eff0bdfe87de23fa65c588d8e2720dd738cd5c792f:0926e16b68da"",""sourceKey"":""TS_GP_BAM_M2_W.M000340"",""retrievedAt"":""2026-09-30T22:08:44.330Z"",""locator"":{""seriesKey"":""TS_GP_BAM_M2_W.M000340"",""observationDate"":""2024-10-25"",""row"":100,""column"":5,""columns"":{""seriesKey"":2,""date"":4,""value"":5,""unit"":6,""status"":7,""comments"":8}},""rawValue"":""9392690.515""}"
credit_private,2024-11,2024-11-29,10167546.89,Million PKR,not-stated,Normal,,,"{""artifactId"":""TS_GP_BAM_M2_W.M000340:0931720cdc9e641c3e3cf0eff0bdfe87de23fa65c588d8e2720dd738cd5c792f:0926e16b68da"",""sourceKey"":""TS_GP_BAM_M2_W.M000340"",""retrievedAt"":""2026-09-30T22:08:44.330Z"",""locator"":{""seriesKey"":""TS_GP_BAM_M2_W.M000340"",""observationDate"":""2024-11-29"",""row"":95,""column"":5,""columns"":{""seriesKey"":2,""date"":4,""value"":5,""unit"":6,""status"":7,""comments"":8}},""rawValue"":""10167546.89""}"
credit_private,2024-12,2024-12-27,10738335.48,Million PKR,not-stated,Normal,,,"{""artifactId"":""TS_GP_BAM_M2_W.M000340:0931720cdc9e641c3e3cf0eff0bdfe87de23fa65c588d8e2720dd738cd5c792f:0926e16b68da"",""sourceKey"":""TS_GP_BAM_M2_W.M000340"",""retrievedAt"":""2026-09-30T22:08:44.330Z"",""locator"":{""seriesKey"":""TS_GP_BAM_M2_W.M000340"",""observationDate"":""2024-12-27"",""row"":91,""column"":5,""columns"":{""seriesKey"":2,""date"":4,""value"":5,""unit"":6,""status"":7,""comments"":8}},""rawValue"":""10738335.48""}"
credit_private,2025-01,2025-01-31,9884668.19,Million PKR,not-stated,Normal,,,"{""artifactId"":""TS_GP_BAM_M2_W.M000340:0931720cdc9e641c3e3cf0eff0bdfe87de23fa65c588d8e2720dd738cd5c792f:0926e16b68da"",""sourceKey"":""TS_GP_BAM_M2_W.M000340"",""retrievedAt"":""2026-09-30T22:08:44.330Z"",""locator"":{""seriesKey"":""TS_GP_BAM_M2_W.M000340"",""observationDate"":""2025-01-31"",""row"":86,""column"":5,""columns"":{""seriesKey"":2,""date"":4,""value"":5,""unit"":6,""status"":7,""comments"":8}},""rawValue"":""9884668.193""}"
credit_private,2025-02,2025-02-28,9379152.67,Million PKR,not-stated,Normal,,,"{""artifactId"":""TS_GP_BAM_M2_W.M000340:0931720cdc9e641c3e3cf0eff0bdfe87de23fa65c588d8e2720dd738cd5c792f:0926e16b68da"",""sourceKey"":""TS_GP_BAM_M2_W.M000340"",""retrievedAt"":""2026-09-30T22:08:44.330Z"",""locator"":{""seriesKey"":""TS_GP_BAM_M2_W.M000340"",""observationDate"":""2025-02-28"",""row"":82,""column"":5,""columns"":{""seriesKey"":2,""date"":4,""value"":5,""unit"":6,""status"":7,""comments"":8}},""rawValue"":""9379152.667""}"
credit_private,2025-03,2025-03-28,9644552.97,Million PKR,not-stated,Normal,,,"{""artifactId"":""TS_GP_BAM_M2_W.M000340:0931720cdc9e641c3e3cf0eff0bdfe87de23fa65c588d8e2720dd738cd5c792f:0926e16b68da"",""sourceKey"":""TS_GP_BAM_M2_W.M000340"",""retrievedAt"":""2026-09-30T22:08:44.330Z"",""locator"":{""seriesKey"":""TS_GP_BAM_M2_W.M000340"",""observationDate"":""2025-03-28"",""row"":78,""column"":5,""columns"":{""seriesKey"":2,""date"":4,""value"":5,""unit"":6,""status"":7,""comments"":8}},""rawValue"":""9644552.97""}"
credit_private,2025-04,2025-04-25,9572053.81,Million PKR,not-stated,Normal,,,"{""artifactId"":""TS_GP_BAM_M2_W.M000340:0931720cdc9e641c3e3cf0eff0bdfe87de23fa65c588d8e2720dd738cd5c792f:0926e16b68da"",""sourceKey"":""TS_GP_BAM_M2_W.M000340"",""retrievedAt"":""2026-09-30T22:08:44.330Z"",""locator"":{""seriesKey"":""TS_GP_BAM_M2_W.M000340"",""observationDate"":""2025-04-25"",""row"":74,""column"":5,""columns"":{""seriesKey"":2,""date"":4,""value"":5,""unit"":6,""status"":7,""comments"":8}},""rawValue"":""9572053.808""}"
credit_private,2025-05,2025-05-30,9698604.06,Million PKR,not-stated,Normal,,,"{""artifactId"":""TS_GP_BAM_M2_W.M000340:0931720cdc9e641c3e3cf0eff0bdfe87de23fa65c588d8e2720dd738cd5c792f:0926e16b68da"",""sourceKey"":""TS_GP_BAM_M2_W.M000340"",""retrievedAt"":""2026-09-30T22:08:44.330Z"",""locator"":{""seriesKey"":""TS_GP_BAM_M2_W.M000340"",""observationDate"":""2025-05-30"",""row"":69,""column"":5,""columns"":{""seriesKey"":2,""date"":4,""value"":5,""unit"":6,""status"":7,""comments"":8}},""rawValue"":""9698604.063""}"
credit_private,2025-06,2025-06-27,9689583.23,Million PKR,not-stated,Normal,,,"{""artifactId"":""TS_GP_BAM_M2_W.M000340:0931720cdc9e641c3e3cf0eff0bdfe87de23fa65c588d8e2720dd738cd5c792f:0926e16b68da"",""sourceKey"":""TS_GP_BAM_M2_W.M000340"",""retrievedAt"":""2026-09-30T22:08:44.330Z"",""locator"":{""seriesKey"":""TS_GP_BAM_M2_W.M000340"",""observationDate"":""2025-06-27"",""row"":65,""column"":5,""columns"":{""seriesKey"":2,""date"":4,""value"":5,""unit"":6,""status"":7,""comments"":8}},""rawValue"":""9689583.226""}"
credit_private,2025-07,2025-07-25,9689122.72,Million PKR,not-stated,Normal,,,"{""artifactId"":""TS_GP_BAM_M2_W.M000340:0931720cdc9e641c3e3cf0eff0bdfe87de23fa65c588d8e2720dd738cd5c792f:0926e16b68da"",""sourceKey"":""TS_GP_BAM_M2_W.M000340"",""retrievedAt"":""2026-09-30T22:08:44.330Z"",""locator"":{""seriesKey"":""TS_GP_BAM_M2_W.M000340"",""observationDate"":""2025-07-25"",""row"":61,""column"":5,""columns"":{""seriesKey"":2,""date"":4,""value"":5,""unit"":6,""status"":7,""comments"":8}},""rawValue"":""9689122.72""}"
credit_private,2025-08,2025-08-29,9734825,Million PKR,not-stated,Normal,,,"{""artifactId"":""TS_GP_BAM_M2_W.M000340:0931720cdc9e641c3e3cf0eff0bdfe87de23fa65c588d8e2720dd738cd5c792f:0926e16b68da"",""sourceKey"":""TS_GP_BAM_M2_W.M000340"",""retrievedAt"":""2026-09-30T22:08:44.330Z"",""locator"":{""seriesKey"":""TS_GP_BAM_M2_W.M000340"",""observationDate"":""2025-08-29"",""row"":56,""column"":5,""columns"":{""seriesKey"":2,""date"":4,""value"":5,""unit"":6,""status"":7,""comments"":8}},""rawValue"":""9734824.998""}"
credit_private,2025-09,2025-09-26,9749923.69,Million PKR,not-stated,Normal,,,"{""artifactId"":""TS_GP_BAM_M2_W.M000340:0931720cdc9e641c3e3cf0eff0bdfe87de23fa65c588d8e2720dd738cd5c792f:0926e16b68da"",""sourceKey"":""TS_GP_BAM_M2_W.M000340"",""retrievedAt"":""2026-09-30T22:08:44.330Z"",""locator"":{""seriesKey"":""TS_GP_BAM_M2_W.M000340"",""observationDate"":""2025-09-26"",""row"":52,""column"":5,""columns"":{""seriesKey"":2,""date"":4,""value"":5,""unit"":6,""status"":7,""comments"":8}},""rawValue"":""9749923.692""}"
credit_private,2025-10,2025-10-31,9954390.64,Million PKR,not-stated,Normal,,,"{""artifactId"":""TS_GP_BAM_M2_W.M000340:0931720cdc9e641c3e3cf0eff0bdfe87de23fa65c588d8e2720dd738cd5c792f:0926e16b68da"",""sourceKey"":""TS_GP_BAM_M2_W.M000340"",""retrievedAt"":""2026-09-30T22:08:44.330Z"",""locator"":{""seriesKey"":""TS_GP_BAM_M2_W.M000340"",""observationDate"":""2025-10-31"",""row"":47,""column"":5,""columns"":{""seriesKey"":2,""date"":4,""value"":5,""unit"":6,""status"":7,""comments"":8}},""rawValue"":""9954390.642""}"
credit_private,2025-11,2025-11-28,10136507.15,Million PKR,not-stated,Normal,,,"{""artifactId"":""TS_GP_BAM_M2_W.M000340:0931720cdc9e641c3e3cf0eff0bdfe87de23fa65c588d8e2720dd738cd5c792f:0926e16b68da"",""sourceKey"":""TS_GP_BAM_M2_W.M000340"",""retrievedAt"":""2026-09-30T22:08:44.330Z"",""locator"":{""seriesKey"":""TS_GP_BAM_M2_W.M000340"",""observationDate"":""2025-11-28"",""row"":43,""column"":5,""columns"":{""seriesKey"":2,""date"":4,""value"":5,""unit"":6,""status"":7,""comments"":8}},""rawValue"":""10136507.15""}"
credit_private,2025-12,2025-12-26,10342463.44,Million PKR,not-stated,Normal,,,"{""artifactId"":""TS_GP_BAM_M2_W.M000340:0931720cdc9e641c3e3cf0eff0bdfe87de23fa65c588d8e2720dd738cd5c792f:0926e16b68da"",""sourceKey"":""TS_GP_BAM_M2_W.M000340"",""retrievedAt"":""2026-09-30T22:08:44.330Z"",""locator"":{""seriesKey"":""TS_GP_BAM_M2_W.M000340"",""observationDate"":""2025-12-26"",""row"":39,""column"":5,""columns"":{""seriesKey"":2,""date"":4,""value"":5,""unit"":6,""status"":7,""comments"":8}},""rawValue"":""10342463.44""}"
credit_private,2026-01,2026-01-30,10648974.39,Million PKR,not-stated,Normal,,,"{""artifactId"":""TS_GP_BAM_M2_W.M000340:0931720cdc9e641c3e3cf0eff0bdfe87de23fa65c588d8e2720dd738cd5c792f:0926e16b68da"",""sourceKey"":""TS_GP_BAM_M2_W.M000340"",""retrievedAt"":""2026-09-30T22:08:44.330Z"",""locator"":{""seriesKey"":""TS_GP_BAM_M2_W.M000340"",""observationDate"":""2026-01-30"",""row"":34,""column"":5,""columns"":{""seriesKey"":2,""date"":4,""value"":5,""unit"":6,""status"":7,""comments"":8}},""rawValue"":""10648974.39""}"
credit_private,2026-02,2026-02-27,10877144.13,Million PKR,not-stated,Normal,,,"{""artifactId"":""TS_GP_BAM_M2_W.M000340:0931720cdc9e641c3e3cf0eff0bdfe87de23fa65c588d8e2720dd738cd5c792f:0926e16b68da"",""sourceKey"":""TS_GP_BAM_M2_W.M000340"",""retrievedAt"":""2026-09-30T22:08:44.330Z"",""locator"":{""seriesKey"":""TS_GP_BAM_M2_W.M000340"",""observationDate"":""2026-02-27"",""row"":30,""column"":5,""columns"":{""seriesKey"":2,""date"":4,""value"":5,""unit"":6,""status"":7,""comments"":8}},""rawValue"":""10877144.13""}"
credit_private,2026-03,2026-03-27,10781692.3,Million PKR,not-stated,Normal,,,"{""artifactId"":""TS_GP_BAM_M2_W.M000340:0931720cdc9e641c3e3cf0eff0bdfe87de23fa65c588d8e2720dd738cd5c792f:0926e16b68da"",""sourceKey"":""TS_GP_BAM_M2_W.M000340"",""retrievedAt"":""2026-09-30T22:08:44.330Z"",""locator"":{""seriesKey"":""TS_GP_BAM_M2_W.M000340"",""observationDate"":""2026-03-27"",""row"":26,""column"":5,""columns"":{""seriesKey"":2,""date"":4,""value"":5,""unit"":6,""status"":7,""comments"":8}},""rawValue"":""10781692.3""}"
credit_private,2026-04,2026-04-24,10789875.93,Million PKR,not-stated,Normal,,,"{""artifactId"":""TS_GP_BAM_M2_W.M000340:0931720cdc9e641c3e3cf0eff0bdfe87de23fa65c588d8e2720dd738cd5c792f:0926e16b68da"",""sourceKey"":""TS_GP_BAM_M2_W.M000340"",""retrievedAt"":""2026-09-30T22:08:44.330Z"",""locator"":{""seriesKey"":""TS_GP_BAM_M2_W.M000340"",""observationDate"":""2026-04-24"",""row"":22,""column"":5,""columns"":{""seriesKey"":2,""date"":4,""value"":5,""unit"":6,""status"":7,""comments"":8}},""rawValue"":""10789875.93""}"
credit_private,2026-05,2026-05-29,10935504.07,Million PKR,not-stated,Normal,,,"{""artifactId"":""TS_GP_BAM_M2_W.M000340:0931720cdc9e641c3e3cf0eff0bdfe87de23fa65c588d8e2720dd738cd5c792f:0926e16b68da"",""sourceKey"":""TS_GP_BAM_M2_W.M000340"",""retrievedAt"":""2026-09-30T22:08:44.330Z"",""locator"":{""seriesKey"":""TS_GP_BAM_M2_W.M000340"",""observationDate"":""2026-05-29"",""row"":17,""column"":5,""columns"":{""seriesKey"":2,""date"":4,""value"":5,""unit"":6,""status"":7,""comments"":8}},""rawValue"":""10935504.07""}"
credit_private,2026-06,2026-06-26,11096490.77,Million PKR,not-stated,Normal,,,"{""artifactId"":""TS_GP_BAM_M2_W.M000340:0931720cdc9e641c3e3cf0eff0bdfe87de23fa65c588d8e2720dd738cd5c792f:0926e16b68da"",""sourceKey"":""TS_GP_BAM_M2_W.M000340"",""retrievedAt"":""2026-09-30T22:08:44.330Z"",""locator"":{""seriesKey"":""TS_GP_BAM_M2_W.M000340"",""observationDate"":""2026-06-26"",""row"":13,""column"":5,""columns"":{""seriesKey"":2,""date"":4,""value"":5,""unit"":6,""status"":7,""comments"":8}},""rawValue"":""11096490.77""}"
credit_private,2026-07,2026-07-31,11122142.71,Million PKR,not-stated,Normal,,,"{""artifactId"":""TS_GP_BAM_M2_W.M000340:0931720cdc9e641c3e3cf0eff0bdfe87de23fa65c588d8e2720dd738cd5c792f:0926e16b68da"",""sourceKey"":""TS_GP_BAM_M2_W.M000340"",""retrievedAt"":""2026-09-30T22:08:44.330Z"",""locator"":{""seriesKey"":""TS_GP_BAM_M2_W.M000340"",""observationDate"":""2026-07-31"",""row"":8,""column"":5,""columns"":{""seriesKey"":2,""date"":4,""value"":5,""unit"":6,""status"":7,""comments"":8}},""rawValue"":""11122142.71""}"
credit_private,2026-08,2026-08-28,11041872.63,Million PKR,not-stated,Normal,,,"{""artifactId"":""TS_GP_BAM_M2_W.M000340:0931720cdc9e641c3e3cf0eff0bdfe87de23fa65c588d8e2720dd738cd5c792f:0926e16b68da"",""sourceKey"":""TS_GP_BAM_M2_W.M000340"",""retrievedAt"":""2026-09-30T22:08:44.330Z"",""locator"":{""seriesKey"":""TS_GP_BAM_M2_W.M000340"",""observationDate"":""2026-08-28"",""row"":4,""column"":5,""columns"":{""seriesKey"":2,""date"":4,""value"":5,""unit"":6,""status"":7,""comments"":8}},""rawValue"":""11041872.63""}"
credit_private,2026-09,2026-09-18,11156434.66,Million PKR,not-stated,Normal,,,"{""artifactId"":""TS_GP_BAM_M2_W.M000340:0931720cdc9e641c3e3cf0eff0bdfe87de23fa65c588d8e2720dd738cd5c792f:0926e16b68da"",""sourceKey"":""TS_GP_BAM_M2_W.M000340"",""retrievedAt"":""2026-09-30T22:08:44.330Z"",""locator"":{""seriesKey"":""TS_GP_BAM_M2_W.M000340"",""observationDate"":""2026-09-18"",""row"":1,""column"":5,""columns"":{""seriesKey"":2,""date"":4,""value"":5,""unit"":6,""status"":7,""comments"":8}},""rawValue"":""11156434.66""}"
credit_pvt_yoy,2021-10,2021-10-29,16.16,Percent,not-stated,Normal,,,"{""artifactId"":""TS_GP_BAM_M2_W.M000480:e430da38fdce0b060f5d9dad6080138f4400c8ad50d5d64b5a59b7006d39ccb4:880eacb54f56"",""sourceKey"":""TS_GP_BAM_M2_W.M000480"",""retrievedAt"":""2026-09-30T22:08:44.788Z"",""locator"":{""seriesKey"":""TS_GP_BAM_M2_W.M000480"",""observationDate"":""2021-10-29"",""row"":256,""column"":5,""columns"":{""seriesKey"":2,""date"":4,""value"":5,""unit"":6,""status"":7,""comments"":8}},""rawValue"":""16.16131284""}"
credit_pvt_yoy,2021-11,2021-11-26,19.27,Percent,not-stated,Normal,,,"{""artifactId"":""TS_GP_BAM_M2_W.M000480:e430da38fdce0b060f5d9dad6080138f4400c8ad50d5d64b5a59b7006d39ccb4:880eacb54f56"",""sourceKey"":""TS_GP_BAM_M2_W.M000480"",""retrievedAt"":""2026-09-30T22:08:44.788Z"",""locator"":{""seriesKey"":""TS_GP_BAM_M2_W.M000480"",""observationDate"":""2021-11-26"",""row"":252,""column"":5,""columns"":{""seriesKey"":2,""date"":4,""value"":5,""unit"":6,""status"":7,""comments"":8}},""rawValue"":""19.27355066""}"
credit_pvt_yoy,2021-12,2021-12-31,20.73,Percent,not-stated,Normal,,,"{""artifactId"":""TS_GP_BAM_M2_W.M000480:e430da38fdce0b060f5d9dad6080138f4400c8ad50d5d64b5a59b7006d39ccb4:880eacb54f56"",""sourceKey"":""TS_GP_BAM_M2_W.M000480"",""retrievedAt"":""2026-09-30T22:08:44.788Z"",""locator"":{""seriesKey"":""TS_GP_BAM_M2_W.M000480"",""observationDate"":""2021-12-31"",""row"":247,""column"":5,""columns"":{""seriesKey"":2,""date"":4,""value"":5,""unit"":6,""status"":7,""comments"":8}},""rawValue"":""20.73129568""}"
credit_pvt_yoy,2022-01,2022-01-28,18.38,Percent,not-stated,Normal,,,"{""artifactId"":""TS_GP_BAM_M2_W.M000480:e430da38fdce0b060f5d9dad6080138f4400c8ad50d5d64b5a59b7006d39ccb4:880eacb54f56"",""sourceKey"":""TS_GP_BAM_M2_W.M000480"",""retrievedAt"":""2026-09-30T22:08:44.788Z"",""locator"":{""seriesKey"":""TS_GP_BAM_M2_W.M000480"",""observationDate"":""2022-01-28"",""row"":243,""column"":5,""columns"":{""seriesKey"":2,""date"":4,""value"":5,""unit"":6,""status"":7,""comments"":8}},""rawValue"":""18.38373067""}"
credit_pvt_yoy,2022-02,2022-02-25,18.08,Percent,not-stated,Normal,,,"{""artifactId"":""TS_GP_BAM_M2_W.M000480:e430da38fdce0b060f5d9dad6080138f4400c8ad50d5d64b5a59b7006d39ccb4:880eacb54f56"",""sourceKey"":""TS_GP_BAM_M2_W.M000480"",""retrievedAt"":""2026-09-30T22:08:44.788Z"",""locator"":{""seriesKey"":""TS_GP_BAM_M2_W.M000480"",""observationDate"":""2022-02-25"",""row"":239,""column"":5,""columns"":{""seriesKey"":2,""date"":4,""value"":5,""unit"":6,""status"":7,""comments"":8}},""rawValue"":""18.07865355""}"
credit_pvt_yoy,2022-03,2022-03-25,19.23,Percent,not-stated,Normal,,,"{""artifactId"":""TS_GP_BAM_M2_W.M000480:e430da38fdce0b060f5d9dad6080138f4400c8ad50d5d64b5a59b7006d39ccb4:880eacb54f56"",""sourceKey"":""TS_GP_BAM_M2_W.M000480"",""retrievedAt"":""2026-09-30T22:08:44.788Z"",""locator"":{""seriesKey"":""TS_GP_BAM_M2_W.M000480"",""observationDate"":""2022-03-25"",""row"":235,""column"":5,""columns"":{""seriesKey"":2,""date"":4,""value"":5,""unit"":6,""status"":7,""comments"":8}},""rawValue"":""19.23004806""}"
credit_pvt_yoy,2022-04,2022-04-29,22.58,Percent,not-stated,Normal,,,"{""artifactId"":""TS_GP_BAM_M2_W.M000480:e430da38fdce0b060f5d9dad6080138f4400c8ad50d5d64b5a59b7006d39ccb4:880eacb54f56"",""sourceKey"":""TS_GP_BAM_M2_W.M000480"",""retrievedAt"":""2026-09-30T22:08:44.788Z"",""locator"":{""seriesKey"":""TS_GP_BAM_M2_W.M000480"",""observationDate"":""2022-04-29"",""row"":230,""column"":5,""columns"":{""seriesKey"":2,""date"":4,""value"":5,""unit"":6,""status"":7,""comments"":8}},""rawValue"":""22.58096758""}"
credit_pvt_yoy,2022-05,2022-05-27,23.74,Percent,not-stated,Normal,,,"{""artifactId"":""TS_GP_BAM_M2_W.M000480:e430da38fdce0b060f5d9dad6080138f4400c8ad50d5d64b5a59b7006d39ccb4:880eacb54f56"",""sourceKey"":""TS_GP_BAM_M2_W.M000480"",""retrievedAt"":""2026-09-30T22:08:44.788Z"",""locator"":{""seriesKey"":""TS_GP_BAM_M2_W.M000480"",""observationDate"":""2022-05-27"",""row"":226,""column"":5,""columns"":{""seriesKey"":2,""date"":4,""value"":5,""unit"":6,""status"":7,""comments"":8}},""rawValue"":""23.74384023""}"
credit_pvt_yoy,2022-06,2022-06-24,23.12,Percent,not-stated,Normal,,,"{""artifactId"":""TS_GP_BAM_M2_W.M000480:e430da38fdce0b060f5d9dad6080138f4400c8ad50d5d64b5a59b7006d39ccb4:880eacb54f56"",""sourceKey"":""TS_GP_BAM_M2_W.M000480"",""retrievedAt"":""2026-09-30T22:08:44.788Z"",""locator"":{""seriesKey"":""TS_GP_BAM_M2_W.M000480"",""observationDate"":""2022-06-24"",""row"":222,""column"":5,""columns"":{""seriesKey"":2,""date"":4,""value"":5,""unit"":6,""status"":7,""comments"":8}},""rawValue"":""23.11824195""}"
credit_pvt_yoy,2022-07,2022-07-29,21.97,Percent,not-stated,Normal,,,"{""artifactId"":""TS_GP_BAM_M2_W.M000480:e430da38fdce0b060f5d9dad6080138f4400c8ad50d5d64b5a59b7006d39ccb4:880eacb54f56"",""sourceKey"":""TS_GP_BAM_M2_W.M000480"",""retrievedAt"":""2026-09-30T22:08:44.788Z"",""locator"":{""seriesKey"":""TS_GP_BAM_M2_W.M000480"",""observationDate"":""2022-07-29"",""row"":217,""column"":5,""columns"":{""seriesKey"":2,""date"":4,""value"":5,""unit"":6,""status"":7,""comments"":8}},""rawValue"":""21.97368197""}"
credit_pvt_yoy,2022-08,2022-08-26,22.64,Percent,not-stated,Normal,,,"{""artifactId"":""TS_GP_BAM_M2_W.M000480:e430da38fdce0b060f5d9dad6080138f4400c8ad50d5d64b5a59b7006d39ccb4:880eacb54f56"",""sourceKey"":""TS_GP_BAM_M2_W.M000480"",""retrievedAt"":""2026-09-30T22:08:44.788Z"",""locator"":{""seriesKey"":""TS_GP_BAM_M2_W.M000480"",""observationDate"":""2022-08-26"",""row"":213,""column"":5,""columns"":{""seriesKey"":2,""date"":4,""value"":5,""unit"":6,""status"":7,""comments"":8}},""rawValue"":""22.64328045""}"
credit_pvt_yoy,2022-09,2022-09-30,21.43,Percent,not-stated,Normal,,,"{""artifactId"":""TS_GP_BAM_M2_W.M000480:e430da38fdce0b060f5d9dad6080138f4400c8ad50d5d64b5a59b7006d39ccb4:880eacb54f56"",""sourceKey"":""TS_GP_BAM_M2_W.M000480"",""retrievedAt"":""2026-09-30T22:08:44.788Z"",""locator"":{""seriesKey"":""TS_GP_BAM_M2_W.M000480"",""observationDate"":""2022-09-30"",""row"":208,""column"":5,""columns"":{""seriesKey"":2,""date"":4,""value"":5,""unit"":6,""status"":7,""comments"":8}},""rawValue"":""21.4274694""}"
credit_pvt_yoy,2022-10,2022-10-28,18.24,Percent,not-stated,Normal,,,"{""artifactId"":""TS_GP_BAM_M2_W.M000480:e430da38fdce0b060f5d9dad6080138f4400c8ad50d5d64b5a59b7006d39ccb4:880eacb54f56"",""sourceKey"":""TS_GP_BAM_M2_W.M000480"",""retrievedAt"":""2026-09-30T22:08:44.788Z"",""locator"":{""seriesKey"":""TS_GP_BAM_M2_W.M000480"",""observationDate"":""2022-10-28"",""row"":204,""column"":5,""columns"":{""seriesKey"":2,""date"":4,""value"":5,""unit"":6,""status"":7,""comments"":8}},""rawValue"":""18.2400498""}"
credit_pvt_yoy,2022-11,2022-11-25,12.45,Percent,not-stated,Normal,,,"{""artifactId"":""TS_GP_BAM_M2_W.M000480:e430da38fdce0b060f5d9dad6080138f4400c8ad50d5d64b5a59b7006d39ccb4:880eacb54f56"",""sourceKey"":""TS_GP_BAM_M2_W.M000480"",""retrievedAt"":""2026-09-30T22:08:44.788Z"",""locator"":{""seriesKey"":""TS_GP_BAM_M2_W.M000480"",""observationDate"":""2022-11-25"",""row"":200,""column"":5,""columns"":{""seriesKey"":2,""date"":4,""value"":5,""unit"":6,""status"":7,""comments"":8}},""rawValue"":""12.44634436""}"
credit_pvt_yoy,2022-12,2022-12-30,13.57,Percent,not-stated,Normal,,,"{""artifactId"":""TS_GP_BAM_M2_W.M000480:e430da38fdce0b060f5d9dad6080138f4400c8ad50d5d64b5a59b7006d39ccb4:880eacb54f56"",""sourceKey"":""TS_GP_BAM_M2_W.M000480"",""retrievedAt"":""2026-09-30T22:08:44.788Z"",""locator"":{""seriesKey"":""TS_GP_BAM_M2_W.M000480"",""observationDate"":""2022-12-30"",""row"":195,""column"":5,""columns"":{""seriesKey"":2,""date"":4,""value"":5,""unit"":6,""status"":7,""comments"":8}},""rawValue"":""13.56781605""}"
credit_pvt_yoy,2023-01,2023-01-27,13.81,Percent,not-stated,Normal,,,"{""artifactId"":""TS_GP_BAM_M2_W.M000480:e430da38fdce0b060f5d9dad6080138f4400c8ad50d5d64b5a59b7006d39ccb4:880eacb54f56"",""sourceKey"":""TS_GP_BAM_M2_W.M000480"",""retrievedAt"":""2026-09-30T22:08:44.788Z"",""locator"":{""seriesKey"":""TS_GP_BAM_M2_W.M000480"",""observationDate"":""2023-01-27"",""row"":191,""column"":5,""columns"":{""seriesKey"":2,""date"":4,""value"":5,""unit"":6,""status"":7,""comments"":8}},""rawValue"":""13.81200836""}"
credit_pvt_yoy,2023-02,2023-02-24,10.58,Percent,not-stated,Normal,,,"{""artifactId"":""TS_GP_BAM_M2_W.M000480:e430da38fdce0b060f5d9dad6080138f4400c8ad50d5d64b5a59b7006d39ccb4:880eacb54f56"",""sourceKey"":""TS_GP_BAM_M2_W.M000480"",""retrievedAt"":""2026-09-30T22:08:44.788Z"",""locator"":{""seriesKey"":""TS_GP_BAM_M2_W.M000480"",""observationDate"":""2023-02-24"",""row"":187,""column"":5,""columns"":{""seriesKey"":2,""date"":4,""value"":5,""unit"":6,""status"":7,""comments"":8}},""rawValue"":""10.57597501""}"
credit_pvt_yoy,2023-03,2023-03-31,7.13,Percent,not-stated,Normal,,,"{""artifactId"":""TS_GP_BAM_M2_W.M000480:e430da38fdce0b060f5d9dad6080138f4400c8ad50d5d64b5a59b7006d39ccb4:880eacb54f56"",""sourceKey"":""TS_GP_BAM_M2_W.M000480"",""retrievedAt"":""2026-09-30T22:08:44.788Z"",""locator"":{""seriesKey"":""TS_GP_BAM_M2_W.M000480"",""observationDate"":""2023-03-31"",""row"":182,""column"":5,""columns"":{""seriesKey"":2,""date"":4,""value"":5,""unit"":6,""status"":7,""comments"":8}},""rawValue"":""7.126084098""}"
credit_pvt_yoy,2023-04,2023-04-28,4.44,Percent,not-stated,Normal,,,"{""artifactId"":""TS_GP_BAM_M2_W.M000480:e430da38fdce0b060f5d9dad6080138f4400c8ad50d5d64b5a59b7006d39ccb4:880eacb54f56"",""sourceKey"":""TS_GP_BAM_M2_W.M000480"",""retrievedAt"":""2026-09-30T22:08:44.788Z"",""locator"":{""seriesKey"":""TS_GP_BAM_M2_W.M000480"",""observationDate"":""2023-04-28"",""row"":178,""column"":5,""columns"":{""seriesKey"":2,""date"":4,""value"":5,""unit"":6,""status"":7,""comments"":8}},""rawValue"":""4.443970307""}"
credit_pvt_yoy,2023-05,2023-05-26,0.74,Percent,not-stated,Normal,,,"{""artifactId"":""TS_GP_BAM_M2_W.M000480:e430da38fdce0b060f5d9dad6080138f4400c8ad50d5d64b5a59b7006d39ccb4:880eacb54f56"",""sourceKey"":""TS_GP_BAM_M2_W.M000480"",""retrievedAt"":""2026-09-30T22:08:44.788Z"",""locator"":{""seriesKey"":""TS_GP_BAM_M2_W.M000480"",""observationDate"":""2023-05-26"",""row"":174,""column"":5,""columns"":{""seriesKey"":2,""date"":4,""value"":5,""unit"":6,""status"":7,""comments"":8}},""rawValue"":"".738504315""}"
credit_pvt_yoy,2023-06,2023-06-30,0.43,Percent,not-stated,Normal,,,"{""artifactId"":""TS_GP_BAM_M2_W.M000480:e430da38fdce0b060f5d9dad6080138f4400c8ad50d5d64b5a59b7006d39ccb4:880eacb54f56"",""sourceKey"":""TS_GP_BAM_M2_W.M000480"",""retrievedAt"":""2026-09-30T22:08:44.788Z"",""locator"":{""seriesKey"":""TS_GP_BAM_M2_W.M000480"",""observationDate"":""2023-06-30"",""row"":169,""column"":5,""columns"":{""seriesKey"":2,""date"":4,""value"":5,""unit"":6,""status"":7,""comments"":8}},""rawValue"":"".433588301""}"
credit_pvt_yoy,2023-07,2023-07-28,-0.66,Percent,not-stated,Normal,,,"{""artifactId"":""TS_GP_BAM_M2_W.M000480:e430da38fdce0b060f5d9dad6080138f4400c8ad50d5d64b5a59b7006d39ccb4:880eacb54f56"",""sourceKey"":""TS_GP_BAM_M2_W.M000480"",""retrievedAt"":""2026-09-30T22:08:44.788Z"",""locator"":{""seriesKey"":""TS_GP_BAM_M2_W.M000480"",""observationDate"":""2023-07-28"",""row"":165,""column"":5,""columns"":{""seriesKey"":2,""date"":4,""value"":5,""unit"":6,""status"":7,""comments"":8}},""rawValue"":""-.660812607""}"
credit_pvt_yoy,2023-08,2023-08-25,-2.65,Percent,not-stated,Normal,,,"{""artifactId"":""TS_GP_BAM_M2_W.M000480:e430da38fdce0b060f5d9dad6080138f4400c8ad50d5d64b5a59b7006d39ccb4:880eacb54f56"",""sourceKey"":""TS_GP_BAM_M2_W.M000480"",""retrievedAt"":""2026-09-30T22:08:44.788Z"",""locator"":{""seriesKey"":""TS_GP_BAM_M2_W.M000480"",""observationDate"":""2023-08-25"",""row"":161,""column"":5,""columns"":{""seriesKey"":2,""date"":4,""value"":5,""unit"":6,""status"":7,""comments"":8}},""rawValue"":""-2.649341679""}"
credit_pvt_yoy,2023-09,2023-09-29,-3.15,Percent,not-stated,Normal,,,"{""artifactId"":""TS_GP_BAM_M2_W.M000480:e430da38fdce0b060f5d9dad6080138f4400c8ad50d5d64b5a59b7006d39ccb4:880eacb54f56"",""sourceKey"":""TS_GP_BAM_M2_W.M000480"",""retrievedAt"":""2026-09-30T22:08:44.788Z"",""locator"":{""seriesKey"":""TS_GP_BAM_M2_W.M000480"",""observationDate"":""2023-09-29"",""row"":156,""column"":5,""columns"":{""seriesKey"":2,""date"":4,""value"":5,""unit"":6,""status"":7,""comments"":8}},""rawValue"":""-3.147780684""}"
credit_pvt_yoy,2023-10,2023-10-27,-1.6,Percent,not-stated,Normal,,,"{""artifactId"":""TS_GP_BAM_M2_W.M000480:e430da38fdce0b060f5d9dad6080138f4400c8ad50d5d64b5a59b7006d39ccb4:880eacb54f56"",""sourceKey"":""TS_GP_BAM_M2_W.M000480"",""retrievedAt"":""2026-09-30T22:08:44.788Z"",""locator"":{""seriesKey"":""TS_GP_BAM_M2_W.M000480"",""observationDate"":""2023-10-27"",""row"":152,""column"":5,""columns"":{""seriesKey"":2,""date"":4,""value"":5,""unit"":6,""status"":7,""comments"":8}},""rawValue"":""-1.595968038""}"
credit_pvt_yoy,2023-11,2023-11-24,-0.08,Percent,not-stated,Normal,,,"{""artifactId"":""TS_GP_BAM_M2_W.M000480:e430da38fdce0b060f5d9dad6080138f4400c8ad50d5d64b5a59b7006d39ccb4:880eacb54f56"",""sourceKey"":""TS_GP_BAM_M2_W.M000480"",""retrievedAt"":""2026-09-30T22:08:44.788Z"",""locator"":{""seriesKey"":""TS_GP_BAM_M2_W.M000480"",""observationDate"":""2023-11-24"",""row"":148,""column"":5,""columns"":{""seriesKey"":2,""date"":4,""value"":5,""unit"":6,""status"":7,""comments"":8}},""rawValue"":""-.078643024""}"
credit_pvt_yoy,2023-12,2023-12-29,-0.16,Percent,not-stated,Normal,,,"{""artifactId"":""TS_GP_BAM_M2_W.M000480:e430da38fdce0b060f5d9dad6080138f4400c8ad50d5d64b5a59b7006d39ccb4:880eacb54f56"",""sourceKey"":""TS_GP_BAM_M2_W.M000480"",""retrievedAt"":""2026-09-30T22:08:44.788Z"",""locator"":{""seriesKey"":""TS_GP_BAM_M2_W.M000480"",""observationDate"":""2023-12-29"",""row"":143,""column"":5,""columns"":{""seriesKey"":2,""date"":4,""value"":5,""unit"":6,""status"":7,""comments"":8}},""rawValue"":""-.158086768""}"
credit_pvt_yoy,2024-01,2024-01-26,-1.07,Percent,not-stated,Normal,,,"{""artifactId"":""TS_GP_BAM_M2_W.M000480:e430da38fdce0b060f5d9dad6080138f4400c8ad50d5d64b5a59b7006d39ccb4:880eacb54f56"",""sourceKey"":""TS_GP_BAM_M2_W.M000480"",""retrievedAt"":""2026-09-30T22:08:44.788Z"",""locator"":{""seriesKey"":""TS_GP_BAM_M2_W.M000480"",""observationDate"":""2024-01-26"",""row"":139,""column"":5,""columns"":{""seriesKey"":2,""date"":4,""value"":5,""unit"":6,""status"":7,""comments"":8}},""rawValue"":""-1.072323037""}"
credit_pvt_yoy,2024-02,2024-02-23,0.7,Percent,not-stated,Normal,,,"{""artifactId"":""TS_GP_BAM_M2_W.M000480:e430da38fdce0b060f5d9dad6080138f4400c8ad50d5d64b5a59b7006d39ccb4:880eacb54f56"",""sourceKey"":""TS_GP_BAM_M2_W.M000480"",""retrievedAt"":""2026-09-30T22:08:44.788Z"",""locator"":{""seriesKey"":""TS_GP_BAM_M2_W.M000480"",""observationDate"":""2024-02-23"",""row"":135,""column"":5,""columns"":{""seriesKey"":2,""date"":4,""value"":5,""unit"":6,""status"":7,""comments"":8}},""rawValue"":"".699378133""}"
credit_pvt_yoy,2024-03,2024-03-29,1.32,Percent,not-stated,Normal,,,"{""artifactId"":""TS_GP_BAM_M2_W.M000480:e430da38fdce0b060f5d9dad6080138f4400c8ad50d5d64b5a59b7006d39ccb4:880eacb54f56"",""sourceKey"":""TS_GP_BAM_M2_W.M000480"",""retrievedAt"":""2026-09-30T22:08:44.788Z"",""locator"":{""seriesKey"":""TS_GP_BAM_M2_W.M000480"",""observationDate"":""2024-03-29"",""row"":130,""column"":5,""columns"":{""seriesKey"":2,""date"":4,""value"":5,""unit"":6,""status"":7,""comments"":8}},""rawValue"":""1.315332352""}"
credit_pvt_yoy,2024-04,2024-04-26,1.43,Percent,not-stated,Normal,,,"{""artifactId"":""TS_GP_BAM_M2_W.M000480:e430da38fdce0b060f5d9dad6080138f4400c8ad50d5d64b5a59b7006d39ccb4:880eacb54f56"",""sourceKey"":""TS_GP_BAM_M2_W.M000480"",""retrievedAt"":""2026-09-30T22:08:44.788Z"",""locator"":{""seriesKey"":""TS_GP_BAM_M2_W.M000480"",""observationDate"":""2024-04-26"",""row"":126,""column"":5,""columns"":{""seriesKey"":2,""date"":4,""value"":5,""unit"":6,""status"":7,""comments"":8}},""rawValue"":""1.426071529""}"
credit_pvt_yoy,2024-05,2024-05-31,6.01,Percent,not-stated,Normal,,,"{""artifactId"":""TS_GP_BAM_M2_W.M000480:e430da38fdce0b060f5d9dad6080138f4400c8ad50d5d64b5a59b7006d39ccb4:880eacb54f56"",""sourceKey"":""TS_GP_BAM_M2_W.M000480"",""retrievedAt"":""2026-09-30T22:08:44.788Z"",""locator"":{""seriesKey"":""TS_GP_BAM_M2_W.M000480"",""observationDate"":""2024-05-31"",""row"":121,""column"":5,""columns"":{""seriesKey"":2,""date"":4,""value"":5,""unit"":6,""status"":7,""comments"":8}},""rawValue"":""6.008701544""}"
credit_pvt_yoy,2024-06,2024-06-28,6.31,Percent,not-stated,Normal,,,"{""artifactId"":""TS_GP_BAM_M2_W.M000480:e430da38fdce0b060f5d9dad6080138f4400c8ad50d5d64b5a59b7006d39ccb4:880eacb54f56"",""sourceKey"":""TS_GP_BAM_M2_W.M000480"",""retrievedAt"":""2026-09-30T22:08:44.788Z"",""locator"":{""seriesKey"":""TS_GP_BAM_M2_W.M000480"",""observationDate"":""2024-06-28"",""row"":117,""column"":5,""columns"":{""seriesKey"":2,""date"":4,""value"":5,""unit"":6,""status"":7,""comments"":8}},""rawValue"":""6.31185874""}"
credit_pvt_yoy,2024-07,2024-07-26,4.43,Percent,not-stated,Normal,,,"{""artifactId"":""TS_GP_BAM_M2_W.M000480:e430da38fdce0b060f5d9dad6080138f4400c8ad50d5d64b5a59b7006d39ccb4:880eacb54f56"",""sourceKey"":""TS_GP_BAM_M2_W.M000480"",""retrievedAt"":""2026-09-30T22:08:44.788Z"",""locator"":{""seriesKey"":""TS_GP_BAM_M2_W.M000480"",""observationDate"":""2024-07-26"",""row"":113,""column"":5,""columns"":{""seriesKey"":2,""date"":4,""value"":5,""unit"":6,""status"":7,""comments"":8}},""rawValue"":""4.43319745""}"
credit_pvt_yoy,2024-08,2024-08-30,4.5,Percent,not-stated,Normal,,,"{""artifactId"":""TS_GP_BAM_M2_W.M000480:e430da38fdce0b060f5d9dad6080138f4400c8ad50d5d64b5a59b7006d39ccb4:880eacb54f56"",""sourceKey"":""TS_GP_BAM_M2_W.M000480"",""retrievedAt"":""2026-09-30T22:08:44.788Z"",""locator"":{""seriesKey"":""TS_GP_BAM_M2_W.M000480"",""observationDate"":""2024-08-30"",""row"":108,""column"":5,""columns"":{""seriesKey"":2,""date"":4,""value"":5,""unit"":6,""status"":7,""comments"":8}},""rawValue"":""4.501907133""}"
credit_pvt_yoy,2024-09,2024-09-27,4.84,Percent,not-stated,Normal,,,"{""artifactId"":""TS_GP_BAM_M2_W.M000480:e430da38fdce0b060f5d9dad6080138f4400c8ad50d5d64b5a59b7006d39ccb4:880eacb54f56"",""sourceKey"":""TS_GP_BAM_M2_W.M000480"",""retrievedAt"":""2026-09-30T22:08:44.788Z"",""locator"":{""seriesKey"":""TS_GP_BAM_M2_W.M000480"",""observationDate"":""2024-09-27"",""row"":104,""column"":5,""columns"":{""seriesKey"":2,""date"":4,""value"":5,""unit"":6,""status"":7,""comments"":8}},""rawValue"":""4.838594701""}"
credit_pvt_yoy,2024-10,2024-10-25,12.66,Percent,not-stated,Normal,,,"{""artifactId"":""TS_GP_BAM_M2_W.M000480:e430da38fdce0b060f5d9dad6080138f4400c8ad50d5d64b5a59b7006d39ccb4:880eacb54f56"",""sourceKey"":""TS_GP_BAM_M2_W.M000480"",""retrievedAt"":""2026-09-30T22:08:44.788Z"",""locator"":{""seriesKey"":""TS_GP_BAM_M2_W.M000480"",""observationDate"":""2024-10-25"",""row"":100,""column"":5,""columns"":{""seriesKey"":2,""date"":4,""value"":5,""unit"":6,""status"":7,""comments"":8}},""rawValue"":""12.65541684""}"
credit_pvt_yoy,2024-11,2024-11-29,19.98,Percent,not-stated,Normal,,,"{""artifactId"":""TS_GP_BAM_M2_W.M000480:e430da38fdce0b060f5d9dad6080138f4400c8ad50d5d64b5a59b7006d39ccb4:880eacb54f56"",""sourceKey"":""TS_GP_BAM_M2_W.M000480"",""retrievedAt"":""2026-09-30T22:08:44.788Z"",""locator"":{""seriesKey"":""TS_GP_BAM_M2_W.M000480"",""observationDate"":""2024-11-29"",""row"":95,""column"":5,""columns"":{""seriesKey"":2,""date"":4,""value"":5,""unit"":6,""status"":7,""comments"":8}},""rawValue"":""19.9764469""}"
credit_pvt_yoy,2024-12,2024-12-27,20.99,Percent,not-stated,Normal,,,"{""artifactId"":""TS_GP_BAM_M2_W.M000480:e430da38fdce0b060f5d9dad6080138f4400c8ad50d5d64b5a59b7006d39ccb4:880eacb54f56"",""sourceKey"":""TS_GP_BAM_M2_W.M000480"",""retrievedAt"":""2026-09-30T22:08:44.788Z"",""locator"":{""seriesKey"":""TS_GP_BAM_M2_W.M000480"",""observationDate"":""2024-12-27"",""row"":91,""column"":5,""columns"":{""seriesKey"":2,""date"":4,""value"":5,""unit"":6,""status"":7,""comments"":8}},""rawValue"":""20.98556015""}"
credit_pvt_yoy,2025-01,2025-01-31,15.03,Percent,not-stated,Normal,,,"{""artifactId"":""TS_GP_BAM_M2_W.M000480:e430da38fdce0b060f5d9dad6080138f4400c8ad50d5d64b5a59b7006d39ccb4:880eacb54f56"",""sourceKey"":""TS_GP_BAM_M2_W.M000480"",""retrievedAt"":""2026-09-30T22:08:44.788Z"",""locator"":{""seriesKey"":""TS_GP_BAM_M2_W.M000480"",""observationDate"":""2025-01-31"",""row"":86,""column"":5,""columns"":{""seriesKey"":2,""date"":4,""value"":5,""unit"":6,""status"":7,""comments"":8}},""rawValue"":""15.02855324""}"
credit_pvt_yoy,2025-02,2025-02-28,8.66,Percent,not-stated,Normal,,,"{""artifactId"":""TS_GP_BAM_M2_W.M000480:e430da38fdce0b060f5d9dad6080138f4400c8ad50d5d64b5a59b7006d39ccb4:880eacb54f56"",""sourceKey"":""TS_GP_BAM_M2_W.M000480"",""retrievedAt"":""2026-09-30T22:08:44.788Z"",""locator"":{""seriesKey"":""TS_GP_BAM_M2_W.M000480"",""observationDate"":""2025-02-28"",""row"":82,""column"":5,""columns"":{""seriesKey"":2,""date"":4,""value"":5,""unit"":6,""status"":7,""comments"":8}},""rawValue"":""8.662014657""}"
credit_pvt_yoy,2025-03,2025-03-28,11.8,Percent,not-stated,Normal,,,"{""artifactId"":""TS_GP_BAM_M2_W.M000480:e430da38fdce0b060f5d9dad6080138f4400c8ad50d5d64b5a59b7006d39ccb4:880eacb54f56"",""sourceKey"":""TS_GP_BAM_M2_W.M000480"",""retrievedAt"":""2026-09-30T22:08:44.788Z"",""locator"":{""seriesKey"":""TS_GP_BAM_M2_W.M000480"",""observationDate"":""2025-03-28"",""row"":78,""column"":5,""columns"":{""seriesKey"":2,""date"":4,""value"":5,""unit"":6,""status"":7,""comments"":8}},""rawValue"":""11.79969323""}"
credit_pvt_yoy,2025-04,2025-04-25,11.79,Percent,not-stated,Normal,,,"{""artifactId"":""TS_GP_BAM_M2_W.M000480:e430da38fdce0b060f5d9dad6080138f4400c8ad50d5d64b5a59b7006d39ccb4:880eacb54f56"",""sourceKey"":""TS_GP_BAM_M2_W.M000480"",""retrievedAt"":""2026-09-30T22:08:44.788Z"",""locator"":{""seriesKey"":""TS_GP_BAM_M2_W.M000480"",""observationDate"":""2025-04-25"",""row"":74,""column"":5,""columns"":{""seriesKey"":2,""date"":4,""value"":5,""unit"":6,""status"":7,""comments"":8}},""rawValue"":""11.79419872""}"
credit_pvt_yoy,2025-05,2025-05-30,11.41,Percent,not-stated,Normal,,,"{""artifactId"":""TS_GP_BAM_M2_W.M000480:e430da38fdce0b060f5d9dad6080138f4400c8ad50d5d64b5a59b7006d39ccb4:880eacb54f56"",""sourceKey"":""TS_GP_BAM_M2_W.M000480"",""retrievedAt"":""2026-09-30T22:08:44.788Z"",""locator"":{""seriesKey"":""TS_GP_BAM_M2_W.M000480"",""observationDate"":""2025-05-30"",""row"":69,""column"":5,""columns"":{""seriesKey"":2,""date"":4,""value"":5,""unit"":6,""status"":7,""comments"":8}},""rawValue"":""11.414761""}"
credit_pvt_yoy,2025-06,2025-06-27,42.68,Percent,not-stated,Normal,,,"{""artifactId"":""TS_GP_BAM_M2_W.M000480:e430da38fdce0b060f5d9dad6080138f4400c8ad50d5d64b5a59b7006d39ccb4:880eacb54f56"",""sourceKey"":""TS_GP_BAM_M2_W.M000480"",""retrievedAt"":""2026-09-30T22:08:44.788Z"",""locator"":{""seriesKey"":""TS_GP_BAM_M2_W.M000480"",""observationDate"":""2025-06-27"",""row"":65,""column"":5,""columns"":{""seriesKey"":2,""date"":4,""value"":5,""unit"":6,""status"":7,""comments"":8}},""rawValue"":""42.67765397""}"
credit_pvt_yoy,2025-07,2025-07-25,13.65,Percent,not-stated,Normal,,,"{""artifactId"":""TS_GP_BAM_M2_W.M000480:e430da38fdce0b060f5d9dad6080138f4400c8ad50d5d64b5a59b7006d39ccb4:880eacb54f56"",""sourceKey"":""TS_GP_BAM_M2_W.M000480"",""retrievedAt"":""2026-09-30T22:08:44.788Z"",""locator"":{""seriesKey"":""TS_GP_BAM_M2_W.M000480"",""observationDate"":""2025-07-25"",""row"":61,""column"":5,""columns"":{""seriesKey"":2,""date"":4,""value"":5,""unit"":6,""status"":7,""comments"":8}},""rawValue"":""13.64887805""}"
credit_pvt_yoy,2025-08,2025-08-29,14.14,Percent,not-stated,Normal,,,"{""artifactId"":""TS_GP_BAM_M2_W.M000480:e430da38fdce0b060f5d9dad6080138f4400c8ad50d5d64b5a59b7006d39ccb4:880eacb54f56"",""sourceKey"":""TS_GP_BAM_M2_W.M000480"",""retrievedAt"":""2026-09-30T22:08:44.788Z"",""locator"":{""seriesKey"":""TS_GP_BAM_M2_W.M000480"",""observationDate"":""2025-08-29"",""row"":56,""column"":5,""columns"":{""seriesKey"":2,""date"":4,""value"":5,""unit"":6,""status"":7,""comments"":8}},""rawValue"":""14.14185543""}"
credit_pvt_yoy,2025-09,2025-09-26,12.47,Percent,not-stated,Normal,,,"{""artifactId"":""TS_GP_BAM_M2_W.M000480:e430da38fdce0b060f5d9dad6080138f4400c8ad50d5d64b5a59b7006d39ccb4:880eacb54f56"",""sourceKey"":""TS_GP_BAM_M2_W.M000480"",""retrievedAt"":""2026-09-30T22:08:44.788Z"",""locator"":{""seriesKey"":""TS_GP_BAM_M2_W.M000480"",""observationDate"":""2025-09-26"",""row"":52,""column"":5,""columns"":{""seriesKey"":2,""date"":4,""value"":5,""unit"":6,""status"":7,""comments"":8}},""rawValue"":""12.47216791""}"
credit_pvt_yoy,2025-10,2025-10-31,2.91,Percent,not-stated,Normal,,,"{""artifactId"":""TS_GP_BAM_M2_W.M000480:e430da38fdce0b060f5d9dad6080138f4400c8ad50d5d64b5a59b7006d39ccb4:880eacb54f56"",""sourceKey"":""TS_GP_BAM_M2_W.M000480"",""retrievedAt"":""2026-09-30T22:08:44.788Z"",""locator"":{""seriesKey"":""TS_GP_BAM_M2_W.M000480"",""observationDate"":""2025-10-31"",""row"":47,""column"":5,""columns"":{""seriesKey"":2,""date"":4,""value"":5,""unit"":6,""status"":7,""comments"":8}},""rawValue"":""2.907260201""}"
credit_pvt_yoy,2025-11,2025-11-28,-0.31,Percent,not-stated,Normal,,,"{""artifactId"":""TS_GP_BAM_M2_W.M000480:e430da38fdce0b060f5d9dad6080138f4400c8ad50d5d64b5a59b7006d39ccb4:880eacb54f56"",""sourceKey"":""TS_GP_BAM_M2_W.M000480"",""retrievedAt"":""2026-09-30T22:08:44.788Z"",""locator"":{""seriesKey"":""TS_GP_BAM_M2_W.M000480"",""observationDate"":""2025-11-28"",""row"":43,""column"":5,""columns"":{""seriesKey"":2,""date"":4,""value"":5,""unit"":6,""status"":7,""comments"":8}},""rawValue"":""-.305282473""}"
credit_pvt_yoy,2025-12,2025-12-26,-3.69,Percent,not-stated,Normal,,,"{""artifactId"":""TS_GP_BAM_M2_W.M000480:e430da38fdce0b060f5d9dad6080138f4400c8ad50d5d64b5a59b7006d39ccb4:880eacb54f56"",""sourceKey"":""TS_GP_BAM_M2_W.M000480"",""retrievedAt"":""2026-09-30T22:08:44.788Z"",""locator"":{""seriesKey"":""TS_GP_BAM_M2_W.M000480"",""observationDate"":""2025-12-26"",""row"":39,""column"":5,""columns"":{""seriesKey"":2,""date"":4,""value"":5,""unit"":6,""status"":7,""comments"":8}},""rawValue"":""-3.686530816""}"
credit_pvt_yoy,2026-01,2026-01-30,6.98,Percent,not-stated,Normal,,,"{""artifactId"":""TS_GP_BAM_M2_W.M000480:e430da38fdce0b060f5d9dad6080138f4400c8ad50d5d64b5a59b7006d39ccb4:880eacb54f56"",""sourceKey"":""TS_GP_BAM_M2_W.M000480"",""retrievedAt"":""2026-09-30T22:08:44.788Z"",""locator"":{""seriesKey"":""TS_GP_BAM_M2_W.M000480"",""observationDate"":""2026-01-30"",""row"":34,""column"":5,""columns"":{""seriesKey"":2,""date"":4,""value"":5,""unit"":6,""status"":7,""comments"":8}},""rawValue"":""6.98178765""}"
credit_pvt_yoy,2026-02,2026-02-27,14.81,Percent,not-stated,Normal,,,"{""artifactId"":""TS_GP_BAM_M2_W.M000480:e430da38fdce0b060f5d9dad6080138f4400c8ad50d5d64b5a59b7006d39ccb4:880eacb54f56"",""sourceKey"":""TS_GP_BAM_M2_W.M000480"",""retrievedAt"":""2026-09-30T22:08:44.788Z"",""locator"":{""seriesKey"":""TS_GP_BAM_M2_W.M000480"",""observationDate"":""2026-02-27"",""row"":30,""column"":5,""columns"":{""seriesKey"":2,""date"":4,""value"":5,""unit"":6,""status"":7,""comments"":8}},""rawValue"":""14.80651815""}"
credit_pvt_yoy,2026-03,2026-03-27,11.91,Percent,not-stated,Normal,,,"{""artifactId"":""TS_GP_BAM_M2_W.M000480:e430da38fdce0b060f5d9dad6080138f4400c8ad50d5d64b5a59b7006d39ccb4:880eacb54f56"",""sourceKey"":""TS_GP_BAM_M2_W.M000480"",""retrievedAt"":""2026-09-30T22:08:44.788Z"",""locator"":{""seriesKey"":""TS_GP_BAM_M2_W.M000480"",""observationDate"":""2026-03-27"",""row"":26,""column"":5,""columns"":{""seriesKey"":2,""date"":4,""value"":5,""unit"":6,""status"":7,""comments"":8}},""rawValue"":""11.90779008""}"
credit_pvt_yoy,2026-04,2026-04-24,12.01,Percent,not-stated,Normal,,,"{""artifactId"":""TS_GP_BAM_M2_W.M000480:e430da38fdce0b060f5d9dad6080138f4400c8ad50d5d64b5a59b7006d39ccb4:880eacb54f56"",""sourceKey"":""TS_GP_BAM_M2_W.M000480"",""retrievedAt"":""2026-09-30T22:08:44.788Z"",""locator"":{""seriesKey"":""TS_GP_BAM_M2_W.M000480"",""observationDate"":""2026-04-24"",""row"":22,""column"":5,""columns"":{""seriesKey"":2,""date"":4,""value"":5,""unit"":6,""status"":7,""comments"":8}},""rawValue"":""12.00515675""}"
credit_pvt_yoy,2026-05,2026-05-29,13.05,Percent,not-stated,Normal,,,"{""artifactId"":""TS_GP_BAM_M2_W.M000480:e430da38fdce0b060f5d9dad6080138f4400c8ad50d5d64b5a59b7006d39ccb4:880eacb54f56"",""sourceKey"":""TS_GP_BAM_M2_W.M000480"",""retrievedAt"":""2026-09-30T22:08:44.788Z"",""locator"":{""seriesKey"":""TS_GP_BAM_M2_W.M000480"",""observationDate"":""2026-05-29"",""row"":17,""column"":5,""columns"":{""seriesKey"":2,""date"":4,""value"":5,""unit"":6,""status"":7,""comments"":8}},""rawValue"":""13.04617922""}"
credit_pvt_yoy,2026-06,2026-06-26,11.54,Percent,not-stated,Normal,,,"{""artifactId"":""TS_GP_BAM_M2_W.M000480:e430da38fdce0b060f5d9dad6080138f4400c8ad50d5d64b5a59b7006d39ccb4:880eacb54f56"",""sourceKey"":""TS_GP_BAM_M2_W.M000480"",""retrievedAt"":""2026-09-30T22:08:44.788Z"",""locator"":{""seriesKey"":""TS_GP_BAM_M2_W.M000480"",""observationDate"":""2026-06-26"",""row"":13,""column"":5,""columns"":{""seriesKey"":2,""date"":4,""value"":5,""unit"":6,""status"":7,""comments"":8}},""rawValue"":""11.53703043""}"
credit_pvt_yoy,2026-07,2026-07-31,13.93,Percent,not-stated,Normal,,,"{""artifactId"":""TS_GP_BAM_M2_W.M000480:e430da38fdce0b060f5d9dad6080138f4400c8ad50d5d64b5a59b7006d39ccb4:880eacb54f56"",""sourceKey"":""TS_GP_BAM_M2_W.M000480"",""retrievedAt"":""2026-09-30T22:08:44.788Z"",""locator"":{""seriesKey"":""TS_GP_BAM_M2_W.M000480"",""observationDate"":""2026-07-31"",""row"":8,""column"":5,""columns"":{""seriesKey"":2,""date"":4,""value"":5,""unit"":6,""status"":7,""comments"":8}},""rawValue"":""13.93472625""}"
credit_pvt_yoy,2026-08,2026-08-28,13.43,Percent,not-stated,Normal,,,"{""artifactId"":""TS_GP_BAM_M2_W.M000480:e430da38fdce0b060f5d9dad6080138f4400c8ad50d5d64b5a59b7006d39ccb4:880eacb54f56"",""sourceKey"":""TS_GP_BAM_M2_W.M000480"",""retrievedAt"":""2026-09-30T22:08:44.788Z"",""locator"":{""seriesKey"":""TS_GP_BAM_M2_W.M000480"",""observationDate"":""2026-08-28"",""row"":4,""column"":5,""columns"":{""seriesKey"":2,""date"":4,""value"":5,""unit"":6,""status"":7,""comments"":8}},""rawValue"":""13.42651394""}"
credit_pvt_yoy,2026-09,2026-09-18,13.89,Percent,not-stated,Normal,,,"{""artifactId"":""TS_GP_BAM_M2_W.M000480:e430da38fdce0b060f5d9dad6080138f4400c8ad50d5d64b5a59b7006d39ccb4:880eacb54f56"",""sourceKey"":""TS_GP_BAM_M2_W.M000480"",""retrievedAt"":""2026-09-30T22:08:44.788Z"",""locator"":{""seriesKey"":""TS_GP_BAM_M2_W.M000480"",""observationDate"":""2026-09-18"",""row"":1,""column"":5,""columns"":{""seriesKey"":2,""date"":4,""value"":5,""unit"":6,""status"":7,""comments"":8}},""rawValue"":""13.89240077""}"
deposits,2021-10,2021-10-29,16287393.87,Million PKR,not-stated,Normal,,,"{""artifactId"":""TS_GP_BAM_M2_W.M000030:2809dead1bb34324b62fab07a3101c87d2086f8d3af34a3ca5ebc798c51ae6d1:552de676c5b6"",""sourceKey"":""TS_GP_BAM_M2_W.M000030"",""retrievedAt"":""2026-09-30T22:08:45.248Z"",""locator"":{""seriesKey"":""TS_GP_BAM_M2_W.M000030"",""observationDate"":""2021-10-29"",""row"":256,""column"":5,""columns"":{""seriesKey"":2,""date"":4,""value"":5,""unit"":6,""status"":7,""comments"":8}},""rawValue"":""16287393.87""}"
deposits,2021-11,2021-11-26,16182667.59,Million PKR,not-stated,Normal,,,"{""artifactId"":""TS_GP_BAM_M2_W.M000030:2809dead1bb34324b62fab07a3101c87d2086f8d3af34a3ca5ebc798c51ae6d1:552de676c5b6"",""sourceKey"":""TS_GP_BAM_M2_W.M000030"",""retrievedAt"":""2026-09-30T22:08:45.248Z"",""locator"":{""seriesKey"":""TS_GP_BAM_M2_W.M000030"",""observationDate"":""2021-11-26"",""row"":252,""column"":5,""columns"":{""seriesKey"":2,""date"":4,""value"":5,""unit"":6,""status"":7,""comments"":8}},""rawValue"":""16182667.59""}"
deposits,2021-12,2021-12-31,17603180.04,Million PKR,not-stated,Normal,,,"{""artifactId"":""TS_GP_BAM_M2_W.M000030:2809dead1bb34324b62fab07a3101c87d2086f8d3af34a3ca5ebc798c51ae6d1:552de676c5b6"",""sourceKey"":""TS_GP_BAM_M2_W.M000030"",""retrievedAt"":""2026-09-30T22:08:45.248Z"",""locator"":{""seriesKey"":""TS_GP_BAM_M2_W.M000030"",""observationDate"":""2021-12-31"",""row"":247,""column"":5,""columns"":{""seriesKey"":2,""date"":4,""value"":5,""unit"":6,""status"":7,""comments"":8}},""rawValue"":""17603180.04""}"
deposits,2022-01,2022-01-28,16649673.77,Million PKR,not-stated,Normal,,,"{""artifactId"":""TS_GP_BAM_M2_W.M000030:2809dead1bb34324b62fab07a3101c87d2086f8d3af34a3ca5ebc798c51ae6d1:552de676c5b6"",""sourceKey"":""TS_GP_BAM_M2_W.M000030"",""retrievedAt"":""2026-09-30T22:08:45.248Z"",""locator"":{""seriesKey"":""TS_GP_BAM_M2_W.M000030"",""observationDate"":""2022-01-28"",""row"":243,""column"":5,""columns"":{""seriesKey"":2,""date"":4,""value"":5,""unit"":6,""status"":7,""comments"":8}},""rawValue"":""16649673.77""}"
deposits,2022-02,2022-02-25,16521294.23,Million PKR,not-stated,Normal,,,"{""artifactId"":""TS_GP_BAM_M2_W.M000030:2809dead1bb34324b62fab07a3101c87d2086f8d3af34a3ca5ebc798c51ae6d1:552de676c5b6"",""sourceKey"":""TS_GP_BAM_M2_W.M000030"",""retrievedAt"":""2026-09-30T22:08:45.248Z"",""locator"":{""seriesKey"":""TS_GP_BAM_M2_W.M000030"",""observationDate"":""2022-02-25"",""row"":239,""column"":5,""columns"":{""seriesKey"":2,""date"":4,""value"":5,""unit"":6,""status"":7,""comments"":8}},""rawValue"":""16521294.23""}"
deposits,2022-03,2022-03-25,16798631.9,Million PKR,not-stated,Normal,,,"{""artifactId"":""TS_GP_BAM_M2_W.M000030:2809dead1bb34324b62fab07a3101c87d2086f8d3af34a3ca5ebc798c51ae6d1:552de676c5b6"",""sourceKey"":""TS_GP_BAM_M2_W.M000030"",""retrievedAt"":""2026-09-30T22:08:45.248Z"",""locator"":{""seriesKey"":""TS_GP_BAM_M2_W.M000030"",""observationDate"":""2022-03-25"",""row"":235,""column"":5,""columns"":{""seriesKey"":2,""date"":4,""value"":5,""unit"":6,""status"":7,""comments"":8}},""rawValue"":""16798631.9""}"
deposits,2022-04,2022-04-29,16990223.22,Million PKR,not-stated,Normal,,,"{""artifactId"":""TS_GP_BAM_M2_W.M000030:2809dead1bb34324b62fab07a3101c87d2086f8d3af34a3ca5ebc798c51ae6d1:552de676c5b6"",""sourceKey"":""TS_GP_BAM_M2_W.M000030"",""retrievedAt"":""2026-09-30T22:08:45.248Z"",""locator"":{""seriesKey"":""TS_GP_BAM_M2_W.M000030"",""observationDate"":""2022-04-29"",""row"":230,""column"":5,""columns"":{""seriesKey"":2,""date"":4,""value"":5,""unit"":6,""status"":7,""comments"":8}},""rawValue"":""16990223.22""}"
deposits,2022-05,2022-05-27,17464517.63,Million PKR,not-stated,Normal,,,"{""artifactId"":""TS_GP_BAM_M2_W.M000030:2809dead1bb34324b62fab07a3101c87d2086f8d3af34a3ca5ebc798c51ae6d1:552de676c5b6"",""sourceKey"":""TS_GP_BAM_M2_W.M000030"",""retrievedAt"":""2026-09-30T22:08:45.248Z"",""locator"":{""seriesKey"":""TS_GP_BAM_M2_W.M000030"",""observationDate"":""2022-05-27"",""row"":226,""column"":5,""columns"":{""seriesKey"":2,""date"":4,""value"":5,""unit"":6,""status"":7,""comments"":8}},""rawValue"":""17464517.63""}"
deposits,2022-06,2022-06-24,18149691.04,Million PKR,not-stated,Normal,,,"{""artifactId"":""TS_GP_BAM_M2_W.M000030:2809dead1bb34324b62fab07a3101c87d2086f8d3af34a3ca5ebc798c51ae6d1:552de676c5b6"",""sourceKey"":""TS_GP_BAM_M2_W.M000030"",""retrievedAt"":""2026-09-30T22:08:45.248Z"",""locator"":{""seriesKey"":""TS_GP_BAM_M2_W.M000030"",""observationDate"":""2022-06-24"",""row"":222,""column"":5,""columns"":{""seriesKey"":2,""date"":4,""value"":5,""unit"":6,""status"":7,""comments"":8}},""rawValue"":""18149691.04""}"
deposits,2022-07,2022-07-29,18531814.23,Million PKR,not-stated,Normal,,,"{""artifactId"":""TS_GP_BAM_M2_W.M000030:2809dead1bb34324b62fab07a3101c87d2086f8d3af34a3ca5ebc798c51ae6d1:552de676c5b6"",""sourceKey"":""TS_GP_BAM_M2_W.M000030"",""retrievedAt"":""2026-09-30T22:08:45.248Z"",""locator"":{""seriesKey"":""TS_GP_BAM_M2_W.M000030"",""observationDate"":""2022-07-29"",""row"":217,""column"":5,""columns"":{""seriesKey"":2,""date"":4,""value"":5,""unit"":6,""status"":7,""comments"":8}},""rawValue"":""18531814.23""}"
deposits,2022-08,2022-08-26,18385920.58,Million PKR,not-stated,Normal,,,"{""artifactId"":""TS_GP_BAM_M2_W.M000030:2809dead1bb34324b62fab07a3101c87d2086f8d3af34a3ca5ebc798c51ae6d1:552de676c5b6"",""sourceKey"":""TS_GP_BAM_M2_W.M000030"",""retrievedAt"":""2026-09-30T22:08:45.248Z"",""locator"":{""seriesKey"":""TS_GP_BAM_M2_W.M000030"",""observationDate"":""2022-08-26"",""row"":213,""column"":5,""columns"":{""seriesKey"":2,""date"":4,""value"":5,""unit"":6,""status"":7,""comments"":8}},""rawValue"":""18385920.58""}"
deposits,2022-09,2022-09-30,19326036.74,Million PKR,not-stated,Normal,,,"{""artifactId"":""TS_GP_BAM_M2_W.M000030:2809dead1bb34324b62fab07a3101c87d2086f8d3af34a3ca5ebc798c51ae6d1:552de676c5b6"",""sourceKey"":""TS_GP_BAM_M2_W.M000030"",""retrievedAt"":""2026-09-30T22:08:45.248Z"",""locator"":{""seriesKey"":""TS_GP_BAM_M2_W.M000030"",""observationDate"":""2022-09-30"",""row"":208,""column"":5,""columns"":{""seriesKey"":2,""date"":4,""value"":5,""unit"":6,""status"":7,""comments"":8}},""rawValue"":""19326036.74""}"
deposits,2022-10,2022-10-28,18930353.38,Million PKR,not-stated,Normal,,,"{""artifactId"":""TS_GP_BAM_M2_W.M000030:2809dead1bb34324b62fab07a3101c87d2086f8d3af34a3ca5ebc798c51ae6d1:552de676c5b6"",""sourceKey"":""TS_GP_BAM_M2_W.M000030"",""retrievedAt"":""2026-09-30T22:08:45.248Z"",""locator"":{""seriesKey"":""TS_GP_BAM_M2_W.M000030"",""observationDate"":""2022-10-28"",""row"":204,""column"":5,""columns"":{""seriesKey"":2,""date"":4,""value"":5,""unit"":6,""status"":7,""comments"":8}},""rawValue"":""18930353.38""}"
deposits,2022-11,2022-11-25,18966397.34,Million PKR,not-stated,Normal,,,"{""artifactId"":""TS_GP_BAM_M2_W.M000030:2809dead1bb34324b62fab07a3101c87d2086f8d3af34a3ca5ebc798c51ae6d1:552de676c5b6"",""sourceKey"":""TS_GP_BAM_M2_W.M000030"",""retrievedAt"":""2026-09-30T22:08:45.248Z"",""locator"":{""seriesKey"":""TS_GP_BAM_M2_W.M000030"",""observationDate"":""2022-11-25"",""row"":200,""column"":5,""columns"":{""seriesKey"":2,""date"":4,""value"":5,""unit"":6,""status"":7,""comments"":8}},""rawValue"":""18966397.34""}"
deposits,2022-12,2022-12-30,19235627.08,Million PKR,not-stated,Normal,,,"{""artifactId"":""TS_GP_BAM_M2_W.M000030:2809dead1bb34324b62fab07a3101c87d2086f8d3af34a3ca5ebc798c51ae6d1:552de676c5b6"",""sourceKey"":""TS_GP_BAM_M2_W.M000030"",""retrievedAt"":""2026-09-30T22:08:45.248Z"",""locator"":{""seriesKey"":""TS_GP_BAM_M2_W.M000030"",""observationDate"":""2022-12-30"",""row"":195,""column"":5,""columns"":{""seriesKey"":2,""date"":4,""value"":5,""unit"":6,""status"":7,""comments"":8}},""rawValue"":""19235627.08""}"
deposits,2023-01,2023-01-27,18817668.88,Million PKR,not-stated,Normal,,,"{""artifactId"":""TS_GP_BAM_M2_W.M000030:2809dead1bb34324b62fab07a3101c87d2086f8d3af34a3ca5ebc798c51ae6d1:552de676c5b6"",""sourceKey"":""TS_GP_BAM_M2_W.M000030"",""retrievedAt"":""2026-09-30T22:08:45.248Z"",""locator"":{""seriesKey"":""TS_GP_BAM_M2_W.M000030"",""observationDate"":""2023-01-27"",""row"":191,""column"":5,""columns"":{""seriesKey"":2,""date"":4,""value"":5,""unit"":6,""status"":7,""comments"":8}},""rawValue"":""18817668.88""}"
deposits,2023-02,2023-02-24,18915692.42,Million PKR,not-stated,Normal,,,"{""artifactId"":""TS_GP_BAM_M2_W.M000030:2809dead1bb34324b62fab07a3101c87d2086f8d3af34a3ca5ebc798c51ae6d1:552de676c5b6"",""sourceKey"":""TS_GP_BAM_M2_W.M000030"",""retrievedAt"":""2026-09-30T22:08:45.248Z"",""locator"":{""seriesKey"":""TS_GP_BAM_M2_W.M000030"",""observationDate"":""2023-02-24"",""row"":187,""column"":5,""columns"":{""seriesKey"":2,""date"":4,""value"":5,""unit"":6,""status"":7,""comments"":8}},""rawValue"":""18915692.42""}"
deposits,2023-03,2023-03-31,19941838.1,Million PKR,not-stated,Normal,,,"{""artifactId"":""TS_GP_BAM_M2_W.M000030:2809dead1bb34324b62fab07a3101c87d2086f8d3af34a3ca5ebc798c51ae6d1:552de676c5b6"",""sourceKey"":""TS_GP_BAM_M2_W.M000030"",""retrievedAt"":""2026-09-30T22:08:45.248Z"",""locator"":{""seriesKey"":""TS_GP_BAM_M2_W.M000030"",""observationDate"":""2023-03-31"",""row"":182,""column"":5,""columns"":{""seriesKey"":2,""date"":4,""value"":5,""unit"":6,""status"":7,""comments"":8}},""rawValue"":""19941838.1""}"
deposits,2023-04,2023-04-28,19795152.61,Million PKR,not-stated,Normal,,,"{""artifactId"":""TS_GP_BAM_M2_W.M000030:2809dead1bb34324b62fab07a3101c87d2086f8d3af34a3ca5ebc798c51ae6d1:552de676c5b6"",""sourceKey"":""TS_GP_BAM_M2_W.M000030"",""retrievedAt"":""2026-09-30T22:08:45.248Z"",""locator"":{""seriesKey"":""TS_GP_BAM_M2_W.M000030"",""observationDate"":""2023-04-28"",""row"":178,""column"":5,""columns"":{""seriesKey"":2,""date"":4,""value"":5,""unit"":6,""status"":7,""comments"":8}},""rawValue"":""19795152.61""}"
deposits,2023-05,2023-05-26,20214772.43,Million PKR,not-stated,Normal,,,"{""artifactId"":""TS_GP_BAM_M2_W.M000030:2809dead1bb34324b62fab07a3101c87d2086f8d3af34a3ca5ebc798c51ae6d1:552de676c5b6"",""sourceKey"":""TS_GP_BAM_M2_W.M000030"",""retrievedAt"":""2026-09-30T22:08:45.248Z"",""locator"":{""seriesKey"":""TS_GP_BAM_M2_W.M000030"",""observationDate"":""2023-05-26"",""row"":174,""column"":5,""columns"":{""seriesKey"":2,""date"":4,""value"":5,""unit"":6,""status"":7,""comments"":8}},""rawValue"":""20214772.43""}"
deposits,2023-06,2023-06-30,21744840.18,Million PKR,not-stated,Normal,,,"{""artifactId"":""TS_GP_BAM_M2_W.M000030:2809dead1bb34324b62fab07a3101c87d2086f8d3af34a3ca5ebc798c51ae6d1:552de676c5b6"",""sourceKey"":""TS_GP_BAM_M2_W.M000030"",""retrievedAt"":""2026-09-30T22:08:45.248Z"",""locator"":{""seriesKey"":""TS_GP_BAM_M2_W.M000030"",""observationDate"":""2023-06-30"",""row"":169,""column"":5,""columns"":{""seriesKey"":2,""date"":4,""value"":5,""unit"":6,""status"":7,""comments"":8}},""rawValue"":""21744840.18""}"
deposits,2023-07,2023-07-28,21461379.49,Million PKR,not-stated,Normal,,,"{""artifactId"":""TS_GP_BAM_M2_W.M000030:2809dead1bb34324b62fab07a3101c87d2086f8d3af34a3ca5ebc798c51ae6d1:552de676c5b6"",""sourceKey"":""TS_GP_BAM_M2_W.M000030"",""retrievedAt"":""2026-09-30T22:08:45.248Z"",""locator"":{""seriesKey"":""TS_GP_BAM_M2_W.M000030"",""observationDate"":""2023-07-28"",""row"":165,""column"":5,""columns"":{""seriesKey"":2,""date"":4,""value"":5,""unit"":6,""status"":7,""comments"":8}},""rawValue"":""21461379.49""}"
deposits,2023-08,2023-08-25,21619029.52,Million PKR,not-stated,Normal,,,"{""artifactId"":""TS_GP_BAM_M2_W.M000030:2809dead1bb34324b62fab07a3101c87d2086f8d3af34a3ca5ebc798c51ae6d1:552de676c5b6"",""sourceKey"":""TS_GP_BAM_M2_W.M000030"",""retrievedAt"":""2026-09-30T22:08:45.248Z"",""locator"":{""seriesKey"":""TS_GP_BAM_M2_W.M000030"",""observationDate"":""2023-08-25"",""row"":161,""column"":5,""columns"":{""seriesKey"":2,""date"":4,""value"":5,""unit"":6,""status"":7,""comments"":8}},""rawValue"":""21619029.52""}"
deposits,2023-09,2023-09-29,22538024.26,Million PKR,not-stated,Normal,,,"{""artifactId"":""TS_GP_BAM_M2_W.M000030:2809dead1bb34324b62fab07a3101c87d2086f8d3af34a3ca5ebc798c51ae6d1:552de676c5b6"",""sourceKey"":""TS_GP_BAM_M2_W.M000030"",""retrievedAt"":""2026-09-30T22:08:45.248Z"",""locator"":{""seriesKey"":""TS_GP_BAM_M2_W.M000030"",""observationDate"":""2023-09-29"",""row"":156,""column"":5,""columns"":{""seriesKey"":2,""date"":4,""value"":5,""unit"":6,""status"":7,""comments"":8}},""rawValue"":""22538024.26""}"
deposits,2023-10,2023-10-27,22033319.56,Million PKR,not-stated,Normal,,,"{""artifactId"":""TS_GP_BAM_M2_W.M000030:2809dead1bb34324b62fab07a3101c87d2086f8d3af34a3ca5ebc798c51ae6d1:552de676c5b6"",""sourceKey"":""TS_GP_BAM_M2_W.M000030"",""retrievedAt"":""2026-09-30T22:08:45.248Z"",""locator"":{""seriesKey"":""TS_GP_BAM_M2_W.M000030"",""observationDate"":""2023-10-27"",""row"":152,""column"":5,""columns"":{""seriesKey"":2,""date"":4,""value"":5,""unit"":6,""status"":7,""comments"":8}},""rawValue"":""22033319.56""}"
deposits,2023-11,2023-11-24,22213938.94,Million PKR,not-stated,Normal,,,"{""artifactId"":""TS_GP_BAM_M2_W.M000030:2809dead1bb34324b62fab07a3101c87d2086f8d3af34a3ca5ebc798c51ae6d1:552de676c5b6"",""sourceKey"":""TS_GP_BAM_M2_W.M000030"",""retrievedAt"":""2026-09-30T22:08:45.248Z"",""locator"":{""seriesKey"":""TS_GP_BAM_M2_W.M000030"",""observationDate"":""2023-11-24"",""row"":148,""column"":5,""columns"":{""seriesKey"":2,""date"":4,""value"":5,""unit"":6,""status"":7,""comments"":8}},""rawValue"":""22213938.94""}"
deposits,2023-12,2023-12-29,23751834.92,Million PKR,not-stated,Normal,,,"{""artifactId"":""TS_GP_BAM_M2_W.M000030:2809dead1bb34324b62fab07a3101c87d2086f8d3af34a3ca5ebc798c51ae6d1:552de676c5b6"",""sourceKey"":""TS_GP_BAM_M2_W.M000030"",""retrievedAt"":""2026-09-30T22:08:45.248Z"",""locator"":{""seriesKey"":""TS_GP_BAM_M2_W.M000030"",""observationDate"":""2023-12-29"",""row"":143,""column"":5,""columns"":{""seriesKey"":2,""date"":4,""value"":5,""unit"":6,""status"":7,""comments"":8}},""rawValue"":""23751834.92""}"
deposits,2024-01,2024-01-26,22675065.23,Million PKR,not-stated,Normal,,,"{""artifactId"":""TS_GP_BAM_M2_W.M000030:2809dead1bb34324b62fab07a3101c87d2086f8d3af34a3ca5ebc798c51ae6d1:552de676c5b6"",""sourceKey"":""TS_GP_BAM_M2_W.M000030"",""retrievedAt"":""2026-09-30T22:08:45.248Z"",""locator"":{""seriesKey"":""TS_GP_BAM_M2_W.M000030"",""observationDate"":""2024-01-26"",""row"":139,""column"":5,""columns"":{""seriesKey"":2,""date"":4,""value"":5,""unit"":6,""status"":7,""comments"":8}},""rawValue"":""22675065.23""}"
deposits,2024-02,2024-02-23,23049956.04,Million PKR,not-stated,Normal,,,"{""artifactId"":""TS_GP_BAM_M2_W.M000030:2809dead1bb34324b62fab07a3101c87d2086f8d3af34a3ca5ebc798c51ae6d1:552de676c5b6"",""sourceKey"":""TS_GP_BAM_M2_W.M000030"",""retrievedAt"":""2026-09-30T22:08:45.248Z"",""locator"":{""seriesKey"":""TS_GP_BAM_M2_W.M000030"",""observationDate"":""2024-02-23"",""row"":135,""column"":5,""columns"":{""seriesKey"":2,""date"":4,""value"":5,""unit"":6,""status"":7,""comments"":8}},""rawValue"":""23049956.04""}"
deposits,2024-03,2024-03-29,24290733.29,Million PKR,not-stated,Normal,,,"{""artifactId"":""TS_GP_BAM_M2_W.M000030:2809dead1bb34324b62fab07a3101c87d2086f8d3af34a3ca5ebc798c51ae6d1:552de676c5b6"",""sourceKey"":""TS_GP_BAM_M2_W.M000030"",""retrievedAt"":""2026-09-30T22:08:45.248Z"",""locator"":{""seriesKey"":""TS_GP_BAM_M2_W.M000030"",""observationDate"":""2024-03-29"",""row"":130,""column"":5,""columns"":{""seriesKey"":2,""date"":4,""value"":5,""unit"":6,""status"":7,""comments"":8}},""rawValue"":""24290733.29""}"
deposits,2024-04,2024-04-26,23822680.94,Million PKR,not-stated,Normal,,,"{""artifactId"":""TS_GP_BAM_M2_W.M000030:2809dead1bb34324b62fab07a3101c87d2086f8d3af34a3ca5ebc798c51ae6d1:552de676c5b6"",""sourceKey"":""TS_GP_BAM_M2_W.M000030"",""retrievedAt"":""2026-09-30T22:08:45.248Z"",""locator"":{""seriesKey"":""TS_GP_BAM_M2_W.M000030"",""observationDate"":""2024-04-26"",""row"":126,""column"":5,""columns"":{""seriesKey"":2,""date"":4,""value"":5,""unit"":6,""status"":7,""comments"":8}},""rawValue"":""23822680.94""}"
deposits,2024-05,2024-05-31,25075140.27,Million PKR,not-stated,Normal,,,"{""artifactId"":""TS_GP_BAM_M2_W.M000030:2809dead1bb34324b62fab07a3101c87d2086f8d3af34a3ca5ebc798c51ae6d1:552de676c5b6"",""sourceKey"":""TS_GP_BAM_M2_W.M000030"",""retrievedAt"":""2026-09-30T22:08:45.248Z"",""locator"":{""seriesKey"":""TS_GP_BAM_M2_W.M000030"",""observationDate"":""2024-05-31"",""row"":121,""column"":5,""columns"":{""seriesKey"":2,""date"":4,""value"":5,""unit"":6,""status"":7,""comments"":8}},""rawValue"":""25075140.27""}"
deposits,2024-06,2024-06-28,26399348.63,Million PKR,not-stated,Normal,,,"{""artifactId"":""TS_GP_BAM_M2_W.M000030:2809dead1bb34324b62fab07a3101c87d2086f8d3af34a3ca5ebc798c51ae6d1:552de676c5b6"",""sourceKey"":""TS_GP_BAM_M2_W.M000030"",""retrievedAt"":""2026-09-30T22:08:45.248Z"",""locator"":{""seriesKey"":""TS_GP_BAM_M2_W.M000030"",""observationDate"":""2024-06-28"",""row"":117,""column"":5,""columns"":{""seriesKey"":2,""date"":4,""value"":5,""unit"":6,""status"":7,""comments"":8}},""rawValue"":""26399348.63""}"
deposits,2024-07,2024-07-26,25287279.75,Million PKR,not-stated,Normal,,,"{""artifactId"":""TS_GP_BAM_M2_W.M000030:2809dead1bb34324b62fab07a3101c87d2086f8d3af34a3ca5ebc798c51ae6d1:552de676c5b6"",""sourceKey"":""TS_GP_BAM_M2_W.M000030"",""retrievedAt"":""2026-09-30T22:08:45.248Z"",""locator"":{""seriesKey"":""TS_GP_BAM_M2_W.M000030"",""observationDate"":""2024-07-26"",""row"":113,""column"":5,""columns"":{""seriesKey"":2,""date"":4,""value"":5,""unit"":6,""status"":7,""comments"":8}},""rawValue"":""25287279.75""}"
deposits,2024-08,2024-08-30,26061397.67,Million PKR,not-stated,Normal,,,"{""artifactId"":""TS_GP_BAM_M2_W.M000030:2809dead1bb34324b62fab07a3101c87d2086f8d3af34a3ca5ebc798c51ae6d1:552de676c5b6"",""sourceKey"":""TS_GP_BAM_M2_W.M000030"",""retrievedAt"":""2026-09-30T22:08:45.248Z"",""locator"":{""seriesKey"":""TS_GP_BAM_M2_W.M000030"",""observationDate"":""2024-08-30"",""row"":108,""column"":5,""columns"":{""seriesKey"":2,""date"":4,""value"":5,""unit"":6,""status"":7,""comments"":8}},""rawValue"":""26061397.67""}"
deposits,2024-09,2024-09-27,26172569.93,Million PKR,not-stated,Normal,,,"{""artifactId"":""TS_GP_BAM_M2_W.M000030:2809dead1bb34324b62fab07a3101c87d2086f8d3af34a3ca5ebc798c51ae6d1:552de676c5b6"",""sourceKey"":""TS_GP_BAM_M2_W.M000030"",""retrievedAt"":""2026-09-30T22:08:45.248Z"",""locator"":{""seriesKey"":""TS_GP_BAM_M2_W.M000030"",""observationDate"":""2024-09-27"",""row"":104,""column"":5,""columns"":{""seriesKey"":2,""date"":4,""value"":5,""unit"":6,""status"":7,""comments"":8}},""rawValue"":""26172569.93""}"
deposits,2024-10,2024-10-25,26097183.73,Million PKR,not-stated,Normal,,,"{""artifactId"":""TS_GP_BAM_M2_W.M000030:2809dead1bb34324b62fab07a3101c87d2086f8d3af34a3ca5ebc798c51ae6d1:552de676c5b6"",""sourceKey"":""TS_GP_BAM_M2_W.M000030"",""retrievedAt"":""2026-09-30T22:08:45.248Z"",""locator"":{""seriesKey"":""TS_GP_BAM_M2_W.M000030"",""observationDate"":""2024-10-25"",""row"":100,""column"":5,""columns"":{""seriesKey"":2,""date"":4,""value"":5,""unit"":6,""status"":7,""comments"":8}},""rawValue"":""26097183.73""}"
deposits,2024-11,2024-11-29,26389773.56,Million PKR,not-stated,Normal,,,"{""artifactId"":""TS_GP_BAM_M2_W.M000030:2809dead1bb34324b62fab07a3101c87d2086f8d3af34a3ca5ebc798c51ae6d1:552de676c5b6"",""sourceKey"":""TS_GP_BAM_M2_W.M000030"",""retrievedAt"":""2026-09-30T22:08:45.248Z"",""locator"":{""seriesKey"":""TS_GP_BAM_M2_W.M000030"",""observationDate"":""2024-11-29"",""row"":95,""column"":5,""columns"":{""seriesKey"":2,""date"":4,""value"":5,""unit"":6,""status"":7,""comments"":8}},""rawValue"":""26389773.56""}"
deposits,2024-12,2024-12-27,26142262.52,Million PKR,not-stated,Normal,,,"{""artifactId"":""TS_GP_BAM_M2_W.M000030:2809dead1bb34324b62fab07a3101c87d2086f8d3af34a3ca5ebc798c51ae6d1:552de676c5b6"",""sourceKey"":""TS_GP_BAM_M2_W.M000030"",""retrievedAt"":""2026-09-30T22:08:45.248Z"",""locator"":{""seriesKey"":""TS_GP_BAM_M2_W.M000030"",""observationDate"":""2024-12-27"",""row"":91,""column"":5,""columns"":{""seriesKey"":2,""date"":4,""value"":5,""unit"":6,""status"":7,""comments"":8}},""rawValue"":""26142262.52""}"
deposits,2025-01,2025-01-31,26248750.46,Million PKR,not-stated,Normal,,,"{""artifactId"":""TS_GP_BAM_M2_W.M000030:2809dead1bb34324b62fab07a3101c87d2086f8d3af34a3ca5ebc798c51ae6d1:552de676c5b6"",""sourceKey"":""TS_GP_BAM_M2_W.M000030"",""retrievedAt"":""2026-09-30T22:08:45.248Z"",""locator"":{""seriesKey"":""TS_GP_BAM_M2_W.M000030"",""observationDate"":""2025-01-31"",""row"":86,""column"":5,""columns"":{""seriesKey"":2,""date"":4,""value"":5,""unit"":6,""status"":7,""comments"":8}},""rawValue"":""26248750.46""}"
deposits,2025-02,2025-02-28,26234619.68,Million PKR,not-stated,Normal,,,"{""artifactId"":""TS_GP_BAM_M2_W.M000030:2809dead1bb34324b62fab07a3101c87d2086f8d3af34a3ca5ebc798c51ae6d1:552de676c5b6"",""sourceKey"":""TS_GP_BAM_M2_W.M000030"",""retrievedAt"":""2026-09-30T22:08:45.248Z"",""locator"":{""seriesKey"":""TS_GP_BAM_M2_W.M000030"",""observationDate"":""2025-02-28"",""row"":82,""column"":5,""columns"":{""seriesKey"":2,""date"":4,""value"":5,""unit"":6,""status"":7,""comments"":8}},""rawValue"":""26234619.68""}"
deposits,2025-03,2025-03-28,27142896.26,Million PKR,not-stated,Normal,,,"{""artifactId"":""TS_GP_BAM_M2_W.M000030:2809dead1bb34324b62fab07a3101c87d2086f8d3af34a3ca5ebc798c51ae6d1:552de676c5b6"",""sourceKey"":""TS_GP_BAM_M2_W.M000030"",""retrievedAt"":""2026-09-30T22:08:45.248Z"",""locator"":{""seriesKey"":""TS_GP_BAM_M2_W.M000030"",""observationDate"":""2025-03-28"",""row"":78,""column"":5,""columns"":{""seriesKey"":2,""date"":4,""value"":5,""unit"":6,""status"":7,""comments"":8}},""rawValue"":""27142896.26""}"
deposits,2025-04,2025-04-25,26547823.28,Million PKR,not-stated,Normal,,,"{""artifactId"":""TS_GP_BAM_M2_W.M000030:2809dead1bb34324b62fab07a3101c87d2086f8d3af34a3ca5ebc798c51ae6d1:552de676c5b6"",""sourceKey"":""TS_GP_BAM_M2_W.M000030"",""retrievedAt"":""2026-09-30T22:08:45.248Z"",""locator"":{""seriesKey"":""TS_GP_BAM_M2_W.M000030"",""observationDate"":""2025-04-25"",""row"":74,""column"":5,""columns"":{""seriesKey"":2,""date"":4,""value"":5,""unit"":6,""status"":7,""comments"":8}},""rawValue"":""26547823.28""}"
deposits,2025-05,2025-05-30,27761952.73,Million PKR,not-stated,Normal,,,"{""artifactId"":""TS_GP_BAM_M2_W.M000030:2809dead1bb34324b62fab07a3101c87d2086f8d3af34a3ca5ebc798c51ae6d1:552de676c5b6"",""sourceKey"":""TS_GP_BAM_M2_W.M000030"",""retrievedAt"":""2026-09-30T22:08:45.248Z"",""locator"":{""seriesKey"":""TS_GP_BAM_M2_W.M000030"",""observationDate"":""2025-05-30"",""row"":69,""column"":5,""columns"":{""seriesKey"":2,""date"":4,""value"":5,""unit"":6,""status"":7,""comments"":8}},""rawValue"":""27761952.73""}"
deposits,2025-06,2025-06-27,29523604.7,Million PKR,not-stated,Normal,,,"{""artifactId"":""TS_GP_BAM_M2_W.M000030:2809dead1bb34324b62fab07a3101c87d2086f8d3af34a3ca5ebc798c51ae6d1:552de676c5b6"",""sourceKey"":""TS_GP_BAM_M2_W.M000030"",""retrievedAt"":""2026-09-30T22:08:45.248Z"",""locator"":{""seriesKey"":""TS_GP_BAM_M2_W.M000030"",""observationDate"":""2025-06-27"",""row"":65,""column"":5,""columns"":{""seriesKey"":2,""date"":4,""value"":5,""unit"":6,""status"":7,""comments"":8}},""rawValue"":""29523604.7""}"
deposits,2025-07,2025-07-25,28165303.32,Million PKR,not-stated,Normal,,,"{""artifactId"":""TS_GP_BAM_M2_W.M000030:2809dead1bb34324b62fab07a3101c87d2086f8d3af34a3ca5ebc798c51ae6d1:552de676c5b6"",""sourceKey"":""TS_GP_BAM_M2_W.M000030"",""retrievedAt"":""2026-09-30T22:08:45.248Z"",""locator"":{""seriesKey"":""TS_GP_BAM_M2_W.M000030"",""observationDate"":""2025-07-25"",""row"":61,""column"":5,""columns"":{""seriesKey"":2,""date"":4,""value"":5,""unit"":6,""status"":7,""comments"":8}},""rawValue"":""28165303.32""}"
deposits,2025-08,2025-08-29,28833782.47,Million PKR,not-stated,Normal,,,"{""artifactId"":""TS_GP_BAM_M2_W.M000030:2809dead1bb34324b62fab07a3101c87d2086f8d3af34a3ca5ebc798c51ae6d1:552de676c5b6"",""sourceKey"":""TS_GP_BAM_M2_W.M000030"",""retrievedAt"":""2026-09-30T22:08:45.248Z"",""locator"":{""seriesKey"":""TS_GP_BAM_M2_W.M000030"",""observationDate"":""2025-08-29"",""row"":56,""column"":5,""columns"":{""seriesKey"":2,""date"":4,""value"":5,""unit"":6,""status"":7,""comments"":8}},""rawValue"":""28833782.47""}"
deposits,2025-09,2025-09-26,28347735.07,Million PKR,not-stated,Normal,,,"{""artifactId"":""TS_GP_BAM_M2_W.M000030:2809dead1bb34324b62fab07a3101c87d2086f8d3af34a3ca5ebc798c51ae6d1:552de676c5b6"",""sourceKey"":""TS_GP_BAM_M2_W.M000030"",""retrievedAt"":""2026-09-30T22:08:45.248Z"",""locator"":{""seriesKey"":""TS_GP_BAM_M2_W.M000030"",""observationDate"":""2025-09-26"",""row"":52,""column"":5,""columns"":{""seriesKey"":2,""date"":4,""value"":5,""unit"":6,""status"":7,""comments"":8}},""rawValue"":""28347735.07""}"
deposits,2025-10,2025-10-31,29202194.78,Million PKR,not-stated,Normal,,,"{""artifactId"":""TS_GP_BAM_M2_W.M000030:2809dead1bb34324b62fab07a3101c87d2086f8d3af34a3ca5ebc798c51ae6d1:552de676c5b6"",""sourceKey"":""TS_GP_BAM_M2_W.M000030"",""retrievedAt"":""2026-09-30T22:08:45.248Z"",""locator"":{""seriesKey"":""TS_GP_BAM_M2_W.M000030"",""observationDate"":""2025-10-31"",""row"":47,""column"":5,""columns"":{""seriesKey"":2,""date"":4,""value"":5,""unit"":6,""status"":7,""comments"":8}},""rawValue"":""29202194.78""}"
deposits,2025-11,2025-11-28,29731634.22,Million PKR,not-stated,Normal,,,"{""artifactId"":""TS_GP_BAM_M2_W.M000030:2809dead1bb34324b62fab07a3101c87d2086f8d3af34a3ca5ebc798c51ae6d1:552de676c5b6"",""sourceKey"":""TS_GP_BAM_M2_W.M000030"",""retrievedAt"":""2026-09-30T22:08:45.248Z"",""locator"":{""seriesKey"":""TS_GP_BAM_M2_W.M000030"",""observationDate"":""2025-11-28"",""row"":43,""column"":5,""columns"":{""seriesKey"":2,""date"":4,""value"":5,""unit"":6,""status"":7,""comments"":8}},""rawValue"":""29731634.22""}"
deposits,2025-12,2025-12-26,30286955.45,Million PKR,not-stated,Normal,,,"{""artifactId"":""TS_GP_BAM_M2_W.M000030:2809dead1bb34324b62fab07a3101c87d2086f8d3af34a3ca5ebc798c51ae6d1:552de676c5b6"",""sourceKey"":""TS_GP_BAM_M2_W.M000030"",""retrievedAt"":""2026-09-30T22:08:45.248Z"",""locator"":{""seriesKey"":""TS_GP_BAM_M2_W.M000030"",""observationDate"":""2025-12-26"",""row"":39,""column"":5,""columns"":{""seriesKey"":2,""date"":4,""value"":5,""unit"":6,""status"":7,""comments"":8}},""rawValue"":""30286955.45""}"
deposits,2026-01,2026-01-30,30483220.61,Million PKR,not-stated,Normal,,,"{""artifactId"":""TS_GP_BAM_M2_W.M000030:2809dead1bb34324b62fab07a3101c87d2086f8d3af34a3ca5ebc798c51ae6d1:552de676c5b6"",""sourceKey"":""TS_GP_BAM_M2_W.M000030"",""retrievedAt"":""2026-09-30T22:08:45.248Z"",""locator"":{""seriesKey"":""TS_GP_BAM_M2_W.M000030"",""observationDate"":""2026-01-30"",""row"":34,""column"":5,""columns"":{""seriesKey"":2,""date"":4,""value"":5,""unit"":6,""status"":7,""comments"":8}},""rawValue"":""30483220.61""}"
deposits,2026-02,2026-02-27,30525179.45,Million PKR,not-stated,Normal,,,"{""artifactId"":""TS_GP_BAM_M2_W.M000030:2809dead1bb34324b62fab07a3101c87d2086f8d3af34a3ca5ebc798c51ae6d1:552de676c5b6"",""sourceKey"":""TS_GP_BAM_M2_W.M000030"",""retrievedAt"":""2026-09-30T22:08:45.248Z"",""locator"":{""seriesKey"":""TS_GP_BAM_M2_W.M000030"",""observationDate"":""2026-02-27"",""row"":30,""column"":5,""columns"":{""seriesKey"":2,""date"":4,""value"":5,""unit"":6,""status"":7,""comments"":8}},""rawValue"":""30525179.45""}"
deposits,2026-03,2026-03-27,30519196.55,Million PKR,not-stated,Normal,,,"{""artifactId"":""TS_GP_BAM_M2_W.M000030:2809dead1bb34324b62fab07a3101c87d2086f8d3af34a3ca5ebc798c51ae6d1:552de676c5b6"",""sourceKey"":""TS_GP_BAM_M2_W.M000030"",""retrievedAt"":""2026-09-30T22:08:45.248Z"",""locator"":{""seriesKey"":""TS_GP_BAM_M2_W.M000030"",""observationDate"":""2026-03-27"",""row"":26,""column"":5,""columns"":{""seriesKey"":2,""date"":4,""value"":5,""unit"":6,""status"":7,""comments"":8}},""rawValue"":""30519196.55""}"
deposits,2026-04,2026-04-24,30432871.83,Million PKR,not-stated,Normal,,,"{""artifactId"":""TS_GP_BAM_M2_W.M000030:2809dead1bb34324b62fab07a3101c87d2086f8d3af34a3ca5ebc798c51ae6d1:552de676c5b6"",""sourceKey"":""TS_GP_BAM_M2_W.M000030"",""retrievedAt"":""2026-09-30T22:08:45.248Z"",""locator"":{""seriesKey"":""TS_GP_BAM_M2_W.M000030"",""observationDate"":""2026-04-24"",""row"":22,""column"":5,""columns"":{""seriesKey"":2,""date"":4,""value"":5,""unit"":6,""status"":7,""comments"":8}},""rawValue"":""30432871.83""}"
deposits,2026-05,2026-05-29,31468193.58,Million PKR,not-stated,Normal,,,"{""artifactId"":""TS_GP_BAM_M2_W.M000030:2809dead1bb34324b62fab07a3101c87d2086f8d3af34a3ca5ebc798c51ae6d1:552de676c5b6"",""sourceKey"":""TS_GP_BAM_M2_W.M000030"",""retrievedAt"":""2026-09-30T22:08:45.248Z"",""locator"":{""seriesKey"":""TS_GP_BAM_M2_W.M000030"",""observationDate"":""2026-05-29"",""row"":17,""column"":5,""columns"":{""seriesKey"":2,""date"":4,""value"":5,""unit"":6,""status"":7,""comments"":8}},""rawValue"":""31468193.58""}"
deposits,2026-06,2026-06-26,33280556.69,Million PKR,not-stated,Normal,,,"{""artifactId"":""TS_GP_BAM_M2_W.M000030:2809dead1bb34324b62fab07a3101c87d2086f8d3af34a3ca5ebc798c51ae6d1:552de676c5b6"",""sourceKey"":""TS_GP_BAM_M2_W.M000030"",""retrievedAt"":""2026-09-30T22:08:45.248Z"",""locator"":{""seriesKey"":""TS_GP_BAM_M2_W.M000030"",""observationDate"":""2026-06-26"",""row"":13,""column"":5,""columns"":{""seriesKey"":2,""date"":4,""value"":5,""unit"":6,""status"":7,""comments"":8}},""rawValue"":""33280556.69""}"
deposits,2026-07,2026-07-31,32423634.94,Million PKR,not-stated,Normal,,,"{""artifactId"":""TS_GP_BAM_M2_W.M000030:2809dead1bb34324b62fab07a3101c87d2086f8d3af34a3ca5ebc798c51ae6d1:552de676c5b6"",""sourceKey"":""TS_GP_BAM_M2_W.M000030"",""retrievedAt"":""2026-09-30T22:08:45.248Z"",""locator"":{""seriesKey"":""TS_GP_BAM_M2_W.M000030"",""observationDate"":""2026-07-31"",""row"":8,""column"":5,""columns"":{""seriesKey"":2,""date"":4,""value"":5,""unit"":6,""status"":7,""comments"":8}},""rawValue"":""32423634.94""}"
deposits,2026-08,2026-08-28,32218560.19,Million PKR,not-stated,Normal,,,"{""artifactId"":""TS_GP_BAM_M2_W.M000030:2809dead1bb34324b62fab07a3101c87d2086f8d3af34a3ca5ebc798c51ae6d1:552de676c5b6"",""sourceKey"":""TS_GP_BAM_M2_W.M000030"",""retrievedAt"":""2026-09-30T22:08:45.248Z"",""locator"":{""seriesKey"":""TS_GP_BAM_M2_W.M000030"",""observationDate"":""2026-08-28"",""row"":4,""column"":5,""columns"":{""seriesKey"":2,""date"":4,""value"":5,""unit"":6,""status"":7,""comments"":8}},""rawValue"":""32218560.19""}"
deposits,2026-09,2026-09-18,32343770.1,Million PKR,not-stated,Normal,,,"{""artifactId"":""TS_GP_BAM_M2_W.M000030:2809dead1bb34324b62fab07a3101c87d2086f8d3af34a3ca5ebc798c51ae6d1:552de676c5b6"",""sourceKey"":""TS_GP_BAM_M2_W.M000030"",""retrievedAt"":""2026-09-30T22:08:45.248Z"",""locator"":{""seriesKey"":""TS_GP_BAM_M2_W.M000030"",""observationDate"":""2026-09-18"",""row"":1,""column"":5,""columns"":{""seriesKey"":2,""date"":4,""value"":5,""unit"":6,""status"":7,""comments"":8}},""rawValue"":""32343770.1""}"
deposits_yoy,2021-10,2021-10-29,13.64,Percent,not-stated,Normal,,,"{""artifactId"":""TS_GP_BAM_M2_W.M000490:150a186b6efffe77199e543e20dcb5092b2b39549a4c809579791503376cd2ac:16af5114739a"",""sourceKey"":""TS_GP_BAM_M2_W.M000490"",""retrievedAt"":""2026-09-30T22:08:45.732Z"",""locator"":{""seriesKey"":""TS_GP_BAM_M2_W.M000490"",""observationDate"":""2021-10-29"",""row"":256,""column"":5,""columns"":{""seriesKey"":2,""date"":4,""value"":5,""unit"":6,""status"":7,""comments"":8}},""rawValue"":""13.63992631""}"
deposits_yoy,2021-11,2021-11-26,12.79,Percent,not-stated,Normal,,,"{""artifactId"":""TS_GP_BAM_M2_W.M000490:150a186b6efffe77199e543e20dcb5092b2b39549a4c809579791503376cd2ac:16af5114739a"",""sourceKey"":""TS_GP_BAM_M2_W.M000490"",""retrievedAt"":""2026-09-30T22:08:45.732Z"",""locator"":{""seriesKey"":""TS_GP_BAM_M2_W.M000490"",""observationDate"":""2021-11-26"",""row"":252,""column"":5,""columns"":{""seriesKey"":2,""date"":4,""value"":5,""unit"":6,""status"":7,""comments"":8}},""rawValue"":""12.78832271""}"
deposits_yoy,2021-12,2021-12-31,15.18,Percent,not-stated,Normal,,,"{""artifactId"":""TS_GP_BAM_M2_W.M000490:150a186b6efffe77199e543e20dcb5092b2b39549a4c809579791503376cd2ac:16af5114739a"",""sourceKey"":""TS_GP_BAM_M2_W.M000490"",""retrievedAt"":""2026-09-30T22:08:45.732Z"",""locator"":{""seriesKey"":""TS_GP_BAM_M2_W.M000490"",""observationDate"":""2021-12-31"",""row"":247,""column"":5,""columns"":{""seriesKey"":2,""date"":4,""value"":5,""unit"":6,""status"":7,""comments"":8}},""rawValue"":""15.17670466""}"
deposits_yoy,2022-01,2022-01-28,13.61,Percent,not-stated,Normal,,,"{""artifactId"":""TS_GP_BAM_M2_W.M000490:150a186b6efffe77199e543e20dcb5092b2b39549a4c809579791503376cd2ac:16af5114739a"",""sourceKey"":""TS_GP_BAM_M2_W.M000490"",""retrievedAt"":""2026-09-30T22:08:45.732Z"",""locator"":{""seriesKey"":""TS_GP_BAM_M2_W.M000490"",""observationDate"":""2022-01-28"",""row"":243,""column"":5,""columns"":{""seriesKey"":2,""date"":4,""value"":5,""unit"":6,""status"":7,""comments"":8}},""rawValue"":""13.61185165""}"
deposits_yoy,2022-02,2022-02-25,11.77,Percent,not-stated,Normal,,,"{""artifactId"":""TS_GP_BAM_M2_W.M000490:150a186b6efffe77199e543e20dcb5092b2b39549a4c809579791503376cd2ac:16af5114739a"",""sourceKey"":""TS_GP_BAM_M2_W.M000490"",""retrievedAt"":""2026-09-30T22:08:45.732Z"",""locator"":{""seriesKey"":""TS_GP_BAM_M2_W.M000490"",""observationDate"":""2022-02-25"",""row"":239,""column"":5,""columns"":{""seriesKey"":2,""date"":4,""value"":5,""unit"":6,""status"":7,""comments"":8}},""rawValue"":""11.77418998""}"
deposits_yoy,2022-03,2022-03-25,11.91,Percent,not-stated,Normal,,,"{""artifactId"":""TS_GP_BAM_M2_W.M000490:150a186b6efffe77199e543e20dcb5092b2b39549a4c809579791503376cd2ac:16af5114739a"",""sourceKey"":""TS_GP_BAM_M2_W.M000490"",""retrievedAt"":""2026-09-30T22:08:45.732Z"",""locator"":{""seriesKey"":""TS_GP_BAM_M2_W.M000490"",""observationDate"":""2022-03-25"",""row"":235,""column"":5,""columns"":{""seriesKey"":2,""date"":4,""value"":5,""unit"":6,""status"":7,""comments"":8}},""rawValue"":""11.91286168""}"
deposits_yoy,2022-04,2022-04-29,12.52,Percent,not-stated,Normal,,,"{""artifactId"":""TS_GP_BAM_M2_W.M000490:150a186b6efffe77199e543e20dcb5092b2b39549a4c809579791503376cd2ac:16af5114739a"",""sourceKey"":""TS_GP_BAM_M2_W.M000490"",""retrievedAt"":""2026-09-30T22:08:45.732Z"",""locator"":{""seriesKey"":""TS_GP_BAM_M2_W.M000490"",""observationDate"":""2022-04-29"",""row"":230,""column"":5,""columns"":{""seriesKey"":2,""date"":4,""value"":5,""unit"":6,""status"":7,""comments"":8}},""rawValue"":""12.52360499""}"
deposits_yoy,2022-05,2022-05-27,16.21,Percent,not-stated,Normal,,,"{""artifactId"":""TS_GP_BAM_M2_W.M000490:150a186b6efffe77199e543e20dcb5092b2b39549a4c809579791503376cd2ac:16af5114739a"",""sourceKey"":""TS_GP_BAM_M2_W.M000490"",""retrievedAt"":""2026-09-30T22:08:45.732Z"",""locator"":{""seriesKey"":""TS_GP_BAM_M2_W.M000490"",""observationDate"":""2022-05-27"",""row"":226,""column"":5,""columns"":{""seriesKey"":2,""date"":4,""value"":5,""unit"":6,""status"":7,""comments"":8}},""rawValue"":""16.20841859""}"
deposits_yoy,2022-06,2022-06-24,14.43,Percent,not-stated,Normal,,,"{""artifactId"":""TS_GP_BAM_M2_W.M000490:150a186b6efffe77199e543e20dcb5092b2b39549a4c809579791503376cd2ac:16af5114739a"",""sourceKey"":""TS_GP_BAM_M2_W.M000490"",""retrievedAt"":""2026-09-30T22:08:45.732Z"",""locator"":{""seriesKey"":""TS_GP_BAM_M2_W.M000490"",""observationDate"":""2022-06-24"",""row"":222,""column"":5,""columns"":{""seriesKey"":2,""date"":4,""value"":5,""unit"":6,""status"":7,""comments"":8}},""rawValue"":""14.43080826""}"
deposits_yoy,2022-07,2022-07-29,16.36,Percent,not-stated,Normal,,,"{""artifactId"":""TS_GP_BAM_M2_W.M000490:150a186b6efffe77199e543e20dcb5092b2b39549a4c809579791503376cd2ac:16af5114739a"",""sourceKey"":""TS_GP_BAM_M2_W.M000490"",""retrievedAt"":""2026-09-30T22:08:45.732Z"",""locator"":{""seriesKey"":""TS_GP_BAM_M2_W.M000490"",""observationDate"":""2022-07-29"",""row"":217,""column"":5,""columns"":{""seriesKey"":2,""date"":4,""value"":5,""unit"":6,""status"":7,""comments"":8}},""rawValue"":""16.35718009""}"
deposits_yoy,2022-08,2022-08-26,14.99,Percent,not-stated,Normal,,,"{""artifactId"":""TS_GP_BAM_M2_W.M000490:150a186b6efffe77199e543e20dcb5092b2b39549a4c809579791503376cd2ac:16af5114739a"",""sourceKey"":""TS_GP_BAM_M2_W.M000490"",""retrievedAt"":""2026-09-30T22:08:45.732Z"",""locator"":{""seriesKey"":""TS_GP_BAM_M2_W.M000490"",""observationDate"":""2022-08-26"",""row"":213,""column"":5,""columns"":{""seriesKey"":2,""date"":4,""value"":5,""unit"":6,""status"":7,""comments"":8}},""rawValue"":""14.990865""}"
deposits_yoy,2022-09,2022-09-30,16.87,Percent,not-stated,Normal,,,"{""artifactId"":""TS_GP_BAM_M2_W.M000490:150a186b6efffe77199e543e20dcb5092b2b39549a4c809579791503376cd2ac:16af5114739a"",""sourceKey"":""TS_GP_BAM_M2_W.M000490"",""retrievedAt"":""2026-09-30T22:08:45.732Z"",""locator"":{""seriesKey"":""TS_GP_BAM_M2_W.M000490"",""observationDate"":""2022-09-30"",""row"":208,""column"":5,""columns"":{""seriesKey"":2,""date"":4,""value"":5,""unit"":6,""status"":7,""comments"":8}},""rawValue"":""16.86931672""}"
deposits_yoy,2022-10,2022-10-28,16.23,Percent,not-stated,Normal,,,"{""artifactId"":""TS_GP_BAM_M2_W.M000490:150a186b6efffe77199e543e20dcb5092b2b39549a4c809579791503376cd2ac:16af5114739a"",""sourceKey"":""TS_GP_BAM_M2_W.M000490"",""retrievedAt"":""2026-09-30T22:08:45.732Z"",""locator"":{""seriesKey"":""TS_GP_BAM_M2_W.M000490"",""observationDate"":""2022-10-28"",""row"":204,""column"":5,""columns"":{""seriesKey"":2,""date"":4,""value"":5,""unit"":6,""status"":7,""comments"":8}},""rawValue"":""16.22702526""}"
deposits_yoy,2022-11,2022-11-25,17.2,Percent,not-stated,Normal,,,"{""artifactId"":""TS_GP_BAM_M2_W.M000490:150a186b6efffe77199e543e20dcb5092b2b39549a4c809579791503376cd2ac:16af5114739a"",""sourceKey"":""TS_GP_BAM_M2_W.M000490"",""retrievedAt"":""2026-09-30T22:08:45.732Z"",""locator"":{""seriesKey"":""TS_GP_BAM_M2_W.M000490"",""observationDate"":""2022-11-25"",""row"":200,""column"":5,""columns"":{""seriesKey"":2,""date"":4,""value"":5,""unit"":6,""status"":7,""comments"":8}},""rawValue"":""17.20192138""}"
deposits_yoy,2022-12,2022-12-30,9.27,Percent,not-stated,Normal,,,"{""artifactId"":""TS_GP_BAM_M2_W.M000490:150a186b6efffe77199e543e20dcb5092b2b39549a4c809579791503376cd2ac:16af5114739a"",""sourceKey"":""TS_GP_BAM_M2_W.M000490"",""retrievedAt"":""2026-09-30T22:08:45.732Z"",""locator"":{""seriesKey"":""TS_GP_BAM_M2_W.M000490"",""observationDate"":""2022-12-30"",""row"":195,""column"":5,""columns"":{""seriesKey"":2,""date"":4,""value"":5,""unit"":6,""status"":7,""comments"":8}},""rawValue"":""9.27359164""}"
deposits_yoy,2023-01,2023-01-27,13.02,Percent,not-stated,Normal,,,"{""artifactId"":""TS_GP_BAM_M2_W.M000490:150a186b6efffe77199e543e20dcb5092b2b39549a4c809579791503376cd2ac:16af5114739a"",""sourceKey"":""TS_GP_BAM_M2_W.M000490"",""retrievedAt"":""2026-09-30T22:08:45.732Z"",""locator"":{""seriesKey"":""TS_GP_BAM_M2_W.M000490"",""observationDate"":""2023-01-27"",""row"":191,""column"":5,""columns"":{""seriesKey"":2,""date"":4,""value"":5,""unit"":6,""status"":7,""comments"":8}},""rawValue"":""13.02124676""}"
deposits_yoy,2023-02,2023-02-24,14.49,Percent,not-stated,Normal,,,"{""artifactId"":""TS_GP_BAM_M2_W.M000490:150a186b6efffe77199e543e20dcb5092b2b39549a4c809579791503376cd2ac:16af5114739a"",""sourceKey"":""TS_GP_BAM_M2_W.M000490"",""retrievedAt"":""2026-09-30T22:08:45.732Z"",""locator"":{""seriesKey"":""TS_GP_BAM_M2_W.M000490"",""observationDate"":""2023-02-24"",""row"":187,""column"":5,""columns"":{""seriesKey"":2,""date"":4,""value"":5,""unit"":6,""status"":7,""comments"":8}},""rawValue"":""14.49280036""}"
deposits_yoy,2023-03,2023-03-31,18.11,Percent,not-stated,Normal,,,"{""artifactId"":""TS_GP_BAM_M2_W.M000490:150a186b6efffe77199e543e20dcb5092b2b39549a4c809579791503376cd2ac:16af5114739a"",""sourceKey"":""TS_GP_BAM_M2_W.M000490"",""retrievedAt"":""2026-09-30T22:08:45.732Z"",""locator"":{""seriesKey"":""TS_GP_BAM_M2_W.M000490"",""observationDate"":""2023-03-31"",""row"":182,""column"":5,""columns"":{""seriesKey"":2,""date"":4,""value"":5,""unit"":6,""status"":7,""comments"":8}},""rawValue"":""18.10556909""}"
deposits_yoy,2023-04,2023-04-28,16.51,Percent,not-stated,Normal,,,"{""artifactId"":""TS_GP_BAM_M2_W.M000490:150a186b6efffe77199e543e20dcb5092b2b39549a4c809579791503376cd2ac:16af5114739a"",""sourceKey"":""TS_GP_BAM_M2_W.M000490"",""retrievedAt"":""2026-09-30T22:08:45.732Z"",""locator"":{""seriesKey"":""TS_GP_BAM_M2_W.M000490"",""observationDate"":""2023-04-28"",""row"":178,""column"":5,""columns"":{""seriesKey"":2,""date"":4,""value"":5,""unit"":6,""status"":7,""comments"":8}},""rawValue"":""16.50907912""}"
deposits_yoy,2023-05,2023-05-26,15.75,Percent,not-stated,Normal,,,"{""artifactId"":""TS_GP_BAM_M2_W.M000490:150a186b6efffe77199e543e20dcb5092b2b39549a4c809579791503376cd2ac:16af5114739a"",""sourceKey"":""TS_GP_BAM_M2_W.M000490"",""retrievedAt"":""2026-09-30T22:08:45.732Z"",""locator"":{""seriesKey"":""TS_GP_BAM_M2_W.M000490"",""observationDate"":""2023-05-26"",""row"":174,""column"":5,""columns"":{""seriesKey"":2,""date"":4,""value"":5,""unit"":6,""status"":7,""comments"":8}},""rawValue"":""15.74767108""}"
deposits_yoy,2023-06,2023-06-30,13.53,Percent,not-stated,Normal,,,"{""artifactId"":""TS_GP_BAM_M2_W.M000490:150a186b6efffe77199e543e20dcb5092b2b39549a4c809579791503376cd2ac:16af5114739a"",""sourceKey"":""TS_GP_BAM_M2_W.M000490"",""retrievedAt"":""2026-09-30T22:08:45.732Z"",""locator"":{""seriesKey"":""TS_GP_BAM_M2_W.M000490"",""observationDate"":""2023-06-30"",""row"":169,""column"":5,""columns"":{""seriesKey"":2,""date"":4,""value"":5,""unit"":6,""status"":7,""comments"":8}},""rawValue"":""13.52783379""}"
deposits_yoy,2023-07,2023-07-28,15.81,Percent,not-stated,Normal,,,"{""artifactId"":""TS_GP_BAM_M2_W.M000490:150a186b6efffe77199e543e20dcb5092b2b39549a4c809579791503376cd2ac:16af5114739a"",""sourceKey"":""TS_GP_BAM_M2_W.M000490"",""retrievedAt"":""2026-09-30T22:08:45.732Z"",""locator"":{""seriesKey"":""TS_GP_BAM_M2_W.M000490"",""observationDate"":""2023-07-28"",""row"":165,""column"":5,""columns"":{""seriesKey"":2,""date"":4,""value"":5,""unit"":6,""status"":7,""comments"":8}},""rawValue"":""15.80830256""}"
deposits_yoy,2023-08,2023-08-25,17.58,Percent,not-stated,Normal,,,"{""artifactId"":""TS_GP_BAM_M2_W.M000490:150a186b6efffe77199e543e20dcb5092b2b39549a4c809579791503376cd2ac:16af5114739a"",""sourceKey"":""TS_GP_BAM_M2_W.M000490"",""retrievedAt"":""2026-09-30T22:08:45.732Z"",""locator"":{""seriesKey"":""TS_GP_BAM_M2_W.M000490"",""observationDate"":""2023-08-25"",""row"":161,""column"":5,""columns"":{""seriesKey"":2,""date"":4,""value"":5,""unit"":6,""status"":7,""comments"":8}},""rawValue"":""17.58469981""}"
deposits_yoy,2023-09,2023-09-29,16.62,Percent,not-stated,Normal,,,"{""artifactId"":""TS_GP_BAM_M2_W.M000490:150a186b6efffe77199e543e20dcb5092b2b39549a4c809579791503376cd2ac:16af5114739a"",""sourceKey"":""TS_GP_BAM_M2_W.M000490"",""retrievedAt"":""2026-09-30T22:08:45.732Z"",""locator"":{""seriesKey"":""TS_GP_BAM_M2_W.M000490"",""observationDate"":""2023-09-29"",""row"":156,""column"":5,""columns"":{""seriesKey"":2,""date"":4,""value"":5,""unit"":6,""status"":7,""comments"":8}},""rawValue"":""16.62000114""}"
deposits_yoy,2023-10,2023-10-27,16.39,Percent,not-stated,Normal,,,"{""artifactId"":""TS_GP_BAM_M2_W.M000490:150a186b6efffe77199e543e20dcb5092b2b39549a4c809579791503376cd2ac:16af5114739a"",""sourceKey"":""TS_GP_BAM_M2_W.M000490"",""retrievedAt"":""2026-09-30T22:08:45.732Z"",""locator"":{""seriesKey"":""TS_GP_BAM_M2_W.M000490"",""observationDate"":""2023-10-27"",""row"":152,""column"":5,""columns"":{""seriesKey"":2,""date"":4,""value"":5,""unit"":6,""status"":7,""comments"":8}},""rawValue"":""16.39148573""}"
deposits_yoy,2023-11,2023-11-24,17.12,Percent,not-stated,Normal,,,"{""artifactId"":""TS_GP_BAM_M2_W.M000490:150a186b6efffe77199e543e20dcb5092b2b39549a4c809579791503376cd2ac:16af5114739a"",""sourceKey"":""TS_GP_BAM_M2_W.M000490"",""retrievedAt"":""2026-09-30T22:08:45.732Z"",""locator"":{""seriesKey"":""TS_GP_BAM_M2_W.M000490"",""observationDate"":""2023-11-24"",""row"":148,""column"":5,""columns"":{""seriesKey"":2,""date"":4,""value"":5,""unit"":6,""status"":7,""comments"":8}},""rawValue"":""17.12260654""}"
deposits_yoy,2023-12,2023-12-29,23.48,Percent,not-stated,Normal,,,"{""artifactId"":""TS_GP_BAM_M2_W.M000490:150a186b6efffe77199e543e20dcb5092b2b39549a4c809579791503376cd2ac:16af5114739a"",""sourceKey"":""TS_GP_BAM_M2_W.M000490"",""retrievedAt"":""2026-09-30T22:08:45.732Z"",""locator"":{""seriesKey"":""TS_GP_BAM_M2_W.M000490"",""observationDate"":""2023-12-29"",""row"":143,""column"":5,""columns"":{""seriesKey"":2,""date"":4,""value"":5,""unit"":6,""status"":7,""comments"":8}},""rawValue"":""23.47834998""}"
deposits_yoy,2024-01,2024-01-26,20.5,Percent,not-stated,Normal,,,"{""artifactId"":""TS_GP_BAM_M2_W.M000490:150a186b6efffe77199e543e20dcb5092b2b39549a4c809579791503376cd2ac:16af5114739a"",""sourceKey"":""TS_GP_BAM_M2_W.M000490"",""retrievedAt"":""2026-09-30T22:08:45.732Z"",""locator"":{""seriesKey"":""TS_GP_BAM_M2_W.M000490"",""observationDate"":""2024-01-26"",""row"":139,""column"":5,""columns"":{""seriesKey"":2,""date"":4,""value"":5,""unit"":6,""status"":7,""comments"":8}},""rawValue"":""20.49880021""}"
deposits_yoy,2024-02,2024-02-23,21.86,Percent,not-stated,Normal,,,"{""artifactId"":""TS_GP_BAM_M2_W.M000490:150a186b6efffe77199e543e20dcb5092b2b39549a4c809579791503376cd2ac:16af5114739a"",""sourceKey"":""TS_GP_BAM_M2_W.M000490"",""retrievedAt"":""2026-09-30T22:08:45.732Z"",""locator"":{""seriesKey"":""TS_GP_BAM_M2_W.M000490"",""observationDate"":""2024-02-23"",""row"":135,""column"":5,""columns"":{""seriesKey"":2,""date"":4,""value"":5,""unit"":6,""status"":7,""comments"":8}},""rawValue"":""21.85626368""}"
deposits_yoy,2024-03,2024-03-29,21.81,Percent,not-stated,Normal,,,"{""artifactId"":""TS_GP_BAM_M2_W.M000490:150a186b6efffe77199e543e20dcb5092b2b39549a4c809579791503376cd2ac:16af5114739a"",""sourceKey"":""TS_GP_BAM_M2_W.M000490"",""retrievedAt"":""2026-09-30T22:08:45.732Z"",""locator"":{""seriesKey"":""TS_GP_BAM_M2_W.M000490"",""observationDate"":""2024-03-29"",""row"":130,""column"":5,""columns"":{""seriesKey"":2,""date"":4,""value"":5,""unit"":6,""status"":7,""comments"":8}},""rawValue"":""21.80789537""}"
deposits_yoy,2024-04,2024-04-26,20.35,Percent,not-stated,Normal,,,"{""artifactId"":""TS_GP_BAM_M2_W.M000490:150a186b6efffe77199e543e20dcb5092b2b39549a4c809579791503376cd2ac:16af5114739a"",""sourceKey"":""TS_GP_BAM_M2_W.M000490"",""retrievedAt"":""2026-09-30T22:08:45.732Z"",""locator"":{""seriesKey"":""TS_GP_BAM_M2_W.M000490"",""observationDate"":""2024-04-26"",""row"":126,""column"":5,""columns"":{""seriesKey"":2,""date"":4,""value"":5,""unit"":6,""status"":7,""comments"":8}},""rawValue"":""20.34603322""}"
deposits_yoy,2024-05,2024-05-31,20.92,Percent,not-stated,Normal,,,"{""artifactId"":""TS_GP_BAM_M2_W.M000490:150a186b6efffe77199e543e20dcb5092b2b39549a4c809579791503376cd2ac:16af5114739a"",""sourceKey"":""TS_GP_BAM_M2_W.M000490"",""retrievedAt"":""2026-09-30T22:08:45.732Z"",""locator"":{""seriesKey"":""TS_GP_BAM_M2_W.M000490"",""observationDate"":""2024-05-31"",""row"":121,""column"":5,""columns"":{""seriesKey"":2,""date"":4,""value"":5,""unit"":6,""status"":7,""comments"":8}},""rawValue"":""20.92267075""}"
deposits_yoy,2024-06,2024-06-28,21.41,Percent,not-stated,Normal,,,"{""artifactId"":""TS_GP_BAM_M2_W.M000490:150a186b6efffe77199e543e20dcb5092b2b39549a4c809579791503376cd2ac:16af5114739a"",""sourceKey"":""TS_GP_BAM_M2_W.M000490"",""retrievedAt"":""2026-09-30T22:08:45.732Z"",""locator"":{""seriesKey"":""TS_GP_BAM_M2_W.M000490"",""observationDate"":""2024-06-28"",""row"":117,""column"":5,""columns"":{""seriesKey"":2,""date"":4,""value"":5,""unit"":6,""status"":7,""comments"":8}},""rawValue"":""21.40511685""}"
deposits_yoy,2024-07,2024-07-26,17.83,Percent,not-stated,Normal,,,"{""artifactId"":""TS_GP_BAM_M2_W.M000490:150a186b6efffe77199e543e20dcb5092b2b39549a4c809579791503376cd2ac:16af5114739a"",""sourceKey"":""TS_GP_BAM_M2_W.M000490"",""retrievedAt"":""2026-09-30T22:08:45.732Z"",""locator"":{""seriesKey"":""TS_GP_BAM_M2_W.M000490"",""observationDate"":""2024-07-26"",""row"":113,""column"":5,""columns"":{""seriesKey"":2,""date"":4,""value"":5,""unit"":6,""status"":7,""comments"":8}},""rawValue"":""17.82690742""}"
deposits_yoy,2024-08,2024-08-30,18.02,Percent,not-stated,Normal,,,"{""artifactId"":""TS_GP_BAM_M2_W.M000490:150a186b6efffe77199e543e20dcb5092b2b39549a4c809579791503376cd2ac:16af5114739a"",""sourceKey"":""TS_GP_BAM_M2_W.M000490"",""retrievedAt"":""2026-09-30T22:08:45.732Z"",""locator"":{""seriesKey"":""TS_GP_BAM_M2_W.M000490"",""observationDate"":""2024-08-30"",""row"":108,""column"":5,""columns"":{""seriesKey"":2,""date"":4,""value"":5,""unit"":6,""status"":7,""comments"":8}},""rawValue"":""18.01982239""}"
deposits_yoy,2024-09,2024-09-27,16.13,Percent,not-stated,Normal,,,"{""artifactId"":""TS_GP_BAM_M2_W.M000490:150a186b6efffe77199e543e20dcb5092b2b39549a4c809579791503376cd2ac:16af5114739a"",""sourceKey"":""TS_GP_BAM_M2_W.M000490"",""retrievedAt"":""2026-09-30T22:08:45.732Z"",""locator"":{""seriesKey"":""TS_GP_BAM_M2_W.M000490"",""observationDate"":""2024-09-27"",""row"":104,""column"":5,""columns"":{""seriesKey"":2,""date"":4,""value"":5,""unit"":6,""status"":7,""comments"":8}},""rawValue"":""16.12628341""}"
deposits_yoy,2024-10,2024-10-25,18.44,Percent,not-stated,Normal,,,"{""artifactId"":""TS_GP_BAM_M2_W.M000490:150a186b6efffe77199e543e20dcb5092b2b39549a4c809579791503376cd2ac:16af5114739a"",""sourceKey"":""TS_GP_BAM_M2_W.M000490"",""retrievedAt"":""2026-09-30T22:08:45.732Z"",""locator"":{""seriesKey"":""TS_GP_BAM_M2_W.M000490"",""observationDate"":""2024-10-25"",""row"":100,""column"":5,""columns"":{""seriesKey"":2,""date"":4,""value"":5,""unit"":6,""status"":7,""comments"":8}},""rawValue"":""18.44417569""}"
deposits_yoy,2024-11,2024-11-29,15.56,Percent,not-stated,Normal,,,"{""artifactId"":""TS_GP_BAM_M2_W.M000490:150a186b6efffe77199e543e20dcb5092b2b39549a4c809579791503376cd2ac:16af5114739a"",""sourceKey"":""TS_GP_BAM_M2_W.M000490"",""retrievedAt"":""2026-09-30T22:08:45.732Z"",""locator"":{""seriesKey"":""TS_GP_BAM_M2_W.M000490"",""observationDate"":""2024-11-29"",""row"":95,""column"":5,""columns"":{""seriesKey"":2,""date"":4,""value"":5,""unit"":6,""status"":7,""comments"":8}},""rawValue"":""15.56314921""}"
deposits_yoy,2024-12,2024-12-27,10.06,Percent,not-stated,Normal,,,"{""artifactId"":""TS_GP_BAM_M2_W.M000490:150a186b6efffe77199e543e20dcb5092b2b39549a4c809579791503376cd2ac:16af5114739a"",""sourceKey"":""TS_GP_BAM_M2_W.M000490"",""retrievedAt"":""2026-09-30T22:08:45.732Z"",""locator"":{""seriesKey"":""TS_GP_BAM_M2_W.M000490"",""observationDate"":""2024-12-27"",""row"":91,""column"":5,""columns"":{""seriesKey"":2,""date"":4,""value"":5,""unit"":6,""status"":7,""comments"":8}},""rawValue"":""10.06418076""}"
deposits_yoy,2025-01,2025-01-31,13.86,Percent,not-stated,Normal,,,"{""artifactId"":""TS_GP_BAM_M2_W.M000490:150a186b6efffe77199e543e20dcb5092b2b39549a4c809579791503376cd2ac:16af5114739a"",""sourceKey"":""TS_GP_BAM_M2_W.M000490"",""retrievedAt"":""2026-09-30T22:08:45.732Z"",""locator"":{""seriesKey"":""TS_GP_BAM_M2_W.M000490"",""observationDate"":""2025-01-31"",""row"":86,""column"":5,""columns"":{""seriesKey"":2,""date"":4,""value"":5,""unit"":6,""status"":7,""comments"":8}},""rawValue"":""13.86327377""}"
deposits_yoy,2025-02,2025-02-28,11.02,Percent,not-stated,Normal,,,"{""artifactId"":""TS_GP_BAM_M2_W.M000490:150a186b6efffe77199e543e20dcb5092b2b39549a4c809579791503376cd2ac:16af5114739a"",""sourceKey"":""TS_GP_BAM_M2_W.M000490"",""retrievedAt"":""2026-09-30T22:08:45.732Z"",""locator"":{""seriesKey"":""TS_GP_BAM_M2_W.M000490"",""observationDate"":""2025-02-28"",""row"":82,""column"":5,""columns"":{""seriesKey"":2,""date"":4,""value"":5,""unit"":6,""status"":7,""comments"":8}},""rawValue"":""11.0162572""}"
deposits_yoy,2025-03,2025-03-28,11.74,Percent,not-stated,Normal,,,"{""artifactId"":""TS_GP_BAM_M2_W.M000490:150a186b6efffe77199e543e20dcb5092b2b39549a4c809579791503376cd2ac:16af5114739a"",""sourceKey"":""TS_GP_BAM_M2_W.M000490"",""retrievedAt"":""2026-09-30T22:08:45.732Z"",""locator"":{""seriesKey"":""TS_GP_BAM_M2_W.M000490"",""observationDate"":""2025-03-28"",""row"":78,""column"":5,""columns"":{""seriesKey"":2,""date"":4,""value"":5,""unit"":6,""status"":7,""comments"":8}},""rawValue"":""11.74177386""}"
deposits_yoy,2025-04,2025-04-25,11.44,Percent,not-stated,Normal,,,"{""artifactId"":""TS_GP_BAM_M2_W.M000490:150a186b6efffe77199e543e20dcb5092b2b39549a4c809579791503376cd2ac:16af5114739a"",""sourceKey"":""TS_GP_BAM_M2_W.M000490"",""retrievedAt"":""2026-09-30T22:08:45.732Z"",""locator"":{""seriesKey"":""TS_GP_BAM_M2_W.M000490"",""observationDate"":""2025-04-25"",""row"":74,""column"":5,""columns"":{""seriesKey"":2,""date"":4,""value"":5,""unit"":6,""status"":7,""comments"":8}},""rawValue"":""11.4392765""}"
deposits_yoy,2025-05,2025-05-30,10.72,Percent,not-stated,Normal,,,"{""artifactId"":""TS_GP_BAM_M2_W.M000490:150a186b6efffe77199e543e20dcb5092b2b39549a4c809579791503376cd2ac:16af5114739a"",""sourceKey"":""TS_GP_BAM_M2_W.M000490"",""retrievedAt"":""2026-09-30T22:08:45.732Z"",""locator"":{""seriesKey"":""TS_GP_BAM_M2_W.M000490"",""observationDate"":""2025-05-30"",""row"":69,""column"":5,""columns"":{""seriesKey"":2,""date"":4,""value"":5,""unit"":6,""status"":7,""comments"":8}},""rawValue"":""10.71504458""}"
deposits_yoy,2025-06,2025-06-27,9.46,Percent,not-stated,Normal,,,"{""artifactId"":""TS_GP_BAM_M2_W.M000490:150a186b6efffe77199e543e20dcb5092b2b39549a4c809579791503376cd2ac:16af5114739a"",""sourceKey"":""TS_GP_BAM_M2_W.M000490"",""retrievedAt"":""2026-09-30T22:08:45.732Z"",""locator"":{""seriesKey"":""TS_GP_BAM_M2_W.M000490"",""observationDate"":""2025-06-27"",""row"":65,""column"":5,""columns"":{""seriesKey"":2,""date"":4,""value"":5,""unit"":6,""status"":7,""comments"":8}},""rawValue"":""9.459203345""}"
deposits_yoy,2025-07,2025-07-25,11.38,Percent,not-stated,Normal,,,"{""artifactId"":""TS_GP_BAM_M2_W.M000490:150a186b6efffe77199e543e20dcb5092b2b39549a4c809579791503376cd2ac:16af5114739a"",""sourceKey"":""TS_GP_BAM_M2_W.M000490"",""retrievedAt"":""2026-09-30T22:08:45.732Z"",""locator"":{""seriesKey"":""TS_GP_BAM_M2_W.M000490"",""observationDate"":""2025-07-25"",""row"":61,""column"":5,""columns"":{""seriesKey"":2,""date"":4,""value"":5,""unit"":6,""status"":7,""comments"":8}},""rawValue"":""11.38130952""}"
deposits_yoy,2025-08,2025-08-29,10.64,Percent,not-stated,Normal,,,"{""artifactId"":""TS_GP_BAM_M2_W.M000490:150a186b6efffe77199e543e20dcb5092b2b39549a4c809579791503376cd2ac:16af5114739a"",""sourceKey"":""TS_GP_BAM_M2_W.M000490"",""retrievedAt"":""2026-09-30T22:08:45.732Z"",""locator"":{""seriesKey"":""TS_GP_BAM_M2_W.M000490"",""observationDate"":""2025-08-29"",""row"":56,""column"":5,""columns"":{""seriesKey"":2,""date"":4,""value"":5,""unit"":6,""status"":7,""comments"":8}},""rawValue"":""10.63789761""}"
deposits_yoy,2025-09,2025-09-26,8.32,Percent,not-stated,Normal,,,"{""artifactId"":""TS_GP_BAM_M2_W.M000490:150a186b6efffe77199e543e20dcb5092b2b39549a4c809579791503376cd2ac:16af5114739a"",""sourceKey"":""TS_GP_BAM_M2_W.M000490"",""retrievedAt"":""2026-09-30T22:08:45.732Z"",""locator"":{""seriesKey"":""TS_GP_BAM_M2_W.M000490"",""observationDate"":""2025-09-26"",""row"":52,""column"":5,""columns"":{""seriesKey"":2,""date"":4,""value"":5,""unit"":6,""status"":7,""comments"":8}},""rawValue"":""8.320604188""}"
deposits_yoy,2025-10,2025-10-31,11.2,Percent,not-stated,Normal,,,"{""artifactId"":""TS_GP_BAM_M2_W.M000490:150a186b6efffe77199e543e20dcb5092b2b39549a4c809579791503376cd2ac:16af5114739a"",""sourceKey"":""TS_GP_BAM_M2_W.M000490"",""retrievedAt"":""2026-09-30T22:08:45.732Z"",""locator"":{""seriesKey"":""TS_GP_BAM_M2_W.M000490"",""observationDate"":""2025-10-31"",""row"":47,""column"":5,""columns"":{""seriesKey"":2,""date"":4,""value"":5,""unit"":6,""status"":7,""comments"":8}},""rawValue"":""11.19612313""}"
deposits_yoy,2025-11,2025-11-28,12.66,Percent,not-stated,Normal,,,"{""artifactId"":""TS_GP_BAM_M2_W.M000490:150a186b6efffe77199e543e20dcb5092b2b39549a4c809579791503376cd2ac:16af5114739a"",""sourceKey"":""TS_GP_BAM_M2_W.M000490"",""retrievedAt"":""2026-09-30T22:08:45.732Z"",""locator"":{""seriesKey"":""TS_GP_BAM_M2_W.M000490"",""observationDate"":""2025-11-28"",""row"":43,""column"":5,""columns"":{""seriesKey"":2,""date"":4,""value"":5,""unit"":6,""status"":7,""comments"":8}},""rawValue"":""12.66346852""}"
deposits_yoy,2025-12,2025-12-26,15.85,Percent,not-stated,Normal,,,"{""artifactId"":""TS_GP_BAM_M2_W.M000490:150a186b6efffe77199e543e20dcb5092b2b39549a4c809579791503376cd2ac:16af5114739a"",""sourceKey"":""TS_GP_BAM_M2_W.M000490"",""retrievedAt"":""2026-09-30T22:08:45.732Z"",""locator"":{""seriesKey"":""TS_GP_BAM_M2_W.M000490"",""observationDate"":""2025-12-26"",""row"":39,""column"":5,""columns"":{""seriesKey"":2,""date"":4,""value"":5,""unit"":6,""status"":7,""comments"":8}},""rawValue"":""15.85437728""}"
deposits_yoy,2026-01,2026-01-30,18.57,Percent,not-stated,Normal,,,"{""artifactId"":""TS_GP_BAM_M2_W.M000490:150a186b6efffe77199e543e20dcb5092b2b39549a4c809579791503376cd2ac:16af5114739a"",""sourceKey"":""TS_GP_BAM_M2_W.M000490"",""retrievedAt"":""2026-09-30T22:08:45.732Z"",""locator"":{""seriesKey"":""TS_GP_BAM_M2_W.M000490"",""observationDate"":""2026-01-30"",""row"":34,""column"":5,""columns"":{""seriesKey"":2,""date"":4,""value"":5,""unit"":6,""status"":7,""comments"":8}},""rawValue"":""18.57383482""}"
deposits_yoy,2026-02,2026-02-27,16.35,Percent,not-stated,Normal,,,"{""artifactId"":""TS_GP_BAM_M2_W.M000490:150a186b6efffe77199e543e20dcb5092b2b39549a4c809579791503376cd2ac:16af5114739a"",""sourceKey"":""TS_GP_BAM_M2_W.M000490"",""retrievedAt"":""2026-09-30T22:08:45.732Z"",""locator"":{""seriesKey"":""TS_GP_BAM_M2_W.M000490"",""observationDate"":""2026-02-27"",""row"":30,""column"":5,""columns"":{""seriesKey"":2,""date"":4,""value"":5,""unit"":6,""status"":7,""comments"":8}},""rawValue"":""16.354572""}"
deposits_yoy,2026-03,2026-03-27,12.39,Percent,not-stated,Normal,,,"{""artifactId"":""TS_GP_BAM_M2_W.M000490:150a186b6efffe77199e543e20dcb5092b2b39549a4c809579791503376cd2ac:16af5114739a"",""sourceKey"":""TS_GP_BAM_M2_W.M000490"",""retrievedAt"":""2026-09-30T22:08:45.732Z"",""locator"":{""seriesKey"":""TS_GP_BAM_M2_W.M000490"",""observationDate"":""2026-03-27"",""row"":26,""column"":5,""columns"":{""seriesKey"":2,""date"":4,""value"":5,""unit"":6,""status"":7,""comments"":8}},""rawValue"":""12.38502885""}"
deposits_yoy,2026-04,2026-04-24,11.3,Percent,not-stated,Normal,,,"{""artifactId"":""TS_GP_BAM_M2_W.M000490:150a186b6efffe77199e543e20dcb5092b2b39549a4c809579791503376cd2ac:16af5114739a"",""sourceKey"":""TS_GP_BAM_M2_W.M000490"",""retrievedAt"":""2026-09-30T22:08:45.732Z"",""locator"":{""seriesKey"":""TS_GP_BAM_M2_W.M000490"",""observationDate"":""2026-04-24"",""row"":22,""column"":5,""columns"":{""seriesKey"":2,""date"":4,""value"":5,""unit"":6,""status"":7,""comments"":8}},""rawValue"":""11.30324511""}"
deposits_yoy,2026-05,2026-05-29,13.22,Percent,not-stated,Normal,,,"{""artifactId"":""TS_GP_BAM_M2_W.M000490:150a186b6efffe77199e543e20dcb5092b2b39549a4c809579791503376cd2ac:16af5114739a"",""sourceKey"":""TS_GP_BAM_M2_W.M000490"",""retrievedAt"":""2026-09-30T22:08:45.732Z"",""locator"":{""seriesKey"":""TS_GP_BAM_M2_W.M000490"",""observationDate"":""2026-05-29"",""row"":17,""column"":5,""columns"":{""seriesKey"":2,""date"":4,""value"":5,""unit"":6,""status"":7,""comments"":8}},""rawValue"":""13.22442594""}"
deposits_yoy,2026-06,2026-06-26,11.63,Percent,not-stated,Normal,,,"{""artifactId"":""TS_GP_BAM_M2_W.M000490:150a186b6efffe77199e543e20dcb5092b2b39549a4c809579791503376cd2ac:16af5114739a"",""sourceKey"":""TS_GP_BAM_M2_W.M000490"",""retrievedAt"":""2026-09-30T22:08:45.732Z"",""locator"":{""seriesKey"":""TS_GP_BAM_M2_W.M000490"",""observationDate"":""2026-06-26"",""row"":13,""column"":5,""columns"":{""seriesKey"":2,""date"":4,""value"":5,""unit"":6,""status"":7,""comments"":8}},""rawValue"":""11.62518364""}"
deposits_yoy,2026-07,2026-07-31,14.45,Percent,not-stated,Normal,,,"{""artifactId"":""TS_GP_BAM_M2_W.M000490:150a186b6efffe77199e543e20dcb5092b2b39549a4c809579791503376cd2ac:16af5114739a"",""sourceKey"":""TS_GP_BAM_M2_W.M000490"",""retrievedAt"":""2026-09-30T22:08:45.732Z"",""locator"":{""seriesKey"":""TS_GP_BAM_M2_W.M000490"",""observationDate"":""2026-07-31"",""row"":8,""column"":5,""columns"":{""seriesKey"":2,""date"":4,""value"":5,""unit"":6,""status"":7,""comments"":8}},""rawValue"":""14.45223837""}"
deposits_yoy,2026-08,2026-08-28,11.74,Percent,not-stated,Normal,,,"{""artifactId"":""TS_GP_BAM_M2_W.M000490:150a186b6efffe77199e543e20dcb5092b2b39549a4c809579791503376cd2ac:16af5114739a"",""sourceKey"":""TS_GP_BAM_M2_W.M000490"",""retrievedAt"":""2026-09-30T22:08:45.732Z"",""locator"":{""seriesKey"":""TS_GP_BAM_M2_W.M000490"",""observationDate"":""2026-08-28"",""row"":4,""column"":5,""columns"":{""seriesKey"":2,""date"":4,""value"":5,""unit"":6,""status"":7,""comments"":8}},""rawValue"":""11.73893062""}"
deposits_yoy,2026-09,2026-09-18,14.02,Percent,not-stated,Normal,,,"{""artifactId"":""TS_GP_BAM_M2_W.M000490:150a186b6efffe77199e543e20dcb5092b2b39549a4c809579791503376cd2ac:16af5114739a"",""sourceKey"":""TS_GP_BAM_M2_W.M000490"",""retrievedAt"":""2026-09-30T22:08:45.732Z"",""locator"":{""seriesKey"":""TS_GP_BAM_M2_W.M000490"",""observationDate"":""2026-09-18"",""row"":1,""column"":5,""columns"":{""seriesKey"":2,""date"":4,""value"":5,""unit"":6,""status"":7,""comments"":8}},""rawValue"":""14.02052529""}"
nfa,2021-10,2021-10-29,805597.67,Million PKR,not-stated,Normal,,,"{""artifactId"":""TS_GP_BAM_M2_W.M000080:c5803daafae5fcf4acb116dd8aa365da2ca17b1231fd5f57012e1755b410d222:b240ea09d234"",""sourceKey"":""TS_GP_BAM_M2_W.M000080"",""retrievedAt"":""2026-09-30T22:08:46.184Z"",""locator"":{""seriesKey"":""TS_GP_BAM_M2_W.M000080"",""observationDate"":""2021-10-29"",""row"":256,""column"":5,""columns"":{""seriesKey"":2,""date"":4,""value"":5,""unit"":6,""status"":7,""comments"":8}},""rawValue"":""805597.6661""}"
nfa,2021-11,2021-11-26,631020.32,Million PKR,not-stated,Normal,,,"{""artifactId"":""TS_GP_BAM_M2_W.M000080:c5803daafae5fcf4acb116dd8aa365da2ca17b1231fd5f57012e1755b410d222:b240ea09d234"",""sourceKey"":""TS_GP_BAM_M2_W.M000080"",""retrievedAt"":""2026-09-30T22:08:46.184Z"",""locator"":{""seriesKey"":""TS_GP_BAM_M2_W.M000080"",""observationDate"":""2021-11-26"",""row"":252,""column"":5,""columns"":{""seriesKey"":2,""date"":4,""value"":5,""unit"":6,""status"":7,""comments"":8}},""rawValue"":""631020.3194""}"
nfa,2021-12,2021-12-31,1020558.74,Million PKR,not-stated,Normal,,,"{""artifactId"":""TS_GP_BAM_M2_W.M000080:c5803daafae5fcf4acb116dd8aa365da2ca17b1231fd5f57012e1755b410d222:b240ea09d234"",""sourceKey"":""TS_GP_BAM_M2_W.M000080"",""retrievedAt"":""2026-09-30T22:08:46.184Z"",""locator"":{""seriesKey"":""TS_GP_BAM_M2_W.M000080"",""observationDate"":""2021-12-31"",""row"":247,""column"":5,""columns"":{""seriesKey"":2,""date"":4,""value"":5,""unit"":6,""status"":7,""comments"":8}},""rawValue"":""1020558.742""}"
nfa,2022-01,2022-01-28,720768.87,Million PKR,not-stated,Normal,,,"{""artifactId"":""TS_GP_BAM_M2_W.M000080:c5803daafae5fcf4acb116dd8aa365da2ca17b1231fd5f57012e1755b410d222:b240ea09d234"",""sourceKey"":""TS_GP_BAM_M2_W.M000080"",""retrievedAt"":""2026-09-30T22:08:46.184Z"",""locator"":{""seriesKey"":""TS_GP_BAM_M2_W.M000080"",""observationDate"":""2022-01-28"",""row"":243,""column"":5,""columns"":{""seriesKey"":2,""date"":4,""value"":5,""unit"":6,""status"":7,""comments"":8}},""rawValue"":""720768.8737""}"
nfa,2022-02,2022-02-25,915735.77,Million PKR,not-stated,Normal,,,"{""artifactId"":""TS_GP_BAM_M2_W.M000080:c5803daafae5fcf4acb116dd8aa365da2ca17b1231fd5f57012e1755b410d222:b240ea09d234"",""sourceKey"":""TS_GP_BAM_M2_W.M000080"",""retrievedAt"":""2026-09-30T22:08:46.184Z"",""locator"":{""seriesKey"":""TS_GP_BAM_M2_W.M000080"",""observationDate"":""2022-02-25"",""row"":239,""column"":5,""columns"":{""seriesKey"":2,""date"":4,""value"":5,""unit"":6,""status"":7,""comments"":8}},""rawValue"":""915735.7712""}"
nfa,2022-03,2022-03-25,185082.11,Million PKR,not-stated,Normal,,,"{""artifactId"":""TS_GP_BAM_M2_W.M000080:c5803daafae5fcf4acb116dd8aa365da2ca17b1231fd5f57012e1755b410d222:b240ea09d234"",""sourceKey"":""TS_GP_BAM_M2_W.M000080"",""retrievedAt"":""2026-09-30T22:08:46.184Z"",""locator"":{""seriesKey"":""TS_GP_BAM_M2_W.M000080"",""observationDate"":""2022-03-25"",""row"":235,""column"":5,""columns"":{""seriesKey"":2,""date"":4,""value"":5,""unit"":6,""status"":7,""comments"":8}},""rawValue"":""185082.1136""}"
nfa,2022-04,2022-04-29,-55527.26,Million PKR,not-stated,Normal,,,"{""artifactId"":""TS_GP_BAM_M2_W.M000080:c5803daafae5fcf4acb116dd8aa365da2ca17b1231fd5f57012e1755b410d222:b240ea09d234"",""sourceKey"":""TS_GP_BAM_M2_W.M000080"",""retrievedAt"":""2026-09-30T22:08:46.184Z"",""locator"":{""seriesKey"":""TS_GP_BAM_M2_W.M000080"",""observationDate"":""2022-04-29"",""row"":230,""column"":5,""columns"":{""seriesKey"":2,""date"":4,""value"":5,""unit"":6,""status"":7,""comments"":8}},""rawValue"":""-55527.25835""}"
nfa,2022-05,2022-05-27,-269732.71,Million PKR,not-stated,Normal,,,"{""artifactId"":""TS_GP_BAM_M2_W.M000080:c5803daafae5fcf4acb116dd8aa365da2ca17b1231fd5f57012e1755b410d222:b240ea09d234"",""sourceKey"":""TS_GP_BAM_M2_W.M000080"",""retrievedAt"":""2026-09-30T22:08:46.184Z"",""locator"":{""seriesKey"":""TS_GP_BAM_M2_W.M000080"",""observationDate"":""2022-05-27"",""row"":226,""column"":5,""columns"":{""seriesKey"":2,""date"":4,""value"":5,""unit"":6,""status"":7,""comments"":8}},""rawValue"":""-269732.7106""}"
nfa,2022-06,2022-06-24,-182224.05,Million PKR,not-stated,Normal,,,"{""artifactId"":""TS_GP_BAM_M2_W.M000080:c5803daafae5fcf4acb116dd8aa365da2ca17b1231fd5f57012e1755b410d222:b240ea09d234"",""sourceKey"":""TS_GP_BAM_M2_W.M000080"",""retrievedAt"":""2026-09-30T22:08:46.184Z"",""locator"":{""seriesKey"":""TS_GP_BAM_M2_W.M000080"",""observationDate"":""2022-06-24"",""row"":222,""column"":5,""columns"":{""seriesKey"":2,""date"":4,""value"":5,""unit"":6,""status"":7,""comments"":8}},""rawValue"":""-182224.0541""}"
nfa,2022-07,2022-07-29,-660897.13,Million PKR,not-stated,Normal,,,"{""artifactId"":""TS_GP_BAM_M2_W.M000080:c5803daafae5fcf4acb116dd8aa365da2ca17b1231fd5f57012e1755b410d222:b240ea09d234"",""sourceKey"":""TS_GP_BAM_M2_W.M000080"",""retrievedAt"":""2026-09-30T22:08:46.184Z"",""locator"":{""seriesKey"":""TS_GP_BAM_M2_W.M000080"",""observationDate"":""2022-07-29"",""row"":217,""column"":5,""columns"":{""seriesKey"":2,""date"":4,""value"":5,""unit"":6,""status"":7,""comments"":8}},""rawValue"":""-660897.1344""}"
nfa,2022-08,2022-08-26,-847649.44,Million PKR,not-stated,Normal,,,"{""artifactId"":""TS_GP_BAM_M2_W.M000080:c5803daafae5fcf4acb116dd8aa365da2ca17b1231fd5f57012e1755b410d222:b240ea09d234"",""sourceKey"":""TS_GP_BAM_M2_W.M000080"",""retrievedAt"":""2026-09-30T22:08:46.184Z"",""locator"":{""seriesKey"":""TS_GP_BAM_M2_W.M000080"",""observationDate"":""2022-08-26"",""row"":213,""column"":5,""columns"":{""seriesKey"":2,""date"":4,""value"":5,""unit"":6,""status"":7,""comments"":8}},""rawValue"":""-847649.4445""}"
nfa,2022-09,2022-09-30,-751663.16,Million PKR,not-stated,Normal,,,"{""artifactId"":""TS_GP_BAM_M2_W.M000080:c5803daafae5fcf4acb116dd8aa365da2ca17b1231fd5f57012e1755b410d222:b240ea09d234"",""sourceKey"":""TS_GP_BAM_M2_W.M000080"",""retrievedAt"":""2026-09-30T22:08:46.184Z"",""locator"":{""seriesKey"":""TS_GP_BAM_M2_W.M000080"",""observationDate"":""2022-09-30"",""row"":208,""column"":5,""columns"":{""seriesKey"":2,""date"":4,""value"":5,""unit"":6,""status"":7,""comments"":8}},""rawValue"":""-751663.1597""}"
nfa,2022-10,2022-10-28,-523171.2,Million PKR,not-stated,Normal,,,"{""artifactId"":""TS_GP_BAM_M2_W.M000080:c5803daafae5fcf4acb116dd8aa365da2ca17b1231fd5f57012e1755b410d222:b240ea09d234"",""sourceKey"":""TS_GP_BAM_M2_W.M000080"",""retrievedAt"":""2026-09-30T22:08:46.184Z"",""locator"":{""seriesKey"":""TS_GP_BAM_M2_W.M000080"",""observationDate"":""2022-10-28"",""row"":204,""column"":5,""columns"":{""seriesKey"":2,""date"":4,""value"":5,""unit"":6,""status"":7,""comments"":8}},""rawValue"":""-523171.1981""}"
nfa,2022-11,2022-11-25,-907812.55,Million PKR,not-stated,Normal,,,"{""artifactId"":""TS_GP_BAM_M2_W.M000080:c5803daafae5fcf4acb116dd8aa365da2ca17b1231fd5f57012e1755b410d222:b240ea09d234"",""sourceKey"":""TS_GP_BAM_M2_W.M000080"",""retrievedAt"":""2026-09-30T22:08:46.184Z"",""locator"":{""seriesKey"":""TS_GP_BAM_M2_W.M000080"",""observationDate"":""2022-11-25"",""row"":200,""column"":5,""columns"":{""seriesKey"":2,""date"":4,""value"":5,""unit"":6,""status"":7,""comments"":8}},""rawValue"":""-907812.5478""}"
nfa,2022-12,2022-12-30,-1280535.19,Million PKR,not-stated,Normal,,,"{""artifactId"":""TS_GP_BAM_M2_W.M000080:c5803daafae5fcf4acb116dd8aa365da2ca17b1231fd5f57012e1755b410d222:b240ea09d234"",""sourceKey"":""TS_GP_BAM_M2_W.M000080"",""retrievedAt"":""2026-09-30T22:08:46.184Z"",""locator"":{""seriesKey"":""TS_GP_BAM_M2_W.M000080"",""observationDate"":""2022-12-30"",""row"":195,""column"":5,""columns"":{""seriesKey"":2,""date"":4,""value"":5,""unit"":6,""status"":7,""comments"":8}},""rawValue"":""-1280535.195""}"
nfa,2023-01,2023-01-27,-2186718.66,Million PKR,not-stated,Normal,,,"{""artifactId"":""TS_GP_BAM_M2_W.M000080:c5803daafae5fcf4acb116dd8aa365da2ca17b1231fd5f57012e1755b410d222:b240ea09d234"",""sourceKey"":""TS_GP_BAM_M2_W.M000080"",""retrievedAt"":""2026-09-30T22:08:46.184Z"",""locator"":{""seriesKey"":""TS_GP_BAM_M2_W.M000080"",""observationDate"":""2023-01-27"",""row"":191,""column"":5,""columns"":{""seriesKey"":2,""date"":4,""value"":5,""unit"":6,""status"":7,""comments"":8}},""rawValue"":""-2186718.657""}"
nfa,2023-02,2023-02-24,-1908448.81,Million PKR,not-stated,Normal,,,"{""artifactId"":""TS_GP_BAM_M2_W.M000080:c5803daafae5fcf4acb116dd8aa365da2ca17b1231fd5f57012e1755b410d222:b240ea09d234"",""sourceKey"":""TS_GP_BAM_M2_W.M000080"",""retrievedAt"":""2026-09-30T22:08:46.184Z"",""locator"":{""seriesKey"":""TS_GP_BAM_M2_W.M000080"",""observationDate"":""2023-02-24"",""row"":187,""column"":5,""columns"":{""seriesKey"":2,""date"":4,""value"":5,""unit"":6,""status"":7,""comments"":8}},""rawValue"":""-1908448.814""}"
nfa,2023-03,2023-03-31,-1899754.25,Million PKR,not-stated,Normal,,,"{""artifactId"":""TS_GP_BAM_M2_W.M000080:c5803daafae5fcf4acb116dd8aa365da2ca17b1231fd5f57012e1755b410d222:b240ea09d234"",""sourceKey"":""TS_GP_BAM_M2_W.M000080"",""retrievedAt"":""2026-09-30T22:08:46.184Z"",""locator"":{""seriesKey"":""TS_GP_BAM_M2_W.M000080"",""observationDate"":""2023-03-31"",""row"":182,""column"":5,""columns"":{""seriesKey"":2,""date"":4,""value"":5,""unit"":6,""status"":7,""comments"":8}},""rawValue"":""-1899754.255""}"
nfa,2023-04,2023-04-28,-1865893.23,Million PKR,not-stated,Normal,,,"{""artifactId"":""TS_GP_BAM_M2_W.M000080:c5803daafae5fcf4acb116dd8aa365da2ca17b1231fd5f57012e1755b410d222:b240ea09d234"",""sourceKey"":""TS_GP_BAM_M2_W.M000080"",""retrievedAt"":""2026-09-30T22:08:46.184Z"",""locator"":{""seriesKey"":""TS_GP_BAM_M2_W.M000080"",""observationDate"":""2023-04-28"",""row"":178,""column"":5,""columns"":{""seriesKey"":2,""date"":4,""value"":5,""unit"":6,""status"":7,""comments"":8}},""rawValue"":""-1865893.228""}"
nfa,2023-05,2023-05-26,-1927159.33,Million PKR,not-stated,Normal,,,"{""artifactId"":""TS_GP_BAM_M2_W.M000080:c5803daafae5fcf4acb116dd8aa365da2ca17b1231fd5f57012e1755b410d222:b240ea09d234"",""sourceKey"":""TS_GP_BAM_M2_W.M000080"",""retrievedAt"":""2026-09-30T22:08:46.184Z"",""locator"":{""seriesKey"":""TS_GP_BAM_M2_W.M000080"",""observationDate"":""2023-05-26"",""row"":174,""column"":5,""columns"":{""seriesKey"":2,""date"":4,""value"":5,""unit"":6,""status"":7,""comments"":8}},""rawValue"":""-1927159.329""}"
nfa,2023-06,2023-06-30,-1797146.28,Million PKR,not-stated,Normal,,,"{""artifactId"":""TS_GP_BAM_M2_W.M000080:c5803daafae5fcf4acb116dd8aa365da2ca17b1231fd5f57012e1755b410d222:b240ea09d234"",""sourceKey"":""TS_GP_BAM_M2_W.M000080"",""retrievedAt"":""2026-09-30T22:08:46.184Z"",""locator"":{""seriesKey"":""TS_GP_BAM_M2_W.M000080"",""observationDate"":""2023-06-30"",""row"":169,""column"":5,""columns"":{""seriesKey"":2,""date"":4,""value"":5,""unit"":6,""status"":7,""comments"":8}},""rawValue"":""-1797146.284""}"
nfa,2023-07,2023-07-28,-1438454.26,Million PKR,not-stated,Normal,,,"{""artifactId"":""TS_GP_BAM_M2_W.M000080:c5803daafae5fcf4acb116dd8aa365da2ca17b1231fd5f57012e1755b410d222:b240ea09d234"",""sourceKey"":""TS_GP_BAM_M2_W.M000080"",""retrievedAt"":""2026-09-30T22:08:46.184Z"",""locator"":{""seriesKey"":""TS_GP_BAM_M2_W.M000080"",""observationDate"":""2023-07-28"",""row"":165,""column"":5,""columns"":{""seriesKey"":2,""date"":4,""value"":5,""unit"":6,""status"":7,""comments"":8}},""rawValue"":""-1438454.256""}"
nfa,2023-08,2023-08-25,-1519550.06,Million PKR,not-stated,Normal,,,"{""artifactId"":""TS_GP_BAM_M2_W.M000080:c5803daafae5fcf4acb116dd8aa365da2ca17b1231fd5f57012e1755b410d222:b240ea09d234"",""sourceKey"":""TS_GP_BAM_M2_W.M000080"",""retrievedAt"":""2026-09-30T22:08:46.184Z"",""locator"":{""seriesKey"":""TS_GP_BAM_M2_W.M000080"",""observationDate"":""2023-08-25"",""row"":161,""column"":5,""columns"":{""seriesKey"":2,""date"":4,""value"":5,""unit"":6,""status"":7,""comments"":8}},""rawValue"":""-1519550.056""}"
nfa,2023-09,2023-09-29,-1613557.59,Million PKR,not-stated,Normal,,,"{""artifactId"":""TS_GP_BAM_M2_W.M000080:c5803daafae5fcf4acb116dd8aa365da2ca17b1231fd5f57012e1755b410d222:b240ea09d234"",""sourceKey"":""TS_GP_BAM_M2_W.M000080"",""retrievedAt"":""2026-09-30T22:08:46.184Z"",""locator"":{""seriesKey"":""TS_GP_BAM_M2_W.M000080"",""observationDate"":""2023-09-29"",""row"":156,""column"":5,""columns"":{""seriesKey"":2,""date"":4,""value"":5,""unit"":6,""status"":7,""comments"":8}},""rawValue"":""-1613557.589""}"
nfa,2023-10,2023-10-27,-1583340.75,Million PKR,not-stated,Normal,,,"{""artifactId"":""TS_GP_BAM_M2_W.M000080:c5803daafae5fcf4acb116dd8aa365da2ca17b1231fd5f57012e1755b410d222:b240ea09d234"",""sourceKey"":""TS_GP_BAM_M2_W.M000080"",""retrievedAt"":""2026-09-30T22:08:46.184Z"",""locator"":{""seriesKey"":""TS_GP_BAM_M2_W.M000080"",""observationDate"":""2023-10-27"",""row"":152,""column"":5,""columns"":{""seriesKey"":2,""date"":4,""value"":5,""unit"":6,""status"":7,""comments"":8}},""rawValue"":""-1583340.749""}"
nfa,2023-11,2023-11-24,-1585119.6,Million PKR,not-stated,Normal,,,"{""artifactId"":""TS_GP_BAM_M2_W.M000080:c5803daafae5fcf4acb116dd8aa365da2ca17b1231fd5f57012e1755b410d222:b240ea09d234"",""sourceKey"":""TS_GP_BAM_M2_W.M000080"",""retrievedAt"":""2026-09-30T22:08:46.184Z"",""locator"":{""seriesKey"":""TS_GP_BAM_M2_W.M000080"",""observationDate"":""2023-11-24"",""row"":148,""column"":5,""columns"":{""seriesKey"":2,""date"":4,""value"":5,""unit"":6,""status"":7,""comments"":8}},""rawValue"":""-1585119.604""}"
nfa,2023-12,2023-12-29,-1183550.09,Million PKR,not-stated,Normal,,,"{""artifactId"":""TS_GP_BAM_M2_W.M000080:c5803daafae5fcf4acb116dd8aa365da2ca17b1231fd5f57012e1755b410d222:b240ea09d234"",""sourceKey"":""TS_GP_BAM_M2_W.M000080"",""retrievedAt"":""2026-09-30T22:08:46.184Z"",""locator"":{""seriesKey"":""TS_GP_BAM_M2_W.M000080"",""observationDate"":""2023-12-29"",""row"":143,""column"":5,""columns"":{""seriesKey"":2,""date"":4,""value"":5,""unit"":6,""status"":7,""comments"":8}},""rawValue"":""-1183550.092""}"
nfa,2024-01,2024-01-26,-1357423.17,Million PKR,not-stated,Normal,,,"{""artifactId"":""TS_GP_BAM_M2_W.M000080:c5803daafae5fcf4acb116dd8aa365da2ca17b1231fd5f57012e1755b410d222:b240ea09d234"",""sourceKey"":""TS_GP_BAM_M2_W.M000080"",""retrievedAt"":""2026-09-30T22:08:46.184Z"",""locator"":{""seriesKey"":""TS_GP_BAM_M2_W.M000080"",""observationDate"":""2024-01-26"",""row"":139,""column"":5,""columns"":{""seriesKey"":2,""date"":4,""value"":5,""unit"":6,""status"":7,""comments"":8}},""rawValue"":""-1357423.166""}"
nfa,2024-02,2024-02-23,-1317650.43,Million PKR,not-stated,Normal,,,"{""artifactId"":""TS_GP_BAM_M2_W.M000080:c5803daafae5fcf4acb116dd8aa365da2ca17b1231fd5f57012e1755b410d222:b240ea09d234"",""sourceKey"":""TS_GP_BAM_M2_W.M000080"",""retrievedAt"":""2026-09-30T22:08:46.184Z"",""locator"":{""seriesKey"":""TS_GP_BAM_M2_W.M000080"",""observationDate"":""2024-02-23"",""row"":135,""column"":5,""columns"":{""seriesKey"":2,""date"":4,""value"":5,""unit"":6,""status"":7,""comments"":8}},""rawValue"":""-1317650.43""}"
nfa,2024-03,2024-03-29,-1139079.91,Million PKR,not-stated,Normal,,,"{""artifactId"":""TS_GP_BAM_M2_W.M000080:c5803daafae5fcf4acb116dd8aa365da2ca17b1231fd5f57012e1755b410d222:b240ea09d234"",""sourceKey"":""TS_GP_BAM_M2_W.M000080"",""retrievedAt"":""2026-09-30T22:08:46.184Z"",""locator"":{""seriesKey"":""TS_GP_BAM_M2_W.M000080"",""observationDate"":""2024-03-29"",""row"":130,""column"":5,""columns"":{""seriesKey"":2,""date"":4,""value"":5,""unit"":6,""status"":7,""comments"":8}},""rawValue"":""-1139079.908""}"
nfa,2024-04,2024-04-26,-1328260.27,Million PKR,not-stated,Normal,,,"{""artifactId"":""TS_GP_BAM_M2_W.M000080:c5803daafae5fcf4acb116dd8aa365da2ca17b1231fd5f57012e1755b410d222:b240ea09d234"",""sourceKey"":""TS_GP_BAM_M2_W.M000080"",""retrievedAt"":""2026-09-30T22:08:46.184Z"",""locator"":{""seriesKey"":""TS_GP_BAM_M2_W.M000080"",""observationDate"":""2024-04-26"",""row"":126,""column"":5,""columns"":{""seriesKey"":2,""date"":4,""value"":5,""unit"":6,""status"":7,""comments"":8}},""rawValue"":""-1328260.266""}"
nfa,2024-05,2024-05-31,-1316565.53,Million PKR,not-stated,Normal,,,"{""artifactId"":""TS_GP_BAM_M2_W.M000080:c5803daafae5fcf4acb116dd8aa365da2ca17b1231fd5f57012e1755b410d222:b240ea09d234"",""sourceKey"":""TS_GP_BAM_M2_W.M000080"",""retrievedAt"":""2026-09-30T22:08:46.184Z"",""locator"":{""seriesKey"":""TS_GP_BAM_M2_W.M000080"",""observationDate"":""2024-05-31"",""row"":121,""column"":5,""columns"":{""seriesKey"":2,""date"":4,""value"":5,""unit"":6,""status"":7,""comments"":8}},""rawValue"":""-1316565.529""}"
nfa,2024-06,2024-06-28,-1121991.93,Million PKR,not-stated,Normal,,,"{""artifactId"":""TS_GP_BAM_M2_W.M000080:c5803daafae5fcf4acb116dd8aa365da2ca17b1231fd5f57012e1755b410d222:b240ea09d234"",""sourceKey"":""TS_GP_BAM_M2_W.M000080"",""retrievedAt"":""2026-09-30T22:08:46.184Z"",""locator"":{""seriesKey"":""TS_GP_BAM_M2_W.M000080"",""observationDate"":""2024-06-28"",""row"":117,""column"":5,""columns"":{""seriesKey"":2,""date"":4,""value"":5,""unit"":6,""status"":7,""comments"":8}},""rawValue"":""-1121991.935""}"
nfa,2024-07,2024-07-26,-1273258.57,Million PKR,not-stated,Normal,,,"{""artifactId"":""TS_GP_BAM_M2_W.M000080:c5803daafae5fcf4acb116dd8aa365da2ca17b1231fd5f57012e1755b410d222:b240ea09d234"",""sourceKey"":""TS_GP_BAM_M2_W.M000080"",""retrievedAt"":""2026-09-30T22:08:46.184Z"",""locator"":{""seriesKey"":""TS_GP_BAM_M2_W.M000080"",""observationDate"":""2024-07-26"",""row"":113,""column"":5,""columns"":{""seriesKey"":2,""date"":4,""value"":5,""unit"":6,""status"":7,""comments"":8}},""rawValue"":""-1273258.574""}"
nfa,2024-08,2024-08-30,-1124381.39,Million PKR,not-stated,Normal,,,"{""artifactId"":""TS_GP_BAM_M2_W.M000080:c5803daafae5fcf4acb116dd8aa365da2ca17b1231fd5f57012e1755b410d222:b240ea09d234"",""sourceKey"":""TS_GP_BAM_M2_W.M000080"",""retrievedAt"":""2026-09-30T22:08:46.184Z"",""locator"":{""seriesKey"":""TS_GP_BAM_M2_W.M000080"",""observationDate"":""2024-08-30"",""row"":108,""column"":5,""columns"":{""seriesKey"":2,""date"":4,""value"":5,""unit"":6,""status"":7,""comments"":8}},""rawValue"":""-1124381.392""}"
nfa,2024-09,2024-09-27,-929871.11,Million PKR,not-stated,Normal,,,"{""artifactId"":""TS_GP_BAM_M2_W.M000080:c5803daafae5fcf4acb116dd8aa365da2ca17b1231fd5f57012e1755b410d222:b240ea09d234"",""sourceKey"":""TS_GP_BAM_M2_W.M000080"",""retrievedAt"":""2026-09-30T22:08:46.184Z"",""locator"":{""seriesKey"":""TS_GP_BAM_M2_W.M000080"",""observationDate"":""2024-09-27"",""row"":104,""column"":5,""columns"":{""seriesKey"":2,""date"":4,""value"":5,""unit"":6,""status"":7,""comments"":8}},""rawValue"":""-929871.1074""}"
nfa,2024-10,2024-10-25,-944345.49,Million PKR,not-stated,Normal,,,"{""artifactId"":""TS_GP_BAM_M2_W.M000080:c5803daafae5fcf4acb116dd8aa365da2ca17b1231fd5f57012e1755b410d222:b240ea09d234"",""sourceKey"":""TS_GP_BAM_M2_W.M000080"",""retrievedAt"":""2026-09-30T22:08:46.184Z"",""locator"":{""seriesKey"":""TS_GP_BAM_M2_W.M000080"",""observationDate"":""2024-10-25"",""row"":100,""column"":5,""columns"":{""seriesKey"":2,""date"":4,""value"":5,""unit"":6,""status"":7,""comments"":8}},""rawValue"":""-944345.4909""}"
nfa,2024-11,2024-11-29,-642823.96,Million PKR,not-stated,Normal,,,"{""artifactId"":""TS_GP_BAM_M2_W.M000080:c5803daafae5fcf4acb116dd8aa365da2ca17b1231fd5f57012e1755b410d222:b240ea09d234"",""sourceKey"":""TS_GP_BAM_M2_W.M000080"",""retrievedAt"":""2026-09-30T22:08:46.184Z"",""locator"":{""seriesKey"":""TS_GP_BAM_M2_W.M000080"",""observationDate"":""2024-11-29"",""row"":95,""column"":5,""columns"":{""seriesKey"":2,""date"":4,""value"":5,""unit"":6,""status"":7,""comments"":8}},""rawValue"":""-642823.9607""}"
nfa,2024-12,2024-12-27,-515896.64,Million PKR,not-stated,Normal,,,"{""artifactId"":""TS_GP_BAM_M2_W.M000080:c5803daafae5fcf4acb116dd8aa365da2ca17b1231fd5f57012e1755b410d222:b240ea09d234"",""sourceKey"":""TS_GP_BAM_M2_W.M000080"",""retrievedAt"":""2026-09-30T22:08:46.184Z"",""locator"":{""seriesKey"":""TS_GP_BAM_M2_W.M000080"",""observationDate"":""2024-12-27"",""row"":91,""column"":5,""columns"":{""seriesKey"":2,""date"":4,""value"":5,""unit"":6,""status"":7,""comments"":8}},""rawValue"":""-515896.6371""}"
nfa,2025-01,2025-01-31,-394002.64,Million PKR,not-stated,Normal,,,"{""artifactId"":""TS_GP_BAM_M2_W.M000080:c5803daafae5fcf4acb116dd8aa365da2ca17b1231fd5f57012e1755b410d222:b240ea09d234"",""sourceKey"":""TS_GP_BAM_M2_W.M000080"",""retrievedAt"":""2026-09-30T22:08:46.184Z"",""locator"":{""seriesKey"":""TS_GP_BAM_M2_W.M000080"",""observationDate"":""2025-01-31"",""row"":86,""column"":5,""columns"":{""seriesKey"":2,""date"":4,""value"":5,""unit"":6,""status"":7,""comments"":8}},""rawValue"":""-394002.6352""}"
nfa,2025-02,2025-02-28,-390556.81,Million PKR,not-stated,Normal,,,"{""artifactId"":""TS_GP_BAM_M2_W.M000080:c5803daafae5fcf4acb116dd8aa365da2ca17b1231fd5f57012e1755b410d222:b240ea09d234"",""sourceKey"":""TS_GP_BAM_M2_W.M000080"",""retrievedAt"":""2026-09-30T22:08:46.184Z"",""locator"":{""seriesKey"":""TS_GP_BAM_M2_W.M000080"",""observationDate"":""2025-02-28"",""row"":82,""column"":5,""columns"":{""seriesKey"":2,""date"":4,""value"":5,""unit"":6,""status"":7,""comments"":8}},""rawValue"":""-390556.8093""}"
nfa,2025-03,2025-03-28,-90006.13,Million PKR,not-stated,Normal,,,"{""artifactId"":""TS_GP_BAM_M2_W.M000080:c5803daafae5fcf4acb116dd8aa365da2ca17b1231fd5f57012e1755b410d222:b240ea09d234"",""sourceKey"":""TS_GP_BAM_M2_W.M000080"",""retrievedAt"":""2026-09-30T22:08:46.184Z"",""locator"":{""seriesKey"":""TS_GP_BAM_M2_W.M000080"",""observationDate"":""2025-03-28"",""row"":78,""column"":5,""columns"":{""seriesKey"":2,""date"":4,""value"":5,""unit"":6,""status"":7,""comments"":8}},""rawValue"":""-90006.13179""}"
nfa,2025-04,2025-04-25,-76985.78,Million PKR,not-stated,Normal,,,"{""artifactId"":""TS_GP_BAM_M2_W.M000080:c5803daafae5fcf4acb116dd8aa365da2ca17b1231fd5f57012e1755b410d222:b240ea09d234"",""sourceKey"":""TS_GP_BAM_M2_W.M000080"",""retrievedAt"":""2026-09-30T22:08:46.184Z"",""locator"":{""seriesKey"":""TS_GP_BAM_M2_W.M000080"",""observationDate"":""2025-04-25"",""row"":74,""column"":5,""columns"":{""seriesKey"":2,""date"":4,""value"":5,""unit"":6,""status"":7,""comments"":8}},""rawValue"":""-76985.77907""}"
nfa,2025-05,2025-05-30,88212.44,Million PKR,not-stated,Normal,,,"{""artifactId"":""TS_GP_BAM_M2_W.M000080:c5803daafae5fcf4acb116dd8aa365da2ca17b1231fd5f57012e1755b410d222:b240ea09d234"",""sourceKey"":""TS_GP_BAM_M2_W.M000080"",""retrievedAt"":""2026-09-30T22:08:46.184Z"",""locator"":{""seriesKey"":""TS_GP_BAM_M2_W.M000080"",""observationDate"":""2025-05-30"",""row"":69,""column"":5,""columns"":{""seriesKey"":2,""date"":4,""value"":5,""unit"":6,""status"":7,""comments"":8}},""rawValue"":""88212.43819""}"
nfa,2025-06,2025-06-27,345990.43,Million PKR,not-stated,Normal,,,"{""artifactId"":""TS_GP_BAM_M2_W.M000080:c5803daafae5fcf4acb116dd8aa365da2ca17b1231fd5f57012e1755b410d222:b240ea09d234"",""sourceKey"":""TS_GP_BAM_M2_W.M000080"",""retrievedAt"":""2026-09-30T22:08:46.184Z"",""locator"":{""seriesKey"":""TS_GP_BAM_M2_W.M000080"",""observationDate"":""2025-06-27"",""row"":65,""column"":5,""columns"":{""seriesKey"":2,""date"":4,""value"":5,""unit"":6,""status"":7,""comments"":8}},""rawValue"":""345990.4256""}"
nfa,2025-07,2025-07-25,374401.5,Million PKR,not-stated,Normal,,,"{""artifactId"":""TS_GP_BAM_M2_W.M000080:c5803daafae5fcf4acb116dd8aa365da2ca17b1231fd5f57012e1755b410d222:b240ea09d234"",""sourceKey"":""TS_GP_BAM_M2_W.M000080"",""retrievedAt"":""2026-09-30T22:08:46.184Z"",""locator"":{""seriesKey"":""TS_GP_BAM_M2_W.M000080"",""observationDate"":""2025-07-25"",""row"":61,""column"":5,""columns"":{""seriesKey"":2,""date"":4,""value"":5,""unit"":6,""status"":7,""comments"":8}},""rawValue"":""374401.4994""}"
nfa,2025-08,2025-08-29,507638.14,Million PKR,not-stated,Normal,,,"{""artifactId"":""TS_GP_BAM_M2_W.M000080:c5803daafae5fcf4acb116dd8aa365da2ca17b1231fd5f57012e1755b410d222:b240ea09d234"",""sourceKey"":""TS_GP_BAM_M2_W.M000080"",""retrievedAt"":""2026-09-30T22:08:46.184Z"",""locator"":{""seriesKey"":""TS_GP_BAM_M2_W.M000080"",""observationDate"":""2025-08-29"",""row"":56,""column"":5,""columns"":{""seriesKey"":2,""date"":4,""value"":5,""unit"":6,""status"":7,""comments"":8}},""rawValue"":""507638.1366""}"
nfa,2025-09,2025-09-26,466872.08,Million PKR,not-stated,Normal,,,"{""artifactId"":""TS_GP_BAM_M2_W.M000080:c5803daafae5fcf4acb116dd8aa365da2ca17b1231fd5f57012e1755b410d222:b240ea09d234"",""sourceKey"":""TS_GP_BAM_M2_W.M000080"",""retrievedAt"":""2026-09-30T22:08:46.184Z"",""locator"":{""seriesKey"":""TS_GP_BAM_M2_W.M000080"",""observationDate"":""2025-09-26"",""row"":52,""column"":5,""columns"":{""seriesKey"":2,""date"":4,""value"":5,""unit"":6,""status"":7,""comments"":8}},""rawValue"":""466872.084""}"
nfa,2025-10,2025-10-31,545844.3,Million PKR,not-stated,Normal,,,"{""artifactId"":""TS_GP_BAM_M2_W.M000080:c5803daafae5fcf4acb116dd8aa365da2ca17b1231fd5f57012e1755b410d222:b240ea09d234"",""sourceKey"":""TS_GP_BAM_M2_W.M000080"",""retrievedAt"":""2026-09-30T22:08:46.184Z"",""locator"":{""seriesKey"":""TS_GP_BAM_M2_W.M000080"",""observationDate"":""2025-10-31"",""row"":47,""column"":5,""columns"":{""seriesKey"":2,""date"":4,""value"":5,""unit"":6,""status"":7,""comments"":8}},""rawValue"":""545844.3011""}"
nfa,2025-11,2025-11-28,623779.07,Million PKR,not-stated,Normal,,,"{""artifactId"":""TS_GP_BAM_M2_W.M000080:c5803daafae5fcf4acb116dd8aa365da2ca17b1231fd5f57012e1755b410d222:b240ea09d234"",""sourceKey"":""TS_GP_BAM_M2_W.M000080"",""retrievedAt"":""2026-09-30T22:08:46.184Z"",""locator"":{""seriesKey"":""TS_GP_BAM_M2_W.M000080"",""observationDate"":""2025-11-28"",""row"":43,""column"":5,""columns"":{""seriesKey"":2,""date"":4,""value"":5,""unit"":6,""status"":7,""comments"":8}},""rawValue"":""623779.0653""}"
nfa,2025-12,2025-12-26,789387.3,Million PKR,not-stated,Normal,,,"{""artifactId"":""TS_GP_BAM_M2_W.M000080:c5803daafae5fcf4acb116dd8aa365da2ca17b1231fd5f57012e1755b410d222:b240ea09d234"",""sourceKey"":""TS_GP_BAM_M2_W.M000080"",""retrievedAt"":""2026-09-30T22:08:46.184Z"",""locator"":{""seriesKey"":""TS_GP_BAM_M2_W.M000080"",""observationDate"":""2025-12-26"",""row"":39,""column"":5,""columns"":{""seriesKey"":2,""date"":4,""value"":5,""unit"":6,""status"":7,""comments"":8}},""rawValue"":""789387.2955""}"
nfa,2026-01,2026-01-30,1204489.63,Million PKR,not-stated,Normal,,,"{""artifactId"":""TS_GP_BAM_M2_W.M000080:c5803daafae5fcf4acb116dd8aa365da2ca17b1231fd5f57012e1755b410d222:b240ea09d234"",""sourceKey"":""TS_GP_BAM_M2_W.M000080"",""retrievedAt"":""2026-09-30T22:08:46.184Z"",""locator"":{""seriesKey"":""TS_GP_BAM_M2_W.M000080"",""observationDate"":""2026-01-30"",""row"":34,""column"":5,""columns"":{""seriesKey"":2,""date"":4,""value"":5,""unit"":6,""status"":7,""comments"":8}},""rawValue"":""1204489.63""}"
nfa,2026-02,2026-02-27,1378857.42,Million PKR,not-stated,Normal,,,"{""artifactId"":""TS_GP_BAM_M2_W.M000080:c5803daafae5fcf4acb116dd8aa365da2ca17b1231fd5f57012e1755b410d222:b240ea09d234"",""sourceKey"":""TS_GP_BAM_M2_W.M000080"",""retrievedAt"":""2026-09-30T22:08:46.184Z"",""locator"":{""seriesKey"":""TS_GP_BAM_M2_W.M000080"",""observationDate"":""2026-02-27"",""row"":30,""column"":5,""columns"":{""seriesKey"":2,""date"":4,""value"":5,""unit"":6,""status"":7,""comments"":8}},""rawValue"":""1378857.418""}"
nfa,2026-03,2026-03-27,1593849.6,Million PKR,not-stated,Normal,,,"{""artifactId"":""TS_GP_BAM_M2_W.M000080:c5803daafae5fcf4acb116dd8aa365da2ca17b1231fd5f57012e1755b410d222:b240ea09d234"",""sourceKey"":""TS_GP_BAM_M2_W.M000080"",""retrievedAt"":""2026-09-30T22:08:46.184Z"",""locator"":{""seriesKey"":""TS_GP_BAM_M2_W.M000080"",""observationDate"":""2026-03-27"",""row"":26,""column"":5,""columns"":{""seriesKey"":2,""date"":4,""value"":5,""unit"":6,""status"":7,""comments"":8}},""rawValue"":""1593849.597""}"
nfa,2026-04,2026-04-24,1909775.5,Million PKR,not-stated,Normal,,,"{""artifactId"":""TS_GP_BAM_M2_W.M000080:c5803daafae5fcf4acb116dd8aa365da2ca17b1231fd5f57012e1755b410d222:b240ea09d234"",""sourceKey"":""TS_GP_BAM_M2_W.M000080"",""retrievedAt"":""2026-09-30T22:08:46.184Z"",""locator"":{""seriesKey"":""TS_GP_BAM_M2_W.M000080"",""observationDate"":""2026-04-24"",""row"":22,""column"":5,""columns"":{""seriesKey"":2,""date"":4,""value"":5,""unit"":6,""status"":7,""comments"":8}},""rawValue"":""1909775.498""}"
nfa,2026-05,2026-05-29,2112316.2,Million PKR,not-stated,Normal,,,"{""artifactId"":""TS_GP_BAM_M2_W.M000080:c5803daafae5fcf4acb116dd8aa365da2ca17b1231fd5f57012e1755b410d222:b240ea09d234"",""sourceKey"":""TS_GP_BAM_M2_W.M000080"",""retrievedAt"":""2026-09-30T22:08:46.184Z"",""locator"":{""seriesKey"":""TS_GP_BAM_M2_W.M000080"",""observationDate"":""2026-05-29"",""row"":17,""column"":5,""columns"":{""seriesKey"":2,""date"":4,""value"":5,""unit"":6,""status"":7,""comments"":8}},""rawValue"":""2112316.2""}"
nfa,2026-06,2026-06-26,1895268.04,Million PKR,not-stated,Normal,,,"{""artifactId"":""TS_GP_BAM_M2_W.M000080:c5803daafae5fcf4acb116dd8aa365da2ca17b1231fd5f57012e1755b410d222:b240ea09d234"",""sourceKey"":""TS_GP_BAM_M2_W.M000080"",""retrievedAt"":""2026-09-30T22:08:46.184Z"",""locator"":{""seriesKey"":""TS_GP_BAM_M2_W.M000080"",""observationDate"":""2026-06-26"",""row"":13,""column"":5,""columns"":{""seriesKey"":2,""date"":4,""value"":5,""unit"":6,""status"":7,""comments"":8}},""rawValue"":""1895268.042""}"
nfa,2026-07,2026-07-31,1820618.75,Million PKR,not-stated,Normal,,,"{""artifactId"":""TS_GP_BAM_M2_W.M000080:c5803daafae5fcf4acb116dd8aa365da2ca17b1231fd5f57012e1755b410d222:b240ea09d234"",""sourceKey"":""TS_GP_BAM_M2_W.M000080"",""retrievedAt"":""2026-09-30T22:08:46.184Z"",""locator"":{""seriesKey"":""TS_GP_BAM_M2_W.M000080"",""observationDate"":""2026-07-31"",""row"":8,""column"":5,""columns"":{""seriesKey"":2,""date"":4,""value"":5,""unit"":6,""status"":7,""comments"":8}},""rawValue"":""1820618.752""}"
nfa,2026-08,2026-08-28,1850355.65,Million PKR,not-stated,Normal,,,"{""artifactId"":""TS_GP_BAM_M2_W.M000080:c5803daafae5fcf4acb116dd8aa365da2ca17b1231fd5f57012e1755b410d222:b240ea09d234"",""sourceKey"":""TS_GP_BAM_M2_W.M000080"",""retrievedAt"":""2026-09-30T22:08:46.184Z"",""locator"":{""seriesKey"":""TS_GP_BAM_M2_W.M000080"",""observationDate"":""2026-08-28"",""row"":4,""column"":5,""columns"":{""seriesKey"":2,""date"":4,""value"":5,""unit"":6,""status"":7,""comments"":8}},""rawValue"":""1850355.648""}"
nfa,2026-09,2026-09-18,2938156.6,Million PKR,not-stated,Normal,,,"{""artifactId"":""TS_GP_BAM_M2_W.M000080:c5803daafae5fcf4acb116dd8aa365da2ca17b1231fd5f57012e1755b410d222:b240ea09d234"",""sourceKey"":""TS_GP_BAM_M2_W.M000080"",""retrievedAt"":""2026-09-30T22:08:46.184Z"",""locator"":{""seriesKey"":""TS_GP_BAM_M2_W.M000080"",""observationDate"":""2026-09-18"",""row"":1,""column"":5,""columns"":{""seriesKey"":2,""date"":4,""value"":5,""unit"":6,""status"":7,""comments"":8}},""rawValue"":""2938156.598""}"
budgetary,2021-10,2021-10-29,15453796.57,Million PKR,not-stated,Normal,,,"{""artifactId"":""TS_GP_BAM_M2_W.M000150:f9f02a70e6dd0f325d8437af4c5ba3a3d3ba5218601829904dac0d24ce7f9421:f632d51f1295"",""sourceKey"":""TS_GP_BAM_M2_W.M000150"",""retrievedAt"":""2026-09-30T22:08:46.632Z"",""locator"":{""seriesKey"":""TS_GP_BAM_M2_W.M000150"",""observationDate"":""2021-10-29"",""row"":256,""column"":5,""columns"":{""seriesKey"":2,""date"":4,""value"":5,""unit"":6,""status"":7,""comments"":8}},""rawValue"":""15453796.57""}"
budgetary,2021-11,2021-11-26,15401748.3,Million PKR,not-stated,Normal,,,"{""artifactId"":""TS_GP_BAM_M2_W.M000150:f9f02a70e6dd0f325d8437af4c5ba3a3d3ba5218601829904dac0d24ce7f9421:f632d51f1295"",""sourceKey"":""TS_GP_BAM_M2_W.M000150"",""retrievedAt"":""2026-09-30T22:08:46.632Z"",""locator"":{""seriesKey"":""TS_GP_BAM_M2_W.M000150"",""observationDate"":""2021-11-26"",""row"":252,""column"":5,""columns"":{""seriesKey"":2,""date"":4,""value"":5,""unit"":6,""status"":7,""comments"":8}},""rawValue"":""15401748.3""}"
budgetary,2021-12,2021-12-31,15609850.48,Million PKR,not-stated,Normal,,,"{""artifactId"":""TS_GP_BAM_M2_W.M000150:f9f02a70e6dd0f325d8437af4c5ba3a3d3ba5218601829904dac0d24ce7f9421:f632d51f1295"",""sourceKey"":""TS_GP_BAM_M2_W.M000150"",""retrievedAt"":""2026-09-30T22:08:46.632Z"",""locator"":{""seriesKey"":""TS_GP_BAM_M2_W.M000150"",""observationDate"":""2021-12-31"",""row"":247,""column"":5,""columns"":{""seriesKey"":2,""date"":4,""value"":5,""unit"":6,""status"":7,""comments"":8}},""rawValue"":""15609850.48""}"
budgetary,2022-01,2022-01-28,15526891.47,Million PKR,not-stated,Normal,,,"{""artifactId"":""TS_GP_BAM_M2_W.M000150:f9f02a70e6dd0f325d8437af4c5ba3a3d3ba5218601829904dac0d24ce7f9421:f632d51f1295"",""sourceKey"":""TS_GP_BAM_M2_W.M000150"",""retrievedAt"":""2026-09-30T22:08:46.632Z"",""locator"":{""seriesKey"":""TS_GP_BAM_M2_W.M000150"",""observationDate"":""2022-01-28"",""row"":243,""column"":5,""columns"":{""seriesKey"":2,""date"":4,""value"":5,""unit"":6,""status"":7,""comments"":8}},""rawValue"":""15526891.47""}"
budgetary,2022-02,2022-02-25,15299617.9,Million PKR,not-stated,Normal,,,"{""artifactId"":""TS_GP_BAM_M2_W.M000150:f9f02a70e6dd0f325d8437af4c5ba3a3d3ba5218601829904dac0d24ce7f9421:f632d51f1295"",""sourceKey"":""TS_GP_BAM_M2_W.M000150"",""retrievedAt"":""2026-09-30T22:08:46.632Z"",""locator"":{""seriesKey"":""TS_GP_BAM_M2_W.M000150"",""observationDate"":""2022-02-25"",""row"":239,""column"":5,""columns"":{""seriesKey"":2,""date"":4,""value"":5,""unit"":6,""status"":7,""comments"":8}},""rawValue"":""15299617.9""}"
budgetary,2022-03,2022-03-25,16311417.72,Million PKR,not-stated,Normal,,,"{""artifactId"":""TS_GP_BAM_M2_W.M000150:f9f02a70e6dd0f325d8437af4c5ba3a3d3ba5218601829904dac0d24ce7f9421:f632d51f1295"",""sourceKey"":""TS_GP_BAM_M2_W.M000150"",""retrievedAt"":""2026-09-30T22:08:46.632Z"",""locator"":{""seriesKey"":""TS_GP_BAM_M2_W.M000150"",""observationDate"":""2022-03-25"",""row"":235,""column"":5,""columns"":{""seriesKey"":2,""date"":4,""value"":5,""unit"":6,""status"":7,""comments"":8}},""rawValue"":""16311417.72""}"
budgetary,2022-04,2022-04-29,16941801.99,Million PKR,not-stated,Normal,,,"{""artifactId"":""TS_GP_BAM_M2_W.M000150:f9f02a70e6dd0f325d8437af4c5ba3a3d3ba5218601829904dac0d24ce7f9421:f632d51f1295"",""sourceKey"":""TS_GP_BAM_M2_W.M000150"",""retrievedAt"":""2026-09-30T22:08:46.632Z"",""locator"":{""seriesKey"":""TS_GP_BAM_M2_W.M000150"",""observationDate"":""2022-04-29"",""row"":230,""column"":5,""columns"":{""seriesKey"":2,""date"":4,""value"":5,""unit"":6,""status"":7,""comments"":8}},""rawValue"":""16941801.99""}"
budgetary,2022-05,2022-05-27,17256447.26,Million PKR,not-stated,Normal,,,"{""artifactId"":""TS_GP_BAM_M2_W.M000150:f9f02a70e6dd0f325d8437af4c5ba3a3d3ba5218601829904dac0d24ce7f9421:f632d51f1295"",""sourceKey"":""TS_GP_BAM_M2_W.M000150"",""retrievedAt"":""2026-09-30T22:08:46.632Z"",""locator"":{""seriesKey"":""TS_GP_BAM_M2_W.M000150"",""observationDate"":""2022-05-27"",""row"":226,""column"":5,""columns"":{""seriesKey"":2,""date"":4,""value"":5,""unit"":6,""status"":7,""comments"":8}},""rawValue"":""17256447.26""}"
budgetary,2022-06,2022-06-24,17886393.45,Million PKR,not-stated,Normal,,,"{""artifactId"":""TS_GP_BAM_M2_W.M000150:f9f02a70e6dd0f325d8437af4c5ba3a3d3ba5218601829904dac0d24ce7f9421:f632d51f1295"",""sourceKey"":""TS_GP_BAM_M2_W.M000150"",""retrievedAt"":""2026-09-30T22:08:46.632Z"",""locator"":{""seriesKey"":""TS_GP_BAM_M2_W.M000150"",""observationDate"":""2022-06-24"",""row"":222,""column"":5,""columns"":{""seriesKey"":2,""date"":4,""value"":5,""unit"":6,""status"":7,""comments"":8}},""rawValue"":""17886393.45""}"
budgetary,2022-07,2022-07-29,18739195.88,Million PKR,not-stated,Normal,,,"{""artifactId"":""TS_GP_BAM_M2_W.M000150:f9f02a70e6dd0f325d8437af4c5ba3a3d3ba5218601829904dac0d24ce7f9421:f632d51f1295"",""sourceKey"":""TS_GP_BAM_M2_W.M000150"",""retrievedAt"":""2026-09-30T22:08:46.632Z"",""locator"":{""seriesKey"":""TS_GP_BAM_M2_W.M000150"",""observationDate"":""2022-07-29"",""row"":217,""column"":5,""columns"":{""seriesKey"":2,""date"":4,""value"":5,""unit"":6,""status"":7,""comments"":8}},""rawValue"":""18739195.88""}"
budgetary,2022-08,2022-08-26,18709320.44,Million PKR,not-stated,Normal,,,"{""artifactId"":""TS_GP_BAM_M2_W.M000150:f9f02a70e6dd0f325d8437af4c5ba3a3d3ba5218601829904dac0d24ce7f9421:f632d51f1295"",""sourceKey"":""TS_GP_BAM_M2_W.M000150"",""retrievedAt"":""2026-09-30T22:08:46.632Z"",""locator"":{""seriesKey"":""TS_GP_BAM_M2_W.M000150"",""observationDate"":""2022-08-26"",""row"":213,""column"":5,""columns"":{""seriesKey"":2,""date"":4,""value"":5,""unit"":6,""status"":7,""comments"":8}},""rawValue"":""18709320.44""}"
budgetary,2022-09,2022-09-30,19047586.24,Million PKR,not-stated,Normal,,,"{""artifactId"":""TS_GP_BAM_M2_W.M000150:f9f02a70e6dd0f325d8437af4c5ba3a3d3ba5218601829904dac0d24ce7f9421:f632d51f1295"",""sourceKey"":""TS_GP_BAM_M2_W.M000150"",""retrievedAt"":""2026-09-30T22:08:46.632Z"",""locator"":{""seriesKey"":""TS_GP_BAM_M2_W.M000150"",""observationDate"":""2022-09-30"",""row"":208,""column"":5,""columns"":{""seriesKey"":2,""date"":4,""value"":5,""unit"":6,""status"":7,""comments"":8}},""rawValue"":""19047586.24""}"
budgetary,2022-10,2022-10-28,18924218.64,Million PKR,not-stated,Normal,,,"{""artifactId"":""TS_GP_BAM_M2_W.M000150:f9f02a70e6dd0f325d8437af4c5ba3a3d3ba5218601829904dac0d24ce7f9421:f632d51f1295"",""sourceKey"":""TS_GP_BAM_M2_W.M000150"",""retrievedAt"":""2026-09-30T22:08:46.632Z"",""locator"":{""seriesKey"":""TS_GP_BAM_M2_W.M000150"",""observationDate"":""2022-10-28"",""row"":204,""column"":5,""columns"":{""seriesKey"":2,""date"":4,""value"":5,""unit"":6,""status"":7,""comments"":8}},""rawValue"":""18924218.64""}"
budgetary,2022-11,2022-11-25,18928937.18,Million PKR,not-stated,Normal,,,"{""artifactId"":""TS_GP_BAM_M2_W.M000150:f9f02a70e6dd0f325d8437af4c5ba3a3d3ba5218601829904dac0d24ce7f9421:f632d51f1295"",""sourceKey"":""TS_GP_BAM_M2_W.M000150"",""retrievedAt"":""2026-09-30T22:08:46.632Z"",""locator"":{""seriesKey"":""TS_GP_BAM_M2_W.M000150"",""observationDate"":""2022-11-25"",""row"":200,""column"":5,""columns"":{""seriesKey"":2,""date"":4,""value"":5,""unit"":6,""status"":7,""comments"":8}},""rawValue"":""18928937.18""}"
budgetary,2022-12,2022-12-30,18944045.81,Million PKR,not-stated,Normal,,,"{""artifactId"":""TS_GP_BAM_M2_W.M000150:f9f02a70e6dd0f325d8437af4c5ba3a3d3ba5218601829904dac0d24ce7f9421:f632d51f1295"",""sourceKey"":""TS_GP_BAM_M2_W.M000150"",""retrievedAt"":""2026-09-30T22:08:46.632Z"",""locator"":{""seriesKey"":""TS_GP_BAM_M2_W.M000150"",""observationDate"":""2022-12-30"",""row"":195,""column"":5,""columns"":{""seriesKey"":2,""date"":4,""value"":5,""unit"":6,""status"":7,""comments"":8}},""rawValue"":""18944045.81""}"
budgetary,2023-01,2023-01-27,20096799.15,Million PKR,not-stated,Normal,,,"{""artifactId"":""TS_GP_BAM_M2_W.M000150:f9f02a70e6dd0f325d8437af4c5ba3a3d3ba5218601829904dac0d24ce7f9421:f632d51f1295"",""sourceKey"":""TS_GP_BAM_M2_W.M000150"",""retrievedAt"":""2026-09-30T22:08:46.632Z"",""locator"":{""seriesKey"":""TS_GP_BAM_M2_W.M000150"",""observationDate"":""2023-01-27"",""row"":191,""column"":5,""columns"":{""seriesKey"":2,""date"":4,""value"":5,""unit"":6,""status"":7,""comments"":8}},""rawValue"":""20096799.15""}"
budgetary,2023-02,2023-02-24,20316031.44,Million PKR,not-stated,Normal,,,"{""artifactId"":""TS_GP_BAM_M2_W.M000150:f9f02a70e6dd0f325d8437af4c5ba3a3d3ba5218601829904dac0d24ce7f9421:f632d51f1295"",""sourceKey"":""TS_GP_BAM_M2_W.M000150"",""retrievedAt"":""2026-09-30T22:08:46.632Z"",""locator"":{""seriesKey"":""TS_GP_BAM_M2_W.M000150"",""observationDate"":""2023-02-24"",""row"":187,""column"":5,""columns"":{""seriesKey"":2,""date"":4,""value"":5,""unit"":6,""status"":7,""comments"":8}},""rawValue"":""20316031.44""}"
budgetary,2023-03,2023-03-31,20915407.25,Million PKR,not-stated,Normal,,,"{""artifactId"":""TS_GP_BAM_M2_W.M000150:f9f02a70e6dd0f325d8437af4c5ba3a3d3ba5218601829904dac0d24ce7f9421:f632d51f1295"",""sourceKey"":""TS_GP_BAM_M2_W.M000150"",""retrievedAt"":""2026-09-30T22:08:46.632Z"",""locator"":{""seriesKey"":""TS_GP_BAM_M2_W.M000150"",""observationDate"":""2023-03-31"",""row"":182,""column"":5,""columns"":{""seriesKey"":2,""date"":4,""value"":5,""unit"":6,""status"":7,""comments"":8}},""rawValue"":""20915407.25""}"
budgetary,2023-04,2023-04-28,20998233.72,Million PKR,not-stated,Normal,,,"{""artifactId"":""TS_GP_BAM_M2_W.M000150:f9f02a70e6dd0f325d8437af4c5ba3a3d3ba5218601829904dac0d24ce7f9421:f632d51f1295"",""sourceKey"":""TS_GP_BAM_M2_W.M000150"",""retrievedAt"":""2026-09-30T22:08:46.632Z"",""locator"":{""seriesKey"":""TS_GP_BAM_M2_W.M000150"",""observationDate"":""2023-04-28"",""row"":178,""column"":5,""columns"":{""seriesKey"":2,""date"":4,""value"":5,""unit"":6,""status"":7,""comments"":8}},""rawValue"":""20998233.72""}"
budgetary,2023-05,2023-05-26,21510196.57,Million PKR,not-stated,Normal,,,"{""artifactId"":""TS_GP_BAM_M2_W.M000150:f9f02a70e6dd0f325d8437af4c5ba3a3d3ba5218601829904dac0d24ce7f9421:f632d51f1295"",""sourceKey"":""TS_GP_BAM_M2_W.M000150"",""retrievedAt"":""2026-09-30T22:08:46.632Z"",""locator"":{""seriesKey"":""TS_GP_BAM_M2_W.M000150"",""observationDate"":""2023-05-26"",""row"":174,""column"":5,""columns"":{""seriesKey"":2,""date"":4,""value"":5,""unit"":6,""status"":7,""comments"":8}},""rawValue"":""21510196.57""}"
budgetary,2023-06,2023-06-30,22244062.65,Million PKR,not-stated,Normal,,,"{""artifactId"":""TS_GP_BAM_M2_W.M000150:f9f02a70e6dd0f325d8437af4c5ba3a3d3ba5218601829904dac0d24ce7f9421:f632d51f1295"",""sourceKey"":""TS_GP_BAM_M2_W.M000150"",""retrievedAt"":""2026-09-30T22:08:46.632Z"",""locator"":{""seriesKey"":""TS_GP_BAM_M2_W.M000150"",""observationDate"":""2023-06-30"",""row"":169,""column"":5,""columns"":{""seriesKey"":2,""date"":4,""value"":5,""unit"":6,""status"":7,""comments"":8}},""rawValue"":""22244062.65""}"
budgetary,2023-07,2023-07-28,22187213.2,Million PKR,not-stated,Normal,,,"{""artifactId"":""TS_GP_BAM_M2_W.M000150:f9f02a70e6dd0f325d8437af4c5ba3a3d3ba5218601829904dac0d24ce7f9421:f632d51f1295"",""sourceKey"":""TS_GP_BAM_M2_W.M000150"",""retrievedAt"":""2026-09-30T22:08:46.632Z"",""locator"":{""seriesKey"":""TS_GP_BAM_M2_W.M000150"",""observationDate"":""2023-07-28"",""row"":165,""column"":5,""columns"":{""seriesKey"":2,""date"":4,""value"":5,""unit"":6,""status"":7,""comments"":8}},""rawValue"":""22187213.2""}"
budgetary,2023-08,2023-08-25,22557475.13,Million PKR,not-stated,Normal,,,"{""artifactId"":""TS_GP_BAM_M2_W.M000150:f9f02a70e6dd0f325d8437af4c5ba3a3d3ba5218601829904dac0d24ce7f9421:f632d51f1295"",""sourceKey"":""TS_GP_BAM_M2_W.M000150"",""retrievedAt"":""2026-09-30T22:08:46.632Z"",""locator"":{""seriesKey"":""TS_GP_BAM_M2_W.M000150"",""observationDate"":""2023-08-25"",""row"":161,""column"":5,""columns"":{""seriesKey"":2,""date"":4,""value"":5,""unit"":6,""status"":7,""comments"":8}},""rawValue"":""22557475.13""}"
budgetary,2023-09,2023-09-29,23698879.45,Million PKR,not-stated,Normal,,,"{""artifactId"":""TS_GP_BAM_M2_W.M000150:f9f02a70e6dd0f325d8437af4c5ba3a3d3ba5218601829904dac0d24ce7f9421:f632d51f1295"",""sourceKey"":""TS_GP_BAM_M2_W.M000150"",""retrievedAt"":""2026-09-30T22:08:46.632Z"",""locator"":{""seriesKey"":""TS_GP_BAM_M2_W.M000150"",""observationDate"":""2023-09-29"",""row"":156,""column"":5,""columns"":{""seriesKey"":2,""date"":4,""value"":5,""unit"":6,""status"":7,""comments"":8}},""rawValue"":""23698879.45""}"
budgetary,2023-10,2023-10-27,22997113.16,Million PKR,not-stated,Normal,,,"{""artifactId"":""TS_GP_BAM_M2_W.M000150:f9f02a70e6dd0f325d8437af4c5ba3a3d3ba5218601829904dac0d24ce7f9421:f632d51f1295"",""sourceKey"":""TS_GP_BAM_M2_W.M000150"",""retrievedAt"":""2026-09-30T22:08:46.632Z"",""locator"":{""seriesKey"":""TS_GP_BAM_M2_W.M000150"",""observationDate"":""2023-10-27"",""row"":152,""column"":5,""columns"":{""seriesKey"":2,""date"":4,""value"":5,""unit"":6,""status"":7,""comments"":8}},""rawValue"":""22997113.16""}"
budgetary,2023-11,2023-11-24,24734668.17,Million PKR,not-stated,Normal,,,"{""artifactId"":""TS_GP_BAM_M2_W.M000150:f9f02a70e6dd0f325d8437af4c5ba3a3d3ba5218601829904dac0d24ce7f9421:f632d51f1295"",""sourceKey"":""TS_GP_BAM_M2_W.M000150"",""retrievedAt"":""2026-09-30T22:08:46.632Z"",""locator"":{""seriesKey"":""TS_GP_BAM_M2_W.M000150"",""observationDate"":""2023-11-24"",""row"":148,""column"":5,""columns"":{""seriesKey"":2,""date"":4,""value"":5,""unit"":6,""status"":7,""comments"":8}},""rawValue"":""24734668.17""}"
budgetary,2023-12,2023-12-29,24683463.3,Million PKR,not-stated,Normal,,,"{""artifactId"":""TS_GP_BAM_M2_W.M000150:f9f02a70e6dd0f325d8437af4c5ba3a3d3ba5218601829904dac0d24ce7f9421:f632d51f1295"",""sourceKey"":""TS_GP_BAM_M2_W.M000150"",""retrievedAt"":""2026-09-30T22:08:46.632Z"",""locator"":{""seriesKey"":""TS_GP_BAM_M2_W.M000150"",""observationDate"":""2023-12-29"",""row"":143,""column"":5,""columns"":{""seriesKey"":2,""date"":4,""value"":5,""unit"":6,""status"":7,""comments"":8}},""rawValue"":""24683463.3""}"
budgetary,2024-01,2024-01-26,24742024.7,Million PKR,not-stated,Normal,,,"{""artifactId"":""TS_GP_BAM_M2_W.M000150:f9f02a70e6dd0f325d8437af4c5ba3a3d3ba5218601829904dac0d24ce7f9421:f632d51f1295"",""sourceKey"":""TS_GP_BAM_M2_W.M000150"",""retrievedAt"":""2026-09-30T22:08:46.632Z"",""locator"":{""seriesKey"":""TS_GP_BAM_M2_W.M000150"",""observationDate"":""2024-01-26"",""row"":139,""column"":5,""columns"":{""seriesKey"":2,""date"":4,""value"":5,""unit"":6,""status"":7,""comments"":8}},""rawValue"":""24742024.7""}"
budgetary,2024-02,2024-02-23,25228954.59,Million PKR,not-stated,Normal,,,"{""artifactId"":""TS_GP_BAM_M2_W.M000150:f9f02a70e6dd0f325d8437af4c5ba3a3d3ba5218601829904dac0d24ce7f9421:f632d51f1295"",""sourceKey"":""TS_GP_BAM_M2_W.M000150"",""retrievedAt"":""2026-09-30T22:08:46.632Z"",""locator"":{""seriesKey"":""TS_GP_BAM_M2_W.M000150"",""observationDate"":""2024-02-23"",""row"":135,""column"":5,""columns"":{""seriesKey"":2,""date"":4,""value"":5,""unit"":6,""status"":7,""comments"":8}},""rawValue"":""25228954.59""}"
budgetary,2024-03,2024-03-29,26439018.61,Million PKR,not-stated,Normal,,,"{""artifactId"":""TS_GP_BAM_M2_W.M000150:f9f02a70e6dd0f325d8437af4c5ba3a3d3ba5218601829904dac0d24ce7f9421:f632d51f1295"",""sourceKey"":""TS_GP_BAM_M2_W.M000150"",""retrievedAt"":""2026-09-30T22:08:46.632Z"",""locator"":{""seriesKey"":""TS_GP_BAM_M2_W.M000150"",""observationDate"":""2024-03-29"",""row"":130,""column"":5,""columns"":{""seriesKey"":2,""date"":4,""value"":5,""unit"":6,""status"":7,""comments"":8}},""rawValue"":""26439018.61""}"
budgetary,2024-04,2024-04-26,27309426.63,Million PKR,not-stated,Normal,,,"{""artifactId"":""TS_GP_BAM_M2_W.M000150:f9f02a70e6dd0f325d8437af4c5ba3a3d3ba5218601829904dac0d24ce7f9421:f632d51f1295"",""sourceKey"":""TS_GP_BAM_M2_W.M000150"",""retrievedAt"":""2026-09-30T22:08:46.632Z"",""locator"":{""seriesKey"":""TS_GP_BAM_M2_W.M000150"",""observationDate"":""2024-04-26"",""row"":126,""column"":5,""columns"":{""seriesKey"":2,""date"":4,""value"":5,""unit"":6,""status"":7,""comments"":8}},""rawValue"":""27309426.63""}"
budgetary,2024-05,2024-05-31,28276528.11,Million PKR,not-stated,Normal,,,"{""artifactId"":""TS_GP_BAM_M2_W.M000150:f9f02a70e6dd0f325d8437af4c5ba3a3d3ba5218601829904dac0d24ce7f9421:f632d51f1295"",""sourceKey"":""TS_GP_BAM_M2_W.M000150"",""retrievedAt"":""2026-09-30T22:08:46.632Z"",""locator"":{""seriesKey"":""TS_GP_BAM_M2_W.M000150"",""observationDate"":""2024-05-31"",""row"":121,""column"":5,""columns"":{""seriesKey"":2,""date"":4,""value"":5,""unit"":6,""status"":7,""comments"":8}},""rawValue"":""28276528.11""}"
budgetary,2024-06,2024-06-28,29719934.92,Million PKR,not-stated,Normal,,,"{""artifactId"":""TS_GP_BAM_M2_W.M000150:f9f02a70e6dd0f325d8437af4c5ba3a3d3ba5218601829904dac0d24ce7f9421:f632d51f1295"",""sourceKey"":""TS_GP_BAM_M2_W.M000150"",""retrievedAt"":""2026-09-30T22:08:46.632Z"",""locator"":{""seriesKey"":""TS_GP_BAM_M2_W.M000150"",""observationDate"":""2024-06-28"",""row"":117,""column"":5,""columns"":{""seriesKey"":2,""date"":4,""value"":5,""unit"":6,""status"":7,""comments"":8}},""rawValue"":""29719934.92""}"
budgetary,2024-07,2024-07-26,29654521.83,Million PKR,not-stated,Normal,,,"{""artifactId"":""TS_GP_BAM_M2_W.M000150:f9f02a70e6dd0f325d8437af4c5ba3a3d3ba5218601829904dac0d24ce7f9421:f632d51f1295"",""sourceKey"":""TS_GP_BAM_M2_W.M000150"",""retrievedAt"":""2026-09-30T22:08:46.632Z"",""locator"":{""seriesKey"":""TS_GP_BAM_M2_W.M000150"",""observationDate"":""2024-07-26"",""row"":113,""column"":5,""columns"":{""seriesKey"":2,""date"":4,""value"":5,""unit"":6,""status"":7,""comments"":8}},""rawValue"":""29654521.83""}"
budgetary,2024-08,2024-08-30,30457262.92,Million PKR,not-stated,Normal,,,"{""artifactId"":""TS_GP_BAM_M2_W.M000150:f9f02a70e6dd0f325d8437af4c5ba3a3d3ba5218601829904dac0d24ce7f9421:f632d51f1295"",""sourceKey"":""TS_GP_BAM_M2_W.M000150"",""retrievedAt"":""2026-09-30T22:08:46.632Z"",""locator"":{""seriesKey"":""TS_GP_BAM_M2_W.M000150"",""observationDate"":""2024-08-30"",""row"":108,""column"":5,""columns"":{""seriesKey"":2,""date"":4,""value"":5,""unit"":6,""status"":7,""comments"":8}},""rawValue"":""30457262.92""}"
budgetary,2024-09,2024-09-27,28333018.74,Million PKR,not-stated,Normal,,,"{""artifactId"":""TS_GP_BAM_M2_W.M000150:f9f02a70e6dd0f325d8437af4c5ba3a3d3ba5218601829904dac0d24ce7f9421:f632d51f1295"",""sourceKey"":""TS_GP_BAM_M2_W.M000150"",""retrievedAt"":""2026-09-30T22:08:46.632Z"",""locator"":{""seriesKey"":""TS_GP_BAM_M2_W.M000150"",""observationDate"":""2024-09-27"",""row"":104,""column"":5,""columns"":{""seriesKey"":2,""date"":4,""value"":5,""unit"":6,""status"":7,""comments"":8}},""rawValue"":""28333018.74""}"
budgetary,2024-10,2024-10-25,27878124.07,Million PKR,not-stated,Normal,,,"{""artifactId"":""TS_GP_BAM_M2_W.M000150:f9f02a70e6dd0f325d8437af4c5ba3a3d3ba5218601829904dac0d24ce7f9421:f632d51f1295"",""sourceKey"":""TS_GP_BAM_M2_W.M000150"",""retrievedAt"":""2026-09-30T22:08:46.632Z"",""locator"":{""seriesKey"":""TS_GP_BAM_M2_W.M000150"",""observationDate"":""2024-10-25"",""row"":100,""column"":5,""columns"":{""seriesKey"":2,""date"":4,""value"":5,""unit"":6,""status"":7,""comments"":8}},""rawValue"":""27878124.07""}"
budgetary,2024-11,2024-11-29,27557023.53,Million PKR,not-stated,Normal,,,"{""artifactId"":""TS_GP_BAM_M2_W.M000150:f9f02a70e6dd0f325d8437af4c5ba3a3d3ba5218601829904dac0d24ce7f9421:f632d51f1295"",""sourceKey"":""TS_GP_BAM_M2_W.M000150"",""retrievedAt"":""2026-09-30T22:08:46.632Z"",""locator"":{""seriesKey"":""TS_GP_BAM_M2_W.M000150"",""observationDate"":""2024-11-29"",""row"":95,""column"":5,""columns"":{""seriesKey"":2,""date"":4,""value"":5,""unit"":6,""status"":7,""comments"":8}},""rawValue"":""27557023.53""}"
budgetary,2024-12,2024-12-27,27964356.52,Million PKR,not-stated,Normal,,,"{""artifactId"":""TS_GP_BAM_M2_W.M000150:f9f02a70e6dd0f325d8437af4c5ba3a3d3ba5218601829904dac0d24ce7f9421:f632d51f1295"",""sourceKey"":""TS_GP_BAM_M2_W.M000150"",""retrievedAt"":""2026-09-30T22:08:46.632Z"",""locator"":{""seriesKey"":""TS_GP_BAM_M2_W.M000150"",""observationDate"":""2024-12-27"",""row"":91,""column"":5,""columns"":{""seriesKey"":2,""date"":4,""value"":5,""unit"":6,""status"":7,""comments"":8}},""rawValue"":""27964356.52""}"
budgetary,2025-01,2025-01-31,28618184.32,Million PKR,not-stated,Normal,,,"{""artifactId"":""TS_GP_BAM_M2_W.M000150:f9f02a70e6dd0f325d8437af4c5ba3a3d3ba5218601829904dac0d24ce7f9421:f632d51f1295"",""sourceKey"":""TS_GP_BAM_M2_W.M000150"",""retrievedAt"":""2026-09-30T22:08:46.632Z"",""locator"":{""seriesKey"":""TS_GP_BAM_M2_W.M000150"",""observationDate"":""2025-01-31"",""row"":86,""column"":5,""columns"":{""seriesKey"":2,""date"":4,""value"":5,""unit"":6,""status"":7,""comments"":8}},""rawValue"":""28618184.32""}"
budgetary,2025-02,2025-02-28,29750373.11,Million PKR,not-stated,Normal,,,"{""artifactId"":""TS_GP_BAM_M2_W.M000150:f9f02a70e6dd0f325d8437af4c5ba3a3d3ba5218601829904dac0d24ce7f9421:f632d51f1295"",""sourceKey"":""TS_GP_BAM_M2_W.M000150"",""retrievedAt"":""2026-09-30T22:08:46.632Z"",""locator"":{""seriesKey"":""TS_GP_BAM_M2_W.M000150"",""observationDate"":""2025-02-28"",""row"":82,""column"":5,""columns"":{""seriesKey"":2,""date"":4,""value"":5,""unit"":6,""status"":7,""comments"":8}},""rawValue"":""29750373.11""}"
budgetary,2025-03,2025-03-28,31152528.23,Million PKR,not-stated,Normal,,,"{""artifactId"":""TS_GP_BAM_M2_W.M000150:f9f02a70e6dd0f325d8437af4c5ba3a3d3ba5218601829904dac0d24ce7f9421:f632d51f1295"",""sourceKey"":""TS_GP_BAM_M2_W.M000150"",""retrievedAt"":""2026-09-30T22:08:46.632Z"",""locator"":{""seriesKey"":""TS_GP_BAM_M2_W.M000150"",""observationDate"":""2025-03-28"",""row"":78,""column"":5,""columns"":{""seriesKey"":2,""date"":4,""value"":5,""unit"":6,""status"":7,""comments"":8}},""rawValue"":""31152528.23""}"
budgetary,2025-04,2025-04-25,31199091.91,Million PKR,not-stated,Normal,,,"{""artifactId"":""TS_GP_BAM_M2_W.M000150:f9f02a70e6dd0f325d8437af4c5ba3a3d3ba5218601829904dac0d24ce7f9421:f632d51f1295"",""sourceKey"":""TS_GP_BAM_M2_W.M000150"",""retrievedAt"":""2026-09-30T22:08:46.632Z"",""locator"":{""seriesKey"":""TS_GP_BAM_M2_W.M000150"",""observationDate"":""2025-04-25"",""row"":74,""column"":5,""columns"":{""seriesKey"":2,""date"":4,""value"":5,""unit"":6,""status"":7,""comments"":8}},""rawValue"":""31199091.91""}"
budgetary,2025-05,2025-05-30,32416513.84,Million PKR,not-stated,Normal,,,"{""artifactId"":""TS_GP_BAM_M2_W.M000150:f9f02a70e6dd0f325d8437af4c5ba3a3d3ba5218601829904dac0d24ce7f9421:f632d51f1295"",""sourceKey"":""TS_GP_BAM_M2_W.M000150"",""retrievedAt"":""2026-09-30T22:08:46.632Z"",""locator"":{""seriesKey"":""TS_GP_BAM_M2_W.M000150"",""observationDate"":""2025-05-30"",""row"":69,""column"":5,""columns"":{""seriesKey"":2,""date"":4,""value"":5,""unit"":6,""status"":7,""comments"":8}},""rawValue"":""32416513.84""}"
budgetary,2025-06,2025-06-27,34416662.5,Million PKR,not-stated,Normal,,,"{""artifactId"":""TS_GP_BAM_M2_W.M000150:f9f02a70e6dd0f325d8437af4c5ba3a3d3ba5218601829904dac0d24ce7f9421:f632d51f1295"",""sourceKey"":""TS_GP_BAM_M2_W.M000150"",""retrievedAt"":""2026-09-30T22:08:46.632Z"",""locator"":{""seriesKey"":""TS_GP_BAM_M2_W.M000150"",""observationDate"":""2025-06-27"",""row"":65,""column"":5,""columns"":{""seriesKey"":2,""date"":4,""value"":5,""unit"":6,""status"":7,""comments"":8}},""rawValue"":""34416662.5""}"
budgetary,2025-07,2025-07-25,33745141.61,Million PKR,not-stated,Normal,,,"{""artifactId"":""TS_GP_BAM_M2_W.M000150:f9f02a70e6dd0f325d8437af4c5ba3a3d3ba5218601829904dac0d24ce7f9421:f632d51f1295"",""sourceKey"":""TS_GP_BAM_M2_W.M000150"",""retrievedAt"":""2026-09-30T22:08:46.632Z"",""locator"":{""seriesKey"":""TS_GP_BAM_M2_W.M000150"",""observationDate"":""2025-07-25"",""row"":61,""column"":5,""columns"":{""seriesKey"":2,""date"":4,""value"":5,""unit"":6,""status"":7,""comments"":8}},""rawValue"":""33745141.61""}"
budgetary,2025-08,2025-08-29,31560177.37,Million PKR,not-stated,Normal,,,"{""artifactId"":""TS_GP_BAM_M2_W.M000150:f9f02a70e6dd0f325d8437af4c5ba3a3d3ba5218601829904dac0d24ce7f9421:f632d51f1295"",""sourceKey"":""TS_GP_BAM_M2_W.M000150"",""retrievedAt"":""2026-09-30T22:08:46.632Z"",""locator"":{""seriesKey"":""TS_GP_BAM_M2_W.M000150"",""observationDate"":""2025-08-29"",""row"":56,""column"":5,""columns"":{""seriesKey"":2,""date"":4,""value"":5,""unit"":6,""status"":7,""comments"":8}},""rawValue"":""31560177.37""}"
budgetary,2025-09,2025-09-26,31634620.51,Million PKR,not-stated,Normal,,,"{""artifactId"":""TS_GP_BAM_M2_W.M000150:f9f02a70e6dd0f325d8437af4c5ba3a3d3ba5218601829904dac0d24ce7f9421:f632d51f1295"",""sourceKey"":""TS_GP_BAM_M2_W.M000150"",""retrievedAt"":""2026-09-30T22:08:46.632Z"",""locator"":{""seriesKey"":""TS_GP_BAM_M2_W.M000150"",""observationDate"":""2025-09-26"",""row"":52,""column"":5,""columns"":{""seriesKey"":2,""date"":4,""value"":5,""unit"":6,""status"":7,""comments"":8}},""rawValue"":""31634620.51""}"
budgetary,2025-10,2025-10-31,32967608.11,Million PKR,not-stated,Normal,,,"{""artifactId"":""TS_GP_BAM_M2_W.M000150:f9f02a70e6dd0f325d8437af4c5ba3a3d3ba5218601829904dac0d24ce7f9421:f632d51f1295"",""sourceKey"":""TS_GP_BAM_M2_W.M000150"",""retrievedAt"":""2026-09-30T22:08:46.632Z"",""locator"":{""seriesKey"":""TS_GP_BAM_M2_W.M000150"",""observationDate"":""2025-10-31"",""row"":47,""column"":5,""columns"":{""seriesKey"":2,""date"":4,""value"":5,""unit"":6,""status"":7,""comments"":8}},""rawValue"":""32967608.11""}"
budgetary,2025-11,2025-11-28,33342143.63,Million PKR,not-stated,Normal,,,"{""artifactId"":""TS_GP_BAM_M2_W.M000150:f9f02a70e6dd0f325d8437af4c5ba3a3d3ba5218601829904dac0d24ce7f9421:f632d51f1295"",""sourceKey"":""TS_GP_BAM_M2_W.M000150"",""retrievedAt"":""2026-09-30T22:08:46.632Z"",""locator"":{""seriesKey"":""TS_GP_BAM_M2_W.M000150"",""observationDate"":""2025-11-28"",""row"":43,""column"":5,""columns"":{""seriesKey"":2,""date"":4,""value"":5,""unit"":6,""status"":7,""comments"":8}},""rawValue"":""33342143.63""}"
budgetary,2025-12,2025-12-26,33853154.3,Million PKR,not-stated,Normal,,,"{""artifactId"":""TS_GP_BAM_M2_W.M000150:f9f02a70e6dd0f325d8437af4c5ba3a3d3ba5218601829904dac0d24ce7f9421:f632d51f1295"",""sourceKey"":""TS_GP_BAM_M2_W.M000150"",""retrievedAt"":""2026-09-30T22:08:46.632Z"",""locator"":{""seriesKey"":""TS_GP_BAM_M2_W.M000150"",""observationDate"":""2025-12-26"",""row"":39,""column"":5,""columns"":{""seriesKey"":2,""date"":4,""value"":5,""unit"":6,""status"":7,""comments"":8}},""rawValue"":""33853154.3""}"
budgetary,2026-01,2026-01-30,34081215.58,Million PKR,not-stated,Normal,,,"{""artifactId"":""TS_GP_BAM_M2_W.M000150:f9f02a70e6dd0f325d8437af4c5ba3a3d3ba5218601829904dac0d24ce7f9421:f632d51f1295"",""sourceKey"":""TS_GP_BAM_M2_W.M000150"",""retrievedAt"":""2026-09-30T22:08:46.632Z"",""locator"":{""seriesKey"":""TS_GP_BAM_M2_W.M000150"",""observationDate"":""2026-01-30"",""row"":34,""column"":5,""columns"":{""seriesKey"":2,""date"":4,""value"":5,""unit"":6,""status"":7,""comments"":8}},""rawValue"":""34081215.58""}"
budgetary,2026-02,2026-02-27,34415152.75,Million PKR,not-stated,Normal,,,"{""artifactId"":""TS_GP_BAM_M2_W.M000150:f9f02a70e6dd0f325d8437af4c5ba3a3d3ba5218601829904dac0d24ce7f9421:f632d51f1295"",""sourceKey"":""TS_GP_BAM_M2_W.M000150"",""retrievedAt"":""2026-09-30T22:08:46.632Z"",""locator"":{""seriesKey"":""TS_GP_BAM_M2_W.M000150"",""observationDate"":""2026-02-27"",""row"":30,""column"":5,""columns"":{""seriesKey"":2,""date"":4,""value"":5,""unit"":6,""status"":7,""comments"":8}},""rawValue"":""34415152.75""}"
budgetary,2026-03,2026-03-27,35036943.24,Million PKR,not-stated,Normal,,,"{""artifactId"":""TS_GP_BAM_M2_W.M000150:f9f02a70e6dd0f325d8437af4c5ba3a3d3ba5218601829904dac0d24ce7f9421:f632d51f1295"",""sourceKey"":""TS_GP_BAM_M2_W.M000150"",""retrievedAt"":""2026-09-30T22:08:46.632Z"",""locator"":{""seriesKey"":""TS_GP_BAM_M2_W.M000150"",""observationDate"":""2026-03-27"",""row"":26,""column"":5,""columns"":{""seriesKey"":2,""date"":4,""value"":5,""unit"":6,""status"":7,""comments"":8}},""rawValue"":""35036943.24""}"
budgetary,2026-04,2026-04-24,34470953.29,Million PKR,not-stated,Normal,,,"{""artifactId"":""TS_GP_BAM_M2_W.M000150:f9f02a70e6dd0f325d8437af4c5ba3a3d3ba5218601829904dac0d24ce7f9421:f632d51f1295"",""sourceKey"":""TS_GP_BAM_M2_W.M000150"",""retrievedAt"":""2026-09-30T22:08:46.632Z"",""locator"":{""seriesKey"":""TS_GP_BAM_M2_W.M000150"",""observationDate"":""2026-04-24"",""row"":22,""column"":5,""columns"":{""seriesKey"":2,""date"":4,""value"":5,""unit"":6,""status"":7,""comments"":8}},""rawValue"":""34470953.29""}"
budgetary,2026-05,2026-05-29,35308674.54,Million PKR,not-stated,Normal,,,"{""artifactId"":""TS_GP_BAM_M2_W.M000150:f9f02a70e6dd0f325d8437af4c5ba3a3d3ba5218601829904dac0d24ce7f9421:f632d51f1295"",""sourceKey"":""TS_GP_BAM_M2_W.M000150"",""retrievedAt"":""2026-09-30T22:08:46.632Z"",""locator"":{""seriesKey"":""TS_GP_BAM_M2_W.M000150"",""observationDate"":""2026-05-29"",""row"":17,""column"":5,""columns"":{""seriesKey"":2,""date"":4,""value"":5,""unit"":6,""status"":7,""comments"":8}},""rawValue"":""35308674.54""}"
budgetary,2026-06,2026-06-26,36704499.93,Million PKR,not-stated,Normal,,,"{""artifactId"":""TS_GP_BAM_M2_W.M000150:f9f02a70e6dd0f325d8437af4c5ba3a3d3ba5218601829904dac0d24ce7f9421:f632d51f1295"",""sourceKey"":""TS_GP_BAM_M2_W.M000150"",""retrievedAt"":""2026-09-30T22:08:46.632Z"",""locator"":{""seriesKey"":""TS_GP_BAM_M2_W.M000150"",""observationDate"":""2026-06-26"",""row"":13,""column"":5,""columns"":{""seriesKey"":2,""date"":4,""value"":5,""unit"":6,""status"":7,""comments"":8}},""rawValue"":""36704499.93""}"
budgetary,2026-07,2026-07-31,36248543.72,Million PKR,not-stated,Normal,,,"{""artifactId"":""TS_GP_BAM_M2_W.M000150:f9f02a70e6dd0f325d8437af4c5ba3a3d3ba5218601829904dac0d24ce7f9421:f632d51f1295"",""sourceKey"":""TS_GP_BAM_M2_W.M000150"",""retrievedAt"":""2026-09-30T22:08:46.632Z"",""locator"":{""seriesKey"":""TS_GP_BAM_M2_W.M000150"",""observationDate"":""2026-07-31"",""row"":8,""column"":5,""columns"":{""seriesKey"":2,""date"":4,""value"":5,""unit"":6,""status"":7,""comments"":8}},""rawValue"":""36248543.72""}"
budgetary,2026-08,2026-08-28,34107954.05,Million PKR,not-stated,Normal,,,"{""artifactId"":""TS_GP_BAM_M2_W.M000150:f9f02a70e6dd0f325d8437af4c5ba3a3d3ba5218601829904dac0d24ce7f9421:f632d51f1295"",""sourceKey"":""TS_GP_BAM_M2_W.M000150"",""retrievedAt"":""2026-09-30T22:08:46.632Z"",""locator"":{""seriesKey"":""TS_GP_BAM_M2_W.M000150"",""observationDate"":""2026-08-28"",""row"":4,""column"":5,""columns"":{""seriesKey"":2,""date"":4,""value"":5,""unit"":6,""status"":7,""comments"":8}},""rawValue"":""34107954.05""}"
budgetary,2026-09,2026-09-18,33622912.22,Million PKR,not-stated,Normal,,,"{""artifactId"":""TS_GP_BAM_M2_W.M000150:f9f02a70e6dd0f325d8437af4c5ba3a3d3ba5218601829904dac0d24ce7f9421:f632d51f1295"",""sourceKey"":""TS_GP_BAM_M2_W.M000150"",""retrievedAt"":""2026-09-30T22:08:46.632Z"",""locator"":{""seriesKey"":""TS_GP_BAM_M2_W.M000150"",""observationDate"":""2026-09-18"",""row"":1,""column"":5,""columns"":{""seriesKey"":2,""date"":4,""value"":5,""unit"":6,""status"":7,""comments"":8}},""rawValue"":""33622912.22""}"
reserve_money,2021-10,2021-10-29,8505516.7,Million PKR,not-stated,Normal,P,,"{""artifactId"":""TS_GP_BAM_RM_W.R000050:d9f1456cbbe281d4f1490983f0c50f6458cb5563b23da5d17c8dcf06d7580dc2:6759770856ef"",""sourceKey"":""TS_GP_BAM_RM_W.R000050"",""retrievedAt"":""2026-09-30T22:08:47.104Z"",""locator"":{""seriesKey"":""TS_GP_BAM_RM_W.R000050"",""observationDate"":""2021-10-29"",""row"":256,""column"":5,""columns"":{""seriesKey"":2,""date"":4,""value"":5,""unit"":6,""status"":7,""comments"":8}},""rawValue"":""8505516.702""}"
reserve_money,2021-11,2021-11-26,8647246.21,Million PKR,not-stated,Normal,P,,"{""artifactId"":""TS_GP_BAM_RM_W.R000050:d9f1456cbbe281d4f1490983f0c50f6458cb5563b23da5d17c8dcf06d7580dc2:6759770856ef"",""sourceKey"":""TS_GP_BAM_RM_W.R000050"",""retrievedAt"":""2026-09-30T22:08:47.104Z"",""locator"":{""seriesKey"":""TS_GP_BAM_RM_W.R000050"",""observationDate"":""2021-11-26"",""row"":252,""column"":5,""columns"":{""seriesKey"":2,""date"":4,""value"":5,""unit"":6,""status"":7,""comments"":8}},""rawValue"":""8647246.214""}"
reserve_money,2021-12,2021-12-31,8660592.53,Million PKR,not-stated,Normal,P,,"{""artifactId"":""TS_GP_BAM_RM_W.R000050:d9f1456cbbe281d4f1490983f0c50f6458cb5563b23da5d17c8dcf06d7580dc2:6759770856ef"",""sourceKey"":""TS_GP_BAM_RM_W.R000050"",""retrievedAt"":""2026-09-30T22:08:47.104Z"",""locator"":{""seriesKey"":""TS_GP_BAM_RM_W.R000050"",""observationDate"":""2021-12-31"",""row"":247,""column"":5,""columns"":{""seriesKey"":2,""date"":4,""value"":5,""unit"":6,""status"":7,""comments"":8}},""rawValue"":""8660592.529""}"
reserve_money,2022-01,2022-01-28,8679438.49,Million PKR,not-stated,Normal,P,,"{""artifactId"":""TS_GP_BAM_RM_W.R000050:d9f1456cbbe281d4f1490983f0c50f6458cb5563b23da5d17c8dcf06d7580dc2:6759770856ef"",""sourceKey"":""TS_GP_BAM_RM_W.R000050"",""retrievedAt"":""2026-09-30T22:08:47.104Z"",""locator"":{""seriesKey"":""TS_GP_BAM_RM_W.R000050"",""observationDate"":""2022-01-28"",""row"":243,""column"":5,""columns"":{""seriesKey"":2,""date"":4,""value"":5,""unit"":6,""status"":7,""comments"":8}},""rawValue"":""8679438.495""}"
reserve_money,2022-02,2022-02-25,8743786.51,Million PKR,not-stated,Normal,P,,"{""artifactId"":""TS_GP_BAM_RM_W.R000050:d9f1456cbbe281d4f1490983f0c50f6458cb5563b23da5d17c8dcf06d7580dc2:6759770856ef"",""sourceKey"":""TS_GP_BAM_RM_W.R000050"",""retrievedAt"":""2026-09-30T22:08:47.104Z"",""locator"":{""seriesKey"":""TS_GP_BAM_RM_W.R000050"",""observationDate"":""2022-02-25"",""row"":239,""column"":5,""columns"":{""seriesKey"":2,""date"":4,""value"":5,""unit"":6,""status"":7,""comments"":8}},""rawValue"":""8743786.508""}"
reserve_money,2022-03,2022-03-25,8912788.57,Million PKR,not-stated,Normal,P,,"{""artifactId"":""TS_GP_BAM_RM_W.R000050:d9f1456cbbe281d4f1490983f0c50f6458cb5563b23da5d17c8dcf06d7580dc2:6759770856ef"",""sourceKey"":""TS_GP_BAM_RM_W.R000050"",""retrievedAt"":""2026-09-30T22:08:47.104Z"",""locator"":{""seriesKey"":""TS_GP_BAM_RM_W.R000050"",""observationDate"":""2022-03-25"",""row"":235,""column"":5,""columns"":{""seriesKey"":2,""date"":4,""value"":5,""unit"":6,""status"":7,""comments"":8}},""rawValue"":""8912788.566""}"
reserve_money,2022-04,2022-04-29,9783444.74,Million PKR,not-stated,Normal,P,,"{""artifactId"":""TS_GP_BAM_RM_W.R000050:d9f1456cbbe281d4f1490983f0c50f6458cb5563b23da5d17c8dcf06d7580dc2:6759770856ef"",""sourceKey"":""TS_GP_BAM_RM_W.R000050"",""retrievedAt"":""2026-09-30T22:08:47.104Z"",""locator"":{""seriesKey"":""TS_GP_BAM_RM_W.R000050"",""observationDate"":""2022-04-29"",""row"":230,""column"":5,""columns"":{""seriesKey"":2,""date"":4,""value"":5,""unit"":6,""status"":7,""comments"":8}},""rawValue"":""9783444.743""}"
reserve_money,2022-05,2022-05-27,9385531.43,Million PKR,not-stated,Normal,P,,"{""artifactId"":""TS_GP_BAM_RM_W.R000050:d9f1456cbbe281d4f1490983f0c50f6458cb5563b23da5d17c8dcf06d7580dc2:6759770856ef"",""sourceKey"":""TS_GP_BAM_RM_W.R000050"",""retrievedAt"":""2026-09-30T22:08:47.104Z"",""locator"":{""seriesKey"":""TS_GP_BAM_RM_W.R000050"",""observationDate"":""2022-05-27"",""row"":226,""column"":5,""columns"":{""seriesKey"":2,""date"":4,""value"":5,""unit"":6,""status"":7,""comments"":8}},""rawValue"":""9385531.434""}"
reserve_money,2022-06,2022-06-24,9727989.79,Million PKR,not-stated,Normal,P,,"{""artifactId"":""TS_GP_BAM_RM_W.R000050:d9f1456cbbe281d4f1490983f0c50f6458cb5563b23da5d17c8dcf06d7580dc2:6759770856ef"",""sourceKey"":""TS_GP_BAM_RM_W.R000050"",""retrievedAt"":""2026-09-30T22:08:47.104Z"",""locator"":{""seriesKey"":""TS_GP_BAM_RM_W.R000050"",""observationDate"":""2022-06-24"",""row"":222,""column"":5,""columns"":{""seriesKey"":2,""date"":4,""value"":5,""unit"":6,""status"":7,""comments"":8}},""rawValue"":""9727989.79""}"
reserve_money,2022-07,2022-07-29,9693376.11,Million PKR,not-stated,Normal,P,,"{""artifactId"":""TS_GP_BAM_RM_W.R000050:d9f1456cbbe281d4f1490983f0c50f6458cb5563b23da5d17c8dcf06d7580dc2:6759770856ef"",""sourceKey"":""TS_GP_BAM_RM_W.R000050"",""retrievedAt"":""2026-09-30T22:08:47.104Z"",""locator"":{""seriesKey"":""TS_GP_BAM_RM_W.R000050"",""observationDate"":""2022-07-29"",""row"":217,""column"":5,""columns"":{""seriesKey"":2,""date"":4,""value"":5,""unit"":6,""status"":7,""comments"":8}},""rawValue"":""9693376.107""}"
reserve_money,2022-08,2022-08-26,9520533.4,Million PKR,not-stated,Normal,P,,"{""artifactId"":""TS_GP_BAM_RM_W.R000050:d9f1456cbbe281d4f1490983f0c50f6458cb5563b23da5d17c8dcf06d7580dc2:6759770856ef"",""sourceKey"":""TS_GP_BAM_RM_W.R000050"",""retrievedAt"":""2026-09-30T22:08:47.104Z"",""locator"":{""seriesKey"":""TS_GP_BAM_RM_W.R000050"",""observationDate"":""2022-08-26"",""row"":213,""column"":5,""columns"":{""seriesKey"":2,""date"":4,""value"":5,""unit"":6,""status"":7,""comments"":8}},""rawValue"":""9520533.401""}"
reserve_money,2022-09,2022-09-30,9244675.29,Million PKR,not-stated,Normal,P,,"{""artifactId"":""TS_GP_BAM_RM_W.R000050:d9f1456cbbe281d4f1490983f0c50f6458cb5563b23da5d17c8dcf06d7580dc2:6759770856ef"",""sourceKey"":""TS_GP_BAM_RM_W.R000050"",""retrievedAt"":""2026-09-30T22:08:47.104Z"",""locator"":{""seriesKey"":""TS_GP_BAM_RM_W.R000050"",""observationDate"":""2022-09-30"",""row"":208,""column"":5,""columns"":{""seriesKey"":2,""date"":4,""value"":5,""unit"":6,""status"":7,""comments"":8}},""rawValue"":""9244675.285""}"
reserve_money,2022-10,2022-10-28,9371397.29,Million PKR,not-stated,Normal,P,,"{""artifactId"":""TS_GP_BAM_RM_W.R000050:d9f1456cbbe281d4f1490983f0c50f6458cb5563b23da5d17c8dcf06d7580dc2:6759770856ef"",""sourceKey"":""TS_GP_BAM_RM_W.R000050"",""retrievedAt"":""2026-09-30T22:08:47.104Z"",""locator"":{""seriesKey"":""TS_GP_BAM_RM_W.R000050"",""observationDate"":""2022-10-28"",""row"":204,""column"":5,""columns"":{""seriesKey"":2,""date"":4,""value"":5,""unit"":6,""status"":7,""comments"":8}},""rawValue"":""9371397.287""}"
reserve_money,2022-11,2022-11-25,9457861.56,Million PKR,not-stated,Normal,P,,"{""artifactId"":""TS_GP_BAM_RM_W.R000050:d9f1456cbbe281d4f1490983f0c50f6458cb5563b23da5d17c8dcf06d7580dc2:6759770856ef"",""sourceKey"":""TS_GP_BAM_RM_W.R000050"",""retrievedAt"":""2026-09-30T22:08:47.104Z"",""locator"":{""seriesKey"":""TS_GP_BAM_RM_W.R000050"",""observationDate"":""2022-11-25"",""row"":200,""column"":5,""columns"":{""seriesKey"":2,""date"":4,""value"":5,""unit"":6,""status"":7,""comments"":8}},""rawValue"":""9457861.562""}"
reserve_money,2022-12,2022-12-30,9233743.34,Million PKR,not-stated,Normal,P,,"{""artifactId"":""TS_GP_BAM_RM_W.R000050:d9f1456cbbe281d4f1490983f0c50f6458cb5563b23da5d17c8dcf06d7580dc2:6759770856ef"",""sourceKey"":""TS_GP_BAM_RM_W.R000050"",""retrievedAt"":""2026-09-30T22:08:47.104Z"",""locator"":{""seriesKey"":""TS_GP_BAM_RM_W.R000050"",""observationDate"":""2022-12-30"",""row"":195,""column"":5,""columns"":{""seriesKey"":2,""date"":4,""value"":5,""unit"":6,""status"":7,""comments"":8}},""rawValue"":""9233743.343""}"
reserve_money,2023-01,2023-01-27,9560128.66,Million PKR,not-stated,Normal,P,,"{""artifactId"":""TS_GP_BAM_RM_W.R000050:d9f1456cbbe281d4f1490983f0c50f6458cb5563b23da5d17c8dcf06d7580dc2:6759770856ef"",""sourceKey"":""TS_GP_BAM_RM_W.R000050"",""retrievedAt"":""2026-09-30T22:08:47.104Z"",""locator"":{""seriesKey"":""TS_GP_BAM_RM_W.R000050"",""observationDate"":""2023-01-27"",""row"":191,""column"":5,""columns"":{""seriesKey"":2,""date"":4,""value"":5,""unit"":6,""status"":7,""comments"":8}},""rawValue"":""9560128.665""}"
reserve_money,2023-02,2023-02-24,9812859.57,Million PKR,not-stated,Normal,P,,"{""artifactId"":""TS_GP_BAM_RM_W.R000050:d9f1456cbbe281d4f1490983f0c50f6458cb5563b23da5d17c8dcf06d7580dc2:6759770856ef"",""sourceKey"":""TS_GP_BAM_RM_W.R000050"",""retrievedAt"":""2026-09-30T22:08:47.104Z"",""locator"":{""seriesKey"":""TS_GP_BAM_RM_W.R000050"",""observationDate"":""2023-02-24"",""row"":187,""column"":5,""columns"":{""seriesKey"":2,""date"":4,""value"":5,""unit"":6,""status"":7,""comments"":8}},""rawValue"":""9812859.575""}"
reserve_money,2023-03,2023-03-31,10097321.06,Million PKR,not-stated,Normal,P,,"{""artifactId"":""TS_GP_BAM_RM_W.R000050:d9f1456cbbe281d4f1490983f0c50f6458cb5563b23da5d17c8dcf06d7580dc2:6759770856ef"",""sourceKey"":""TS_GP_BAM_RM_W.R000050"",""retrievedAt"":""2026-09-30T22:08:47.104Z"",""locator"":{""seriesKey"":""TS_GP_BAM_RM_W.R000050"",""observationDate"":""2023-03-31"",""row"":182,""column"":5,""columns"":{""seriesKey"":2,""date"":4,""value"":5,""unit"":6,""status"":7,""comments"":8}},""rawValue"":""10097321.06""}"
reserve_money,2023-04,2023-04-28,11323779.95,Million PKR,not-stated,Normal,P,,"{""artifactId"":""TS_GP_BAM_RM_W.R000050:d9f1456cbbe281d4f1490983f0c50f6458cb5563b23da5d17c8dcf06d7580dc2:6759770856ef"",""sourceKey"":""TS_GP_BAM_RM_W.R000050"",""retrievedAt"":""2026-09-30T22:08:47.104Z"",""locator"":{""seriesKey"":""TS_GP_BAM_RM_W.R000050"",""observationDate"":""2023-04-28"",""row"":178,""column"":5,""columns"":{""seriesKey"":2,""date"":4,""value"":5,""unit"":6,""status"":7,""comments"":8}},""rawValue"":""11323779.95""}"
reserve_money,2023-05,2023-05-26,10787830.57,Million PKR,not-stated,Normal,P,,"{""artifactId"":""TS_GP_BAM_RM_W.R000050:d9f1456cbbe281d4f1490983f0c50f6458cb5563b23da5d17c8dcf06d7580dc2:6759770856ef"",""sourceKey"":""TS_GP_BAM_RM_W.R000050"",""retrievedAt"":""2026-09-30T22:08:47.104Z"",""locator"":{""seriesKey"":""TS_GP_BAM_RM_W.R000050"",""observationDate"":""2023-05-26"",""row"":174,""column"":5,""columns"":{""seriesKey"":2,""date"":4,""value"":5,""unit"":6,""status"":7,""comments"":8}},""rawValue"":""10787830.57""}"
reserve_money,2023-06,2023-06-30,11357156.23,Million PKR,not-stated,Normal,P,,"{""artifactId"":""TS_GP_BAM_RM_W.R000050:d9f1456cbbe281d4f1490983f0c50f6458cb5563b23da5d17c8dcf06d7580dc2:6759770856ef"",""sourceKey"":""TS_GP_BAM_RM_W.R000050"",""retrievedAt"":""2026-09-30T22:08:47.104Z"",""locator"":{""seriesKey"":""TS_GP_BAM_RM_W.R000050"",""observationDate"":""2023-06-30"",""row"":169,""column"":5,""columns"":{""seriesKey"":2,""date"":4,""value"":5,""unit"":6,""status"":7,""comments"":8}},""rawValue"":""11357156.23""}"
reserve_money,2023-07,2023-07-28,10889561.48,Million PKR,not-stated,Normal,P,,"{""artifactId"":""TS_GP_BAM_RM_W.R000050:d9f1456cbbe281d4f1490983f0c50f6458cb5563b23da5d17c8dcf06d7580dc2:6759770856ef"",""sourceKey"":""TS_GP_BAM_RM_W.R000050"",""retrievedAt"":""2026-09-30T22:08:47.104Z"",""locator"":{""seriesKey"":""TS_GP_BAM_RM_W.R000050"",""observationDate"":""2023-07-28"",""row"":165,""column"":5,""columns"":{""seriesKey"":2,""date"":4,""value"":5,""unit"":6,""status"":7,""comments"":8}},""rawValue"":""10889561.48""}"
reserve_money,2023-08,2023-08-25,10542809.02,Million PKR,not-stated,Normal,P,,"{""artifactId"":""TS_GP_BAM_RM_W.R000050:d9f1456cbbe281d4f1490983f0c50f6458cb5563b23da5d17c8dcf06d7580dc2:6759770856ef"",""sourceKey"":""TS_GP_BAM_RM_W.R000050"",""retrievedAt"":""2026-09-30T22:08:47.104Z"",""locator"":{""seriesKey"":""TS_GP_BAM_RM_W.R000050"",""observationDate"":""2023-08-25"",""row"":161,""column"":5,""columns"":{""seriesKey"":2,""date"":4,""value"":5,""unit"":6,""status"":7,""comments"":8}},""rawValue"":""10542809.02""}"
reserve_money,2023-09,2023-09-29,10472606.24,Million PKR,not-stated,Normal,P,,"{""artifactId"":""TS_GP_BAM_RM_W.R000050:d9f1456cbbe281d4f1490983f0c50f6458cb5563b23da5d17c8dcf06d7580dc2:6759770856ef"",""sourceKey"":""TS_GP_BAM_RM_W.R000050"",""retrievedAt"":""2026-09-30T22:08:47.104Z"",""locator"":{""seriesKey"":""TS_GP_BAM_RM_W.R000050"",""observationDate"":""2023-09-29"",""row"":156,""column"":5,""columns"":{""seriesKey"":2,""date"":4,""value"":5,""unit"":6,""status"":7,""comments"":8}},""rawValue"":""10472606.24""}"
reserve_money,2023-10,2023-10-27,10743221.14,Million PKR,not-stated,Normal,P,,"{""artifactId"":""TS_GP_BAM_RM_W.R000050:d9f1456cbbe281d4f1490983f0c50f6458cb5563b23da5d17c8dcf06d7580dc2:6759770856ef"",""sourceKey"":""TS_GP_BAM_RM_W.R000050"",""retrievedAt"":""2026-09-30T22:08:47.104Z"",""locator"":{""seriesKey"":""TS_GP_BAM_RM_W.R000050"",""observationDate"":""2023-10-27"",""row"":152,""column"":5,""columns"":{""seriesKey"":2,""date"":4,""value"":5,""unit"":6,""status"":7,""comments"":8}},""rawValue"":""10743221.14""}"
reserve_money,2023-11,2023-11-24,10634693.51,Million PKR,not-stated,Normal,P,,"{""artifactId"":""TS_GP_BAM_RM_W.R000050:d9f1456cbbe281d4f1490983f0c50f6458cb5563b23da5d17c8dcf06d7580dc2:6759770856ef"",""sourceKey"":""TS_GP_BAM_RM_W.R000050"",""retrievedAt"":""2026-09-30T22:08:47.104Z"",""locator"":{""seriesKey"":""TS_GP_BAM_RM_W.R000050"",""observationDate"":""2023-11-24"",""row"":148,""column"":5,""columns"":{""seriesKey"":2,""date"":4,""value"":5,""unit"":6,""status"":7,""comments"":8}},""rawValue"":""10634693.51""}"
reserve_money,2023-12,2023-12-29,10691250.67,Million PKR,not-stated,Normal,P,,"{""artifactId"":""TS_GP_BAM_RM_W.R000050:d9f1456cbbe281d4f1490983f0c50f6458cb5563b23da5d17c8dcf06d7580dc2:6759770856ef"",""sourceKey"":""TS_GP_BAM_RM_W.R000050"",""retrievedAt"":""2026-09-30T22:08:47.104Z"",""locator"":{""seriesKey"":""TS_GP_BAM_RM_W.R000050"",""observationDate"":""2023-12-29"",""row"":143,""column"":5,""columns"":{""seriesKey"":2,""date"":4,""value"":5,""unit"":6,""status"":7,""comments"":8}},""rawValue"":""10691250.67""}"
reserve_money,2024-01,2024-01-26,10765094.96,Million PKR,not-stated,Normal,P,,"{""artifactId"":""TS_GP_BAM_RM_W.R000050:d9f1456cbbe281d4f1490983f0c50f6458cb5563b23da5d17c8dcf06d7580dc2:6759770856ef"",""sourceKey"":""TS_GP_BAM_RM_W.R000050"",""retrievedAt"":""2026-09-30T22:08:47.104Z"",""locator"":{""seriesKey"":""TS_GP_BAM_RM_W.R000050"",""observationDate"":""2024-01-26"",""row"":139,""column"":5,""columns"":{""seriesKey"":2,""date"":4,""value"":5,""unit"":6,""status"":7,""comments"":8}},""rawValue"":""10765094.96""}"
reserve_money,2024-02,2024-02-23,10912995.14,Million PKR,not-stated,Normal,P,,"{""artifactId"":""TS_GP_BAM_RM_W.R000050:d9f1456cbbe281d4f1490983f0c50f6458cb5563b23da5d17c8dcf06d7580dc2:6759770856ef"",""sourceKey"":""TS_GP_BAM_RM_W.R000050"",""retrievedAt"":""2026-09-30T22:08:47.104Z"",""locator"":{""seriesKey"":""TS_GP_BAM_RM_W.R000050"",""observationDate"":""2024-02-23"",""row"":135,""column"":5,""columns"":{""seriesKey"":2,""date"":4,""value"":5,""unit"":6,""status"":7,""comments"":8}},""rawValue"":""10912995.14""}"
reserve_money,2024-03,2024-03-29,11096449.07,Million PKR,not-stated,Normal,P,,"{""artifactId"":""TS_GP_BAM_RM_W.R000050:d9f1456cbbe281d4f1490983f0c50f6458cb5563b23da5d17c8dcf06d7580dc2:6759770856ef"",""sourceKey"":""TS_GP_BAM_RM_W.R000050"",""retrievedAt"":""2026-09-30T22:08:47.104Z"",""locator"":{""seriesKey"":""TS_GP_BAM_RM_W.R000050"",""observationDate"":""2024-03-29"",""row"":130,""column"":5,""columns"":{""seriesKey"":2,""date"":4,""value"":5,""unit"":6,""status"":7,""comments"":8}},""rawValue"":""11096449.07""}"
reserve_money,2024-04,2024-04-26,11046814.64,Million PKR,not-stated,Normal,P,,"{""artifactId"":""TS_GP_BAM_RM_W.R000050:d9f1456cbbe281d4f1490983f0c50f6458cb5563b23da5d17c8dcf06d7580dc2:6759770856ef"",""sourceKey"":""TS_GP_BAM_RM_W.R000050"",""retrievedAt"":""2026-09-30T22:08:47.104Z"",""locator"":{""seriesKey"":""TS_GP_BAM_RM_W.R000050"",""observationDate"":""2024-04-26"",""row"":126,""column"":5,""columns"":{""seriesKey"":2,""date"":4,""value"":5,""unit"":6,""status"":7,""comments"":8}},""rawValue"":""11046814.64""}"
reserve_money,2024-05,2024-05-31,11264948.32,Million PKR,not-stated,Normal,P,,"{""artifactId"":""TS_GP_BAM_RM_W.R000050:d9f1456cbbe281d4f1490983f0c50f6458cb5563b23da5d17c8dcf06d7580dc2:6759770856ef"",""sourceKey"":""TS_GP_BAM_RM_W.R000050"",""retrievedAt"":""2026-09-30T22:08:47.104Z"",""locator"":{""seriesKey"":""TS_GP_BAM_RM_W.R000050"",""observationDate"":""2024-05-31"",""row"":121,""column"":5,""columns"":{""seriesKey"":2,""date"":4,""value"":5,""unit"":6,""status"":7,""comments"":8}},""rawValue"":""11264948.32""}"
reserve_money,2024-06,2024-06-28,11923673.32,Million PKR,not-stated,Normal,P,,"{""artifactId"":""TS_GP_BAM_RM_W.R000050:d9f1456cbbe281d4f1490983f0c50f6458cb5563b23da5d17c8dcf06d7580dc2:6759770856ef"",""sourceKey"":""TS_GP_BAM_RM_W.R000050"",""retrievedAt"":""2026-09-30T22:08:47.104Z"",""locator"":{""seriesKey"":""TS_GP_BAM_RM_W.R000050"",""observationDate"":""2024-06-28"",""row"":117,""column"":5,""columns"":{""seriesKey"":2,""date"":4,""value"":5,""unit"":6,""status"":7,""comments"":8}},""rawValue"":""11923673.32""}"
reserve_money,2024-07,2024-07-26,11435317.93,Million PKR,not-stated,Normal,P,,"{""artifactId"":""TS_GP_BAM_RM_W.R000050:d9f1456cbbe281d4f1490983f0c50f6458cb5563b23da5d17c8dcf06d7580dc2:6759770856ef"",""sourceKey"":""TS_GP_BAM_RM_W.R000050"",""retrievedAt"":""2026-09-30T22:08:47.104Z"",""locator"":{""seriesKey"":""TS_GP_BAM_RM_W.R000050"",""observationDate"":""2024-07-26"",""row"":113,""column"":5,""columns"":{""seriesKey"":2,""date"":4,""value"":5,""unit"":6,""status"":7,""comments"":8}},""rawValue"":""11435317.93""}"
reserve_money,2024-08,2024-08-30,11346765.48,Million PKR,not-stated,Normal,P,,"{""artifactId"":""TS_GP_BAM_RM_W.R000050:d9f1456cbbe281d4f1490983f0c50f6458cb5563b23da5d17c8dcf06d7580dc2:6759770856ef"",""sourceKey"":""TS_GP_BAM_RM_W.R000050"",""retrievedAt"":""2026-09-30T22:08:47.104Z"",""locator"":{""seriesKey"":""TS_GP_BAM_RM_W.R000050"",""observationDate"":""2024-08-30"",""row"":108,""column"":5,""columns"":{""seriesKey"":2,""date"":4,""value"":5,""unit"":6,""status"":7,""comments"":8}},""rawValue"":""11346765.48""}"
reserve_money,2024-09,2024-09-27,11228716.53,Million PKR,not-stated,Normal,P,,"{""artifactId"":""TS_GP_BAM_RM_W.R000050:d9f1456cbbe281d4f1490983f0c50f6458cb5563b23da5d17c8dcf06d7580dc2:6759770856ef"",""sourceKey"":""TS_GP_BAM_RM_W.R000050"",""retrievedAt"":""2026-09-30T22:08:47.104Z"",""locator"":{""seriesKey"":""TS_GP_BAM_RM_W.R000050"",""observationDate"":""2024-09-27"",""row"":104,""column"":5,""columns"":{""seriesKey"":2,""date"":4,""value"":5,""unit"":6,""status"":7,""comments"":8}},""rawValue"":""11228716.53""}"
reserve_money,2024-10,2024-10-25,11406729.29,Million PKR,not-stated,Normal,P,,"{""artifactId"":""TS_GP_BAM_RM_W.R000050:d9f1456cbbe281d4f1490983f0c50f6458cb5563b23da5d17c8dcf06d7580dc2:6759770856ef"",""sourceKey"":""TS_GP_BAM_RM_W.R000050"",""retrievedAt"":""2026-09-30T22:08:47.104Z"",""locator"":{""seriesKey"":""TS_GP_BAM_RM_W.R000050"",""observationDate"":""2024-10-25"",""row"":100,""column"":5,""columns"":{""seriesKey"":2,""date"":4,""value"":5,""unit"":6,""status"":7,""comments"":8}},""rawValue"":""11406729.29""}"
reserve_money,2024-11,2024-11-29,11548356.75,Million PKR,not-stated,Normal,P,,"{""artifactId"":""TS_GP_BAM_RM_W.R000050:d9f1456cbbe281d4f1490983f0c50f6458cb5563b23da5d17c8dcf06d7580dc2:6759770856ef"",""sourceKey"":""TS_GP_BAM_RM_W.R000050"",""retrievedAt"":""2026-09-30T22:08:47.104Z"",""locator"":{""seriesKey"":""TS_GP_BAM_RM_W.R000050"",""observationDate"":""2024-11-29"",""row"":95,""column"":5,""columns"":{""seriesKey"":2,""date"":4,""value"":5,""unit"":6,""status"":7,""comments"":8}},""rawValue"":""11548356.75""}"
reserve_money,2024-12,2024-12-27,11788192.13,Million PKR,not-stated,Normal,P,,"{""artifactId"":""TS_GP_BAM_RM_W.R000050:d9f1456cbbe281d4f1490983f0c50f6458cb5563b23da5d17c8dcf06d7580dc2:6759770856ef"",""sourceKey"":""TS_GP_BAM_RM_W.R000050"",""retrievedAt"":""2026-09-30T22:08:47.104Z"",""locator"":{""seriesKey"":""TS_GP_BAM_RM_W.R000050"",""observationDate"":""2024-12-27"",""row"":91,""column"":5,""columns"":{""seriesKey"":2,""date"":4,""value"":5,""unit"":6,""status"":7,""comments"":8}},""rawValue"":""11788192.13""}"
reserve_money,2025-01,2025-01-31,11753217.86,Million PKR,not-stated,Normal,P,,"{""artifactId"":""TS_GP_BAM_RM_W.R000050:d9f1456cbbe281d4f1490983f0c50f6458cb5563b23da5d17c8dcf06d7580dc2:6759770856ef"",""sourceKey"":""TS_GP_BAM_RM_W.R000050"",""retrievedAt"":""2026-09-30T22:08:47.104Z"",""locator"":{""seriesKey"":""TS_GP_BAM_RM_W.R000050"",""observationDate"":""2025-01-31"",""row"":86,""column"":5,""columns"":{""seriesKey"":2,""date"":4,""value"":5,""unit"":6,""status"":7,""comments"":8}},""rawValue"":""11753217.86""}"
reserve_money,2025-02,2025-02-28,12041927.06,Million PKR,not-stated,Normal,P,,"{""artifactId"":""TS_GP_BAM_RM_W.R000050:d9f1456cbbe281d4f1490983f0c50f6458cb5563b23da5d17c8dcf06d7580dc2:6759770856ef"",""sourceKey"":""TS_GP_BAM_RM_W.R000050"",""retrievedAt"":""2026-09-30T22:08:47.104Z"",""locator"":{""seriesKey"":""TS_GP_BAM_RM_W.R000050"",""observationDate"":""2025-02-28"",""row"":82,""column"":5,""columns"":{""seriesKey"":2,""date"":4,""value"":5,""unit"":6,""status"":7,""comments"":8}},""rawValue"":""12041927.06""}"
reserve_money,2025-03,2025-03-28,12751656.43,Million PKR,not-stated,Normal,P,,"{""artifactId"":""TS_GP_BAM_RM_W.R000050:d9f1456cbbe281d4f1490983f0c50f6458cb5563b23da5d17c8dcf06d7580dc2:6759770856ef"",""sourceKey"":""TS_GP_BAM_RM_W.R000050"",""retrievedAt"":""2026-09-30T22:08:47.104Z"",""locator"":{""seriesKey"":""TS_GP_BAM_RM_W.R000050"",""observationDate"":""2025-03-28"",""row"":78,""column"":5,""columns"":{""seriesKey"":2,""date"":4,""value"":5,""unit"":6,""status"":7,""comments"":8}},""rawValue"":""12751656.43""}"
reserve_money,2025-04,2025-04-25,12707686.94,Million PKR,not-stated,Normal,P,,"{""artifactId"":""TS_GP_BAM_RM_W.R000050:d9f1456cbbe281d4f1490983f0c50f6458cb5563b23da5d17c8dcf06d7580dc2:6759770856ef"",""sourceKey"":""TS_GP_BAM_RM_W.R000050"",""retrievedAt"":""2026-09-30T22:08:47.104Z"",""locator"":{""seriesKey"":""TS_GP_BAM_RM_W.R000050"",""observationDate"":""2025-04-25"",""row"":74,""column"":5,""columns"":{""seriesKey"":2,""date"":4,""value"":5,""unit"":6,""status"":7,""comments"":8}},""rawValue"":""12707686.94""}"
reserve_money,2025-05,2025-05-30,12885489.61,Million PKR,not-stated,Normal,P,,"{""artifactId"":""TS_GP_BAM_RM_W.R000050:d9f1456cbbe281d4f1490983f0c50f6458cb5563b23da5d17c8dcf06d7580dc2:6759770856ef"",""sourceKey"":""TS_GP_BAM_RM_W.R000050"",""retrievedAt"":""2026-09-30T22:08:47.104Z"",""locator"":{""seriesKey"":""TS_GP_BAM_RM_W.R000050"",""observationDate"":""2025-05-30"",""row"":69,""column"":5,""columns"":{""seriesKey"":2,""date"":4,""value"":5,""unit"":6,""status"":7,""comments"":8}},""rawValue"":""12885489.61""}"
reserve_money,2025-06,2025-06-27,13222284.65,Million PKR,not-stated,Normal,P,,"{""artifactId"":""TS_GP_BAM_RM_W.R000050:d9f1456cbbe281d4f1490983f0c50f6458cb5563b23da5d17c8dcf06d7580dc2:6759770856ef"",""sourceKey"":""TS_GP_BAM_RM_W.R000050"",""retrievedAt"":""2026-09-30T22:08:47.104Z"",""locator"":{""seriesKey"":""TS_GP_BAM_RM_W.R000050"",""observationDate"":""2025-06-27"",""row"":65,""column"":5,""columns"":{""seriesKey"":2,""date"":4,""value"":5,""unit"":6,""status"":7,""comments"":8}},""rawValue"":""13222284.65""}"
reserve_money,2025-07,2025-07-25,13432860.91,Million PKR,not-stated,Normal,P,,"{""artifactId"":""TS_GP_BAM_RM_W.R000050:d9f1456cbbe281d4f1490983f0c50f6458cb5563b23da5d17c8dcf06d7580dc2:6759770856ef"",""sourceKey"":""TS_GP_BAM_RM_W.R000050"",""retrievedAt"":""2026-09-30T22:08:47.104Z"",""locator"":{""seriesKey"":""TS_GP_BAM_RM_W.R000050"",""observationDate"":""2025-07-25"",""row"":61,""column"":5,""columns"":{""seriesKey"":2,""date"":4,""value"":5,""unit"":6,""status"":7,""comments"":8}},""rawValue"":""13432860.91""}"
reserve_money,2025-08,2025-08-29,13334204.26,Million PKR,not-stated,Normal,P,,"{""artifactId"":""TS_GP_BAM_RM_W.R000050:d9f1456cbbe281d4f1490983f0c50f6458cb5563b23da5d17c8dcf06d7580dc2:6759770856ef"",""sourceKey"":""TS_GP_BAM_RM_W.R000050"",""retrievedAt"":""2026-09-30T22:08:47.104Z"",""locator"":{""seriesKey"":""TS_GP_BAM_RM_W.R000050"",""observationDate"":""2025-08-29"",""row"":56,""column"":5,""columns"":{""seriesKey"":2,""date"":4,""value"":5,""unit"":6,""status"":7,""comments"":8}},""rawValue"":""13334204.26""}"
reserve_money,2025-09,2025-09-26,13047432.51,Million PKR,not-stated,Normal,P,,"{""artifactId"":""TS_GP_BAM_RM_W.R000050:d9f1456cbbe281d4f1490983f0c50f6458cb5563b23da5d17c8dcf06d7580dc2:6759770856ef"",""sourceKey"":""TS_GP_BAM_RM_W.R000050"",""retrievedAt"":""2026-09-30T22:08:47.104Z"",""locator"":{""seriesKey"":""TS_GP_BAM_RM_W.R000050"",""observationDate"":""2025-09-26"",""row"":52,""column"":5,""columns"":{""seriesKey"":2,""date"":4,""value"":5,""unit"":6,""status"":7,""comments"":8}},""rawValue"":""13047432.51""}"
reserve_money,2025-10,2025-10-31,13282259.92,Million PKR,not-stated,Normal,P,,"{""artifactId"":""TS_GP_BAM_RM_W.R000050:d9f1456cbbe281d4f1490983f0c50f6458cb5563b23da5d17c8dcf06d7580dc2:6759770856ef"",""sourceKey"":""TS_GP_BAM_RM_W.R000050"",""retrievedAt"":""2026-09-30T22:08:47.104Z"",""locator"":{""seriesKey"":""TS_GP_BAM_RM_W.R000050"",""observationDate"":""2025-10-31"",""row"":47,""column"":5,""columns"":{""seriesKey"":2,""date"":4,""value"":5,""unit"":6,""status"":7,""comments"":8}},""rawValue"":""13282259.92""}"
reserve_money,2025-11,2025-11-28,13513976.77,Million PKR,not-stated,Normal,P,,"{""artifactId"":""TS_GP_BAM_RM_W.R000050:d9f1456cbbe281d4f1490983f0c50f6458cb5563b23da5d17c8dcf06d7580dc2:6759770856ef"",""sourceKey"":""TS_GP_BAM_RM_W.R000050"",""retrievedAt"":""2026-09-30T22:08:47.104Z"",""locator"":{""seriesKey"":""TS_GP_BAM_RM_W.R000050"",""observationDate"":""2025-11-28"",""row"":43,""column"":5,""columns"":{""seriesKey"":2,""date"":4,""value"":5,""unit"":6,""status"":7,""comments"":8}},""rawValue"":""13513976.77""}"
reserve_money,2025-12,2025-12-26,13630548.48,Million PKR,not-stated,Normal,P,,"{""artifactId"":""TS_GP_BAM_RM_W.R000050:d9f1456cbbe281d4f1490983f0c50f6458cb5563b23da5d17c8dcf06d7580dc2:6759770856ef"",""sourceKey"":""TS_GP_BAM_RM_W.R000050"",""retrievedAt"":""2026-09-30T22:08:47.104Z"",""locator"":{""seriesKey"":""TS_GP_BAM_RM_W.R000050"",""observationDate"":""2025-12-26"",""row"":39,""column"":5,""columns"":{""seriesKey"":2,""date"":4,""value"":5,""unit"":6,""status"":7,""comments"":8}},""rawValue"":""13630548.48""}"
reserve_money,2026-01,2026-01-30,13435680.64,Million PKR,not-stated,Normal,P,,"{""artifactId"":""TS_GP_BAM_RM_W.R000050:d9f1456cbbe281d4f1490983f0c50f6458cb5563b23da5d17c8dcf06d7580dc2:6759770856ef"",""sourceKey"":""TS_GP_BAM_RM_W.R000050"",""retrievedAt"":""2026-09-30T22:08:47.104Z"",""locator"":{""seriesKey"":""TS_GP_BAM_RM_W.R000050"",""observationDate"":""2026-01-30"",""row"":34,""column"":5,""columns"":{""seriesKey"":2,""date"":4,""value"":5,""unit"":6,""status"":7,""comments"":8}},""rawValue"":""13435680.64""}"
reserve_money,2026-02,2026-02-27,13980284.86,Million PKR,not-stated,Normal,P,,"{""artifactId"":""TS_GP_BAM_RM_W.R000050:d9f1456cbbe281d4f1490983f0c50f6458cb5563b23da5d17c8dcf06d7580dc2:6759770856ef"",""sourceKey"":""TS_GP_BAM_RM_W.R000050"",""retrievedAt"":""2026-09-30T22:08:47.104Z"",""locator"":{""seriesKey"":""TS_GP_BAM_RM_W.R000050"",""observationDate"":""2026-02-27"",""row"":30,""column"":5,""columns"":{""seriesKey"":2,""date"":4,""value"":5,""unit"":6,""status"":7,""comments"":8}},""rawValue"":""13980284.86""}"
reserve_money,2026-03,2026-03-27,14613710,Million PKR,not-stated,Normal,P,,"{""artifactId"":""TS_GP_BAM_RM_W.R000050:d9f1456cbbe281d4f1490983f0c50f6458cb5563b23da5d17c8dcf06d7580dc2:6759770856ef"",""sourceKey"":""TS_GP_BAM_RM_W.R000050"",""retrievedAt"":""2026-09-30T22:08:47.104Z"",""locator"":{""seriesKey"":""TS_GP_BAM_RM_W.R000050"",""observationDate"":""2026-03-27"",""row"":26,""column"":5,""columns"":{""seriesKey"":2,""date"":4,""value"":5,""unit"":6,""status"":7,""comments"":8}},""rawValue"":""14613710""}"
reserve_money,2026-04,2026-04-24,14366024.05,Million PKR,not-stated,Normal,P,,"{""artifactId"":""TS_GP_BAM_RM_W.R000050:d9f1456cbbe281d4f1490983f0c50f6458cb5563b23da5d17c8dcf06d7580dc2:6759770856ef"",""sourceKey"":""TS_GP_BAM_RM_W.R000050"",""retrievedAt"":""2026-09-30T22:08:47.104Z"",""locator"":{""seriesKey"":""TS_GP_BAM_RM_W.R000050"",""observationDate"":""2026-04-24"",""row"":22,""column"":5,""columns"":{""seriesKey"":2,""date"":4,""value"":5,""unit"":6,""status"":7,""comments"":8}},""rawValue"":""14366024.05""}"
reserve_money,2026-05,2026-05-29,15071398.62,Million PKR,not-stated,Normal,P,,"{""artifactId"":""TS_GP_BAM_RM_W.R000050:d9f1456cbbe281d4f1490983f0c50f6458cb5563b23da5d17c8dcf06d7580dc2:6759770856ef"",""sourceKey"":""TS_GP_BAM_RM_W.R000050"",""retrievedAt"":""2026-09-30T22:08:47.104Z"",""locator"":{""seriesKey"":""TS_GP_BAM_RM_W.R000050"",""observationDate"":""2026-05-29"",""row"":17,""column"":5,""columns"":{""seriesKey"":2,""date"":4,""value"":5,""unit"":6,""status"":7,""comments"":8}},""rawValue"":""15071398.62""}"
reserve_money,2026-06,2026-06-26,14825837.28,Million PKR,not-stated,Normal,P,,"{""artifactId"":""TS_GP_BAM_RM_W.R000050:d9f1456cbbe281d4f1490983f0c50f6458cb5563b23da5d17c8dcf06d7580dc2:6759770856ef"",""sourceKey"":""TS_GP_BAM_RM_W.R000050"",""retrievedAt"":""2026-09-30T22:08:47.104Z"",""locator"":{""seriesKey"":""TS_GP_BAM_RM_W.R000050"",""observationDate"":""2026-06-26"",""row"":13,""column"":5,""columns"":{""seriesKey"":2,""date"":4,""value"":5,""unit"":6,""status"":7,""comments"":8}},""rawValue"":""14825837.28""}"
reserve_money,2026-07,2026-07-31,14498521.22,Million PKR,not-stated,Normal,P,,"{""artifactId"":""TS_GP_BAM_RM_W.R000050:d9f1456cbbe281d4f1490983f0c50f6458cb5563b23da5d17c8dcf06d7580dc2:6759770856ef"",""sourceKey"":""TS_GP_BAM_RM_W.R000050"",""retrievedAt"":""2026-09-30T22:08:47.104Z"",""locator"":{""seriesKey"":""TS_GP_BAM_RM_W.R000050"",""observationDate"":""2026-07-31"",""row"":8,""column"":5,""columns"":{""seriesKey"":2,""date"":4,""value"":5,""unit"":6,""status"":7,""comments"":8}},""rawValue"":""14498521.22""}"
reserve_money,2026-08,2026-08-28,14357146.24,Million PKR,not-stated,Normal,P,,"{""artifactId"":""TS_GP_BAM_RM_W.R000050:d9f1456cbbe281d4f1490983f0c50f6458cb5563b23da5d17c8dcf06d7580dc2:6759770856ef"",""sourceKey"":""TS_GP_BAM_RM_W.R000050"",""retrievedAt"":""2026-09-30T22:08:47.104Z"",""locator"":{""seriesKey"":""TS_GP_BAM_RM_W.R000050"",""observationDate"":""2026-08-28"",""row"":4,""column"":5,""columns"":{""seriesKey"":2,""date"":4,""value"":5,""unit"":6,""status"":7,""comments"":8}},""rawValue"":""14357146.24""}"
reserve_money,2026-09,2026-09-18,14304896.8,Million PKR,not-stated,Normal,P,,"{""artifactId"":""TS_GP_BAM_RM_W.R000050:d9f1456cbbe281d4f1490983f0c50f6458cb5563b23da5d17c8dcf06d7580dc2:6759770856ef"",""sourceKey"":""TS_GP_BAM_RM_W.R000050"",""retrievedAt"":""2026-09-30T22:08:47.104Z"",""locator"":{""seriesKey"":""TS_GP_BAM_RM_W.R000050"",""observationDate"":""2026-09-18"",""row"":1,""column"":5,""columns"":{""seriesKey"":2,""date"":4,""value"":5,""unit"":6,""status"":7,""comments"":8}},""rawValue"":""14304896.8""}"
