date,total,saudiArabia,uae,uk,usa,otherGcc,eu,evidence,observations
2021-09,2779.892769,719.5372702,525.2717205,380.2640198,250.1163735,317.0940818,302.4637337,"{""total"":{""artifactId"":""TS_GP_BOP_WR_M.WR0010:beff53d74ac04b0f76a7669282f3036df37342e97a32ac615a4f716961de04b1:2c11aac59663"",""sourceKey"":""TS_GP_BOP_WR_M.WR0010"",""retrievedAt"":""2026-09-30T22:08:37.395Z"",""locator"":{""seriesKey"":""TS_GP_BOP_WR_M.WR0010"",""observationDate"":""2021-09-30"",""row"":60,""column"":5,""columns"":{""seriesKey"":2,""date"":4,""value"":5,""unit"":6,""status"":7,""comments"":8}},""rawValue"":""2779.892769""},""usa"":{""artifactId"":""TS_GP_BOP_WR_M.WR0020:a18d140751c825853ed0590e3475b36d8eba5c5d12ffe197a243645ced0f41ee:52d183468b82"",""sourceKey"":""TS_GP_BOP_WR_M.WR0020"",""retrievedAt"":""2026-09-30T22:08:37.284Z"",""locator"":{""seriesKey"":""TS_GP_BOP_WR_M.WR0020"",""observationDate"":""2021-09-30"",""row"":60,""column"":5,""columns"":{""seriesKey"":2,""date"":4,""value"":5,""unit"":6,""status"":7,""comments"":8}},""rawValue"":""250.1163735""},""uk"":{""artifactId"":""TS_GP_BOP_WR_M.WR0030:2980f682a83de35b64d5f9e870057b6b53234cc9184555d6814ab08f5b9716cd:16a760526d5b"",""sourceKey"":""TS_GP_BOP_WR_M.WR0030"",""retrievedAt"":""2026-09-30T22:08:38.374Z"",""locator"":{""seriesKey"":""TS_GP_BOP_WR_M.WR0030"",""observationDate"":""2021-09-30"",""row"":60,""column"":5,""columns"":{""seriesKey"":2,""date"":4,""value"":5,""unit"":6,""status"":7,""comments"":8}},""rawValue"":""380.2640198""},""saudiArabia"":{""artifactId"":""TS_GP_BOP_WR_M.WR0040:7fd29b7dd6648ad26354877eb8c73478ca5af5a4f4d1dc206c809a474a2b63cb:7b261bf12ed4"",""sourceKey"":""TS_GP_BOP_WR_M.WR0040"",""retrievedAt"":""2026-09-30T22:08:37.180Z"",""locator"":{""seriesKey"":""TS_GP_BOP_WR_M.WR0040"",""observationDate"":""2021-09-30"",""row"":60,""column"":5,""columns"":{""seriesKey"":2,""date"":4,""value"":5,""unit"":6,""status"":7,""comments"":8}},""rawValue"":""719.5372702""},""uae"":{""artifactId"":""TS_GP_BOP_WR_M.WR0050:e9f7e07077af64a3000a4e1064bfa07c0b714f0978b7b6a09c022311b191dff4:b0852540e72d"",""sourceKey"":""TS_GP_BOP_WR_M.WR0050"",""retrievedAt"":""2026-09-30T22:08:38.170Z"",""locator"":{""seriesKey"":""TS_GP_BOP_WR_M.WR0050"",""observationDate"":""2021-09-30"",""row"":60,""column"":5,""columns"":{""seriesKey"":2,""date"":4,""value"":5,""unit"":6,""status"":7,""comments"":8}},""rawValue"":""525.2717205""},""otherGcc"":{""artifactId"":""TS_GP_BOP_WR_M.WR0100:4080e7d652e64db1faf775bf10dcc9c7cbc18714009fd4209eaaab5e194ece94:8a4ff6653ef2"",""sourceKey"":""TS_GP_BOP_WR_M.WR0100"",""retrievedAt"":""2026-09-30T22:08:36.936Z"",""locator"":{""seriesKey"":""TS_GP_BOP_WR_M.WR0100"",""observationDate"":""2021-09-30"",""row"":60,""column"":5,""columns"":{""seriesKey"":2,""date"":4,""value"":5,""unit"":6,""status"":7,""comments"":8}},""rawValue"":""317.0940818""},""eu"":{""artifactId"":""TS_GP_BOP_WR_M.WR0150:7ddc2e9ecd25bf191717360ce0b2fb2948500282b9f5264d8397c200b762263a:6a93cf6c3219"",""sourceKey"":""TS_GP_BOP_WR_M.WR0150"",""retrievedAt"":""2026-09-30T22:08:37.080Z"",""locator"":{""seriesKey"":""TS_GP_BOP_WR_M.WR0150"",""observationDate"":""2021-09-30"",""row"":60,""column"":5,""columns"":{""seriesKey"":2,""date"":4,""value"":5,""unit"":6,""status"":7,""comments"":8}},""rawValue"":""302.4637337""}}","{""total"":{""observationDate"":""2021-09-30"",""status"":""not-stated"",""sourceStatus"":""Normal"",""comments"":"""",""unit"":""Million USD"",""missingReason"":null},""usa"":{""observationDate"":""2021-09-30"",""status"":""not-stated"",""sourceStatus"":""Normal"",""comments"":"""",""unit"":""Million USD"",""missingReason"":null},""uk"":{""observationDate"":""2021-09-30"",""status"":""not-stated"",""sourceStatus"":""Normal"",""comments"":"""",""unit"":""Million USD"",""missingReason"":null},""saudiArabia"":{""observationDate"":""2021-09-30"",""status"":""not-stated"",""sourceStatus"":""Normal"",""comments"":"""",""unit"":""Million USD"",""missingReason"":null},""uae"":{""observationDate"":""2021-09-30"",""status"":""not-stated"",""sourceStatus"":""Normal"",""comments"":"""",""unit"":""Million USD"",""missingReason"":null},""otherGcc"":{""observationDate"":""2021-09-30"",""status"":""not-stated"",""sourceStatus"":""Normal"",""comments"":"""",""unit"":""Million USD"",""missingReason"":null},""eu"":{""observationDate"":""2021-09-30"",""status"":""not-stated"",""sourceStatus"":""Normal"",""comments"":"""",""unit"":""Million USD"",""missingReason"":null}}"
2021-10,2628.586368,689.8093779,479.1088367,355.1411109,238.2960297,296.3659765,295.4835169,"{""total"":{""artifactId"":""TS_GP_BOP_WR_M.WR0010:beff53d74ac04b0f76a7669282f3036df37342e97a32ac615a4f716961de04b1:2c11aac59663"",""sourceKey"":""TS_GP_BOP_WR_M.WR0010"",""retrievedAt"":""2026-09-30T22:08:37.395Z"",""locator"":{""seriesKey"":""TS_GP_BOP_WR_M.WR0010"",""observationDate"":""2021-10-31"",""row"":59,""column"":5,""columns"":{""seriesKey"":2,""date"":4,""value"":5,""unit"":6,""status"":7,""comments"":8}},""rawValue"":""2628.586368""},""usa"":{""artifactId"":""TS_GP_BOP_WR_M.WR0020:a18d140751c825853ed0590e3475b36d8eba5c5d12ffe197a243645ced0f41ee:52d183468b82"",""sourceKey"":""TS_GP_BOP_WR_M.WR0020"",""retrievedAt"":""2026-09-30T22:08:37.284Z"",""locator"":{""seriesKey"":""TS_GP_BOP_WR_M.WR0020"",""observationDate"":""2021-10-31"",""row"":59,""column"":5,""columns"":{""seriesKey"":2,""date"":4,""value"":5,""unit"":6,""status"":7,""comments"":8}},""rawValue"":""238.2960297""},""uk"":{""artifactId"":""TS_GP_BOP_WR_M.WR0030:2980f682a83de35b64d5f9e870057b6b53234cc9184555d6814ab08f5b9716cd:16a760526d5b"",""sourceKey"":""TS_GP_BOP_WR_M.WR0030"",""retrievedAt"":""2026-09-30T22:08:38.374Z"",""locator"":{""seriesKey"":""TS_GP_BOP_WR_M.WR0030"",""observationDate"":""2021-10-31"",""row"":59,""column"":5,""columns"":{""seriesKey"":2,""date"":4,""value"":5,""unit"":6,""status"":7,""comments"":8}},""rawValue"":""355.1411109""},""saudiArabia"":{""artifactId"":""TS_GP_BOP_WR_M.WR0040:7fd29b7dd6648ad26354877eb8c73478ca5af5a4f4d1dc206c809a474a2b63cb:7b261bf12ed4"",""sourceKey"":""TS_GP_BOP_WR_M.WR0040"",""retrievedAt"":""2026-09-30T22:08:37.180Z"",""locator"":{""seriesKey"":""TS_GP_BOP_WR_M.WR0040"",""observationDate"":""2021-10-31"",""row"":59,""column"":5,""columns"":{""seriesKey"":2,""date"":4,""value"":5,""unit"":6,""status"":7,""comments"":8}},""rawValue"":""689.8093779""},""uae"":{""artifactId"":""TS_GP_BOP_WR_M.WR0050:e9f7e07077af64a3000a4e1064bfa07c0b714f0978b7b6a09c022311b191dff4:b0852540e72d"",""sourceKey"":""TS_GP_BOP_WR_M.WR0050"",""retrievedAt"":""2026-09-30T22:08:38.170Z"",""locator"":{""seriesKey"":""TS_GP_BOP_WR_M.WR0050"",""observationDate"":""2021-10-31"",""row"":59,""column"":5,""columns"":{""seriesKey"":2,""date"":4,""value"":5,""unit"":6,""status"":7,""comments"":8}},""rawValue"":""479.1088367""},""otherGcc"":{""artifactId"":""TS_GP_BOP_WR_M.WR0100:4080e7d652e64db1faf775bf10dcc9c7cbc18714009fd4209eaaab5e194ece94:8a4ff6653ef2"",""sourceKey"":""TS_GP_BOP_WR_M.WR0100"",""retrievedAt"":""2026-09-30T22:08:36.936Z"",""locator"":{""seriesKey"":""TS_GP_BOP_WR_M.WR0100"",""observationDate"":""2021-10-31"",""row"":59,""column"":5,""columns"":{""seriesKey"":2,""date"":4,""value"":5,""unit"":6,""status"":7,""comments"":8}},""rawValue"":""296.3659765""},""eu"":{""artifactId"":""TS_GP_BOP_WR_M.WR0150:7ddc2e9ecd25bf191717360ce0b2fb2948500282b9f5264d8397c200b762263a:6a93cf6c3219"",""sourceKey"":""TS_GP_BOP_WR_M.WR0150"",""retrievedAt"":""2026-09-30T22:08:37.080Z"",""locator"":{""seriesKey"":""TS_GP_BOP_WR_M.WR0150"",""observationDate"":""2021-10-31"",""row"":59,""column"":5,""columns"":{""seriesKey"":2,""date"":4,""value"":5,""unit"":6,""status"":7,""comments"":8}},""rawValue"":""295.4835169""}}","{""total"":{""observationDate"":""2021-10-31"",""status"":""not-stated"",""sourceStatus"":""Normal"",""comments"":"""",""unit"":""Million USD"",""missingReason"":null},""usa"":{""observationDate"":""2021-10-31"",""status"":""not-stated"",""sourceStatus"":""Normal"",""comments"":"""",""unit"":""Million USD"",""missingReason"":null},""uk"":{""observationDate"":""2021-10-31"",""status"":""not-stated"",""sourceStatus"":""Normal"",""comments"":"""",""unit"":""Million USD"",""missingReason"":null},""saudiArabia"":{""observationDate"":""2021-10-31"",""status"":""not-stated"",""sourceStatus"":""Normal"",""comments"":"""",""unit"":""Million USD"",""missingReason"":null},""uae"":{""observationDate"":""2021-10-31"",""status"":""not-stated"",""sourceStatus"":""Normal"",""comments"":"""",""unit"":""Million USD"",""missingReason"":null},""otherGcc"":{""observationDate"":""2021-10-31"",""status"":""not-stated"",""sourceStatus"":""Normal"",""comments"":"""",""unit"":""Million USD"",""missingReason"":null},""eu"":{""observationDate"":""2021-10-31"",""status"":""not-stated"",""sourceStatus"":""Normal"",""comments"":"""",""unit"":""Million USD"",""missingReason"":null}}"
2021-11,2459.709253,622.3002092,475.0538859,313.7353883,244.3641291,297.6644983,266.7215365,"{""total"":{""artifactId"":""TS_GP_BOP_WR_M.WR0010:beff53d74ac04b0f76a7669282f3036df37342e97a32ac615a4f716961de04b1:2c11aac59663"",""sourceKey"":""TS_GP_BOP_WR_M.WR0010"",""retrievedAt"":""2026-09-30T22:08:37.395Z"",""locator"":{""seriesKey"":""TS_GP_BOP_WR_M.WR0010"",""observationDate"":""2021-11-30"",""row"":58,""column"":5,""columns"":{""seriesKey"":2,""date"":4,""value"":5,""unit"":6,""status"":7,""comments"":8}},""rawValue"":""2459.709253""},""usa"":{""artifactId"":""TS_GP_BOP_WR_M.WR0020:a18d140751c825853ed0590e3475b36d8eba5c5d12ffe197a243645ced0f41ee:52d183468b82"",""sourceKey"":""TS_GP_BOP_WR_M.WR0020"",""retrievedAt"":""2026-09-30T22:08:37.284Z"",""locator"":{""seriesKey"":""TS_GP_BOP_WR_M.WR0020"",""observationDate"":""2021-11-30"",""row"":58,""column"":5,""columns"":{""seriesKey"":2,""date"":4,""value"":5,""unit"":6,""status"":7,""comments"":8}},""rawValue"":""244.3641291""},""uk"":{""artifactId"":""TS_GP_BOP_WR_M.WR0030:2980f682a83de35b64d5f9e870057b6b53234cc9184555d6814ab08f5b9716cd:16a760526d5b"",""sourceKey"":""TS_GP_BOP_WR_M.WR0030"",""retrievedAt"":""2026-09-30T22:08:38.374Z"",""locator"":{""seriesKey"":""TS_GP_BOP_WR_M.WR0030"",""observationDate"":""2021-11-30"",""row"":58,""column"":5,""columns"":{""seriesKey"":2,""date"":4,""value"":5,""unit"":6,""status"":7,""comments"":8}},""rawValue"":""313.7353883""},""saudiArabia"":{""artifactId"":""TS_GP_BOP_WR_M.WR0040:7fd29b7dd6648ad26354877eb8c73478ca5af5a4f4d1dc206c809a474a2b63cb:7b261bf12ed4"",""sourceKey"":""TS_GP_BOP_WR_M.WR0040"",""retrievedAt"":""2026-09-30T22:08:37.180Z"",""locator"":{""seriesKey"":""TS_GP_BOP_WR_M.WR0040"",""observationDate"":""2021-11-30"",""row"":58,""column"":5,""columns"":{""seriesKey"":2,""date"":4,""value"":5,""unit"":6,""status"":7,""comments"":8}},""rawValue"":""622.3002092""},""uae"":{""artifactId"":""TS_GP_BOP_WR_M.WR0050:e9f7e07077af64a3000a4e1064bfa07c0b714f0978b7b6a09c022311b191dff4:b0852540e72d"",""sourceKey"":""TS_GP_BOP_WR_M.WR0050"",""retrievedAt"":""2026-09-30T22:08:38.170Z"",""locator"":{""seriesKey"":""TS_GP_BOP_WR_M.WR0050"",""observationDate"":""2021-11-30"",""row"":58,""column"":5,""columns"":{""seriesKey"":2,""date"":4,""value"":5,""unit"":6,""status"":7,""comments"":8}},""rawValue"":""475.0538859""},""otherGcc"":{""artifactId"":""TS_GP_BOP_WR_M.WR0100:4080e7d652e64db1faf775bf10dcc9c7cbc18714009fd4209eaaab5e194ece94:8a4ff6653ef2"",""sourceKey"":""TS_GP_BOP_WR_M.WR0100"",""retrievedAt"":""2026-09-30T22:08:36.936Z"",""locator"":{""seriesKey"":""TS_GP_BOP_WR_M.WR0100"",""observationDate"":""2021-11-30"",""row"":58,""column"":5,""columns"":{""seriesKey"":2,""date"":4,""value"":5,""unit"":6,""status"":7,""comments"":8}},""rawValue"":""297.6644983""},""eu"":{""artifactId"":""TS_GP_BOP_WR_M.WR0150:7ddc2e9ecd25bf191717360ce0b2fb2948500282b9f5264d8397c200b762263a:6a93cf6c3219"",""sourceKey"":""TS_GP_BOP_WR_M.WR0150"",""retrievedAt"":""2026-09-30T22:08:37.080Z"",""locator"":{""seriesKey"":""TS_GP_BOP_WR_M.WR0150"",""observationDate"":""2021-11-30"",""row"":58,""column"":5,""columns"":{""seriesKey"":2,""date"":4,""value"":5,""unit"":6,""status"":7,""comments"":8}},""rawValue"":""266.7215365""}}","{""total"":{""observationDate"":""2021-11-30"",""status"":""not-stated"",""sourceStatus"":""Normal"",""comments"":"""",""unit"":""Million USD"",""missingReason"":null},""usa"":{""observationDate"":""2021-11-30"",""status"":""not-stated"",""sourceStatus"":""Normal"",""comments"":"""",""unit"":""Million USD"",""missingReason"":null},""uk"":{""observationDate"":""2021-11-30"",""status"":""not-stated"",""sourceStatus"":""Normal"",""comments"":"""",""unit"":""Million USD"",""missingReason"":null},""saudiArabia"":{""observationDate"":""2021-11-30"",""status"":""not-stated"",""sourceStatus"":""Normal"",""comments"":"""",""unit"":""Million USD"",""missingReason"":null},""uae"":{""observationDate"":""2021-11-30"",""status"":""not-stated"",""sourceStatus"":""Normal"",""comments"":"""",""unit"":""Million USD"",""missingReason"":null},""otherGcc"":{""observationDate"":""2021-11-30"",""status"":""not-stated"",""sourceStatus"":""Normal"",""comments"":"""",""unit"":""Million USD"",""missingReason"":null},""eu"":{""observationDate"":""2021-11-30"",""status"":""not-stated"",""sourceStatus"":""Normal"",""comments"":"""",""unit"":""Million USD"",""missingReason"":null}}"
2021-12,2520.352433,626.5676642,453.1556628,340.7538141,248.5134788,298.2549197,289.632495,"{""total"":{""artifactId"":""TS_GP_BOP_WR_M.WR0010:beff53d74ac04b0f76a7669282f3036df37342e97a32ac615a4f716961de04b1:2c11aac59663"",""sourceKey"":""TS_GP_BOP_WR_M.WR0010"",""retrievedAt"":""2026-09-30T22:08:37.395Z"",""locator"":{""seriesKey"":""TS_GP_BOP_WR_M.WR0010"",""observationDate"":""2021-12-31"",""row"":57,""column"":5,""columns"":{""seriesKey"":2,""date"":4,""value"":5,""unit"":6,""status"":7,""comments"":8}},""rawValue"":""2520.352433""},""usa"":{""artifactId"":""TS_GP_BOP_WR_M.WR0020:a18d140751c825853ed0590e3475b36d8eba5c5d12ffe197a243645ced0f41ee:52d183468b82"",""sourceKey"":""TS_GP_BOP_WR_M.WR0020"",""retrievedAt"":""2026-09-30T22:08:37.284Z"",""locator"":{""seriesKey"":""TS_GP_BOP_WR_M.WR0020"",""observationDate"":""2021-12-31"",""row"":57,""column"":5,""columns"":{""seriesKey"":2,""date"":4,""value"":5,""unit"":6,""status"":7,""comments"":8}},""rawValue"":""248.5134788""},""uk"":{""artifactId"":""TS_GP_BOP_WR_M.WR0030:2980f682a83de35b64d5f9e870057b6b53234cc9184555d6814ab08f5b9716cd:16a760526d5b"",""sourceKey"":""TS_GP_BOP_WR_M.WR0030"",""retrievedAt"":""2026-09-30T22:08:38.374Z"",""locator"":{""seriesKey"":""TS_GP_BOP_WR_M.WR0030"",""observationDate"":""2021-12-31"",""row"":57,""column"":5,""columns"":{""seriesKey"":2,""date"":4,""value"":5,""unit"":6,""status"":7,""comments"":8}},""rawValue"":""340.7538141""},""saudiArabia"":{""artifactId"":""TS_GP_BOP_WR_M.WR0040:7fd29b7dd6648ad26354877eb8c73478ca5af5a4f4d1dc206c809a474a2b63cb:7b261bf12ed4"",""sourceKey"":""TS_GP_BOP_WR_M.WR0040"",""retrievedAt"":""2026-09-30T22:08:37.180Z"",""locator"":{""seriesKey"":""TS_GP_BOP_WR_M.WR0040"",""observationDate"":""2021-12-31"",""row"":57,""column"":5,""columns"":{""seriesKey"":2,""date"":4,""value"":5,""unit"":6,""status"":7,""comments"":8}},""rawValue"":""626.5676642""},""uae"":{""artifactId"":""TS_GP_BOP_WR_M.WR0050:e9f7e07077af64a3000a4e1064bfa07c0b714f0978b7b6a09c022311b191dff4:b0852540e72d"",""sourceKey"":""TS_GP_BOP_WR_M.WR0050"",""retrievedAt"":""2026-09-30T22:08:38.170Z"",""locator"":{""seriesKey"":""TS_GP_BOP_WR_M.WR0050"",""observationDate"":""2021-12-31"",""row"":57,""column"":5,""columns"":{""seriesKey"":2,""date"":4,""value"":5,""unit"":6,""status"":7,""comments"":8}},""rawValue"":""453.1556628""},""otherGcc"":{""artifactId"":""TS_GP_BOP_WR_M.WR0100:4080e7d652e64db1faf775bf10dcc9c7cbc18714009fd4209eaaab5e194ece94:8a4ff6653ef2"",""sourceKey"":""TS_GP_BOP_WR_M.WR0100"",""retrievedAt"":""2026-09-30T22:08:36.936Z"",""locator"":{""seriesKey"":""TS_GP_BOP_WR_M.WR0100"",""observationDate"":""2021-12-31"",""row"":57,""column"":5,""columns"":{""seriesKey"":2,""date"":4,""value"":5,""unit"":6,""status"":7,""comments"":8}},""rawValue"":""298.2549197""},""eu"":{""artifactId"":""TS_GP_BOP_WR_M.WR0150:7ddc2e9ecd25bf191717360ce0b2fb2948500282b9f5264d8397c200b762263a:6a93cf6c3219"",""sourceKey"":""TS_GP_BOP_WR_M.WR0150"",""retrievedAt"":""2026-09-30T22:08:37.080Z"",""locator"":{""seriesKey"":""TS_GP_BOP_WR_M.WR0150"",""observationDate"":""2021-12-31"",""row"":57,""column"":5,""columns"":{""seriesKey"":2,""date"":4,""value"":5,""unit"":6,""status"":7,""comments"":8}},""rawValue"":""289.632495""}}","{""total"":{""observationDate"":""2021-12-31"",""status"":""not-stated"",""sourceStatus"":""Normal"",""comments"":"""",""unit"":""Million USD"",""missingReason"":null},""usa"":{""observationDate"":""2021-12-31"",""status"":""not-stated"",""sourceStatus"":""Normal"",""comments"":"""",""unit"":""Million USD"",""missingReason"":null},""uk"":{""observationDate"":""2021-12-31"",""status"":""not-stated"",""sourceStatus"":""Normal"",""comments"":"""",""unit"":""Million USD"",""missingReason"":null},""saudiArabia"":{""observationDate"":""2021-12-31"",""status"":""not-stated"",""sourceStatus"":""Normal"",""comments"":"""",""unit"":""Million USD"",""missingReason"":null},""uae"":{""observationDate"":""2021-12-31"",""status"":""not-stated"",""sourceStatus"":""Normal"",""comments"":"""",""unit"":""Million USD"",""missingReason"":null},""otherGcc"":{""observationDate"":""2021-12-31"",""status"":""not-stated"",""sourceStatus"":""Normal"",""comments"":"""",""unit"":""Million USD"",""missingReason"":null},""eu"":{""observationDate"":""2021-12-31"",""status"":""not-stated"",""sourceStatus"":""Normal"",""comments"":"""",""unit"":""Million USD"",""missingReason"":null}}"
2022-01,2180.433945,548.8788089,382.3264141,324.293808,211.8517807,257.763081,239.4165305,"{""total"":{""artifactId"":""TS_GP_BOP_WR_M.WR0010:beff53d74ac04b0f76a7669282f3036df37342e97a32ac615a4f716961de04b1:2c11aac59663"",""sourceKey"":""TS_GP_BOP_WR_M.WR0010"",""retrievedAt"":""2026-09-30T22:08:37.395Z"",""locator"":{""seriesKey"":""TS_GP_BOP_WR_M.WR0010"",""observationDate"":""2022-01-31"",""row"":56,""column"":5,""columns"":{""seriesKey"":2,""date"":4,""value"":5,""unit"":6,""status"":7,""comments"":8}},""rawValue"":""2180.433945""},""usa"":{""artifactId"":""TS_GP_BOP_WR_M.WR0020:a18d140751c825853ed0590e3475b36d8eba5c5d12ffe197a243645ced0f41ee:52d183468b82"",""sourceKey"":""TS_GP_BOP_WR_M.WR0020"",""retrievedAt"":""2026-09-30T22:08:37.284Z"",""locator"":{""seriesKey"":""TS_GP_BOP_WR_M.WR0020"",""observationDate"":""2022-01-31"",""row"":56,""column"":5,""columns"":{""seriesKey"":2,""date"":4,""value"":5,""unit"":6,""status"":7,""comments"":8}},""rawValue"":""211.8517807""},""uk"":{""artifactId"":""TS_GP_BOP_WR_M.WR0030:2980f682a83de35b64d5f9e870057b6b53234cc9184555d6814ab08f5b9716cd:16a760526d5b"",""sourceKey"":""TS_GP_BOP_WR_M.WR0030"",""retrievedAt"":""2026-09-30T22:08:38.374Z"",""locator"":{""seriesKey"":""TS_GP_BOP_WR_M.WR0030"",""observationDate"":""2022-01-31"",""row"":56,""column"":5,""columns"":{""seriesKey"":2,""date"":4,""value"":5,""unit"":6,""status"":7,""comments"":8}},""rawValue"":""324.293808""},""saudiArabia"":{""artifactId"":""TS_GP_BOP_WR_M.WR0040:7fd29b7dd6648ad26354877eb8c73478ca5af5a4f4d1dc206c809a474a2b63cb:7b261bf12ed4"",""sourceKey"":""TS_GP_BOP_WR_M.WR0040"",""retrievedAt"":""2026-09-30T22:08:37.180Z"",""locator"":{""seriesKey"":""TS_GP_BOP_WR_M.WR0040"",""observationDate"":""2022-01-31"",""row"":56,""column"":5,""columns"":{""seriesKey"":2,""date"":4,""value"":5,""unit"":6,""status"":7,""comments"":8}},""rawValue"":""548.8788089""},""uae"":{""artifactId"":""TS_GP_BOP_WR_M.WR0050:e9f7e07077af64a3000a4e1064bfa07c0b714f0978b7b6a09c022311b191dff4:b0852540e72d"",""sourceKey"":""TS_GP_BOP_WR_M.WR0050"",""retrievedAt"":""2026-09-30T22:08:38.170Z"",""locator"":{""seriesKey"":""TS_GP_BOP_WR_M.WR0050"",""observationDate"":""2022-01-31"",""row"":56,""column"":5,""columns"":{""seriesKey"":2,""date"":4,""value"":5,""unit"":6,""status"":7,""comments"":8}},""rawValue"":""382.3264141""},""otherGcc"":{""artifactId"":""TS_GP_BOP_WR_M.WR0100:4080e7d652e64db1faf775bf10dcc9c7cbc18714009fd4209eaaab5e194ece94:8a4ff6653ef2"",""sourceKey"":""TS_GP_BOP_WR_M.WR0100"",""retrievedAt"":""2026-09-30T22:08:36.936Z"",""locator"":{""seriesKey"":""TS_GP_BOP_WR_M.WR0100"",""observationDate"":""2022-01-31"",""row"":56,""column"":5,""columns"":{""seriesKey"":2,""date"":4,""value"":5,""unit"":6,""status"":7,""comments"":8}},""rawValue"":""257.763081""},""eu"":{""artifactId"":""TS_GP_BOP_WR_M.WR0150:7ddc2e9ecd25bf191717360ce0b2fb2948500282b9f5264d8397c200b762263a:6a93cf6c3219"",""sourceKey"":""TS_GP_BOP_WR_M.WR0150"",""retrievedAt"":""2026-09-30T22:08:37.080Z"",""locator"":{""seriesKey"":""TS_GP_BOP_WR_M.WR0150"",""observationDate"":""2022-01-31"",""row"":56,""column"":5,""columns"":{""seriesKey"":2,""date"":4,""value"":5,""unit"":6,""status"":7,""comments"":8}},""rawValue"":""239.4165305""}}","{""total"":{""observationDate"":""2022-01-31"",""status"":""not-stated"",""sourceStatus"":""Normal"",""comments"":"""",""unit"":""Million USD"",""missingReason"":null},""usa"":{""observationDate"":""2022-01-31"",""status"":""not-stated"",""sourceStatus"":""Normal"",""comments"":"""",""unit"":""Million USD"",""missingReason"":null},""uk"":{""observationDate"":""2022-01-31"",""status"":""not-stated"",""sourceStatus"":""Normal"",""comments"":"""",""unit"":""Million USD"",""missingReason"":null},""saudiArabia"":{""observationDate"":""2022-01-31"",""status"":""not-stated"",""sourceStatus"":""Normal"",""comments"":"""",""unit"":""Million USD"",""missingReason"":null},""uae"":{""observationDate"":""2022-01-31"",""status"":""not-stated"",""sourceStatus"":""Normal"",""comments"":"""",""unit"":""Million USD"",""missingReason"":null},""otherGcc"":{""observationDate"":""2022-01-31"",""status"":""not-stated"",""sourceStatus"":""Normal"",""comments"":"""",""unit"":""Million USD"",""missingReason"":null},""eu"":{""observationDate"":""2022-01-31"",""status"":""not-stated"",""sourceStatus"":""Normal"",""comments"":"""",""unit"":""Million USD"",""missingReason"":null}}"
2022-02,2196.168428,558.4495959,386.2637695,319.9396728,211.2146596,261.3598823,237.7485978,"{""total"":{""artifactId"":""TS_GP_BOP_WR_M.WR0010:beff53d74ac04b0f76a7669282f3036df37342e97a32ac615a4f716961de04b1:2c11aac59663"",""sourceKey"":""TS_GP_BOP_WR_M.WR0010"",""retrievedAt"":""2026-09-30T22:08:37.395Z"",""locator"":{""seriesKey"":""TS_GP_BOP_WR_M.WR0010"",""observationDate"":""2022-02-28"",""row"":55,""column"":5,""columns"":{""seriesKey"":2,""date"":4,""value"":5,""unit"":6,""status"":7,""comments"":8}},""rawValue"":""2196.168428""},""usa"":{""artifactId"":""TS_GP_BOP_WR_M.WR0020:a18d140751c825853ed0590e3475b36d8eba5c5d12ffe197a243645ced0f41ee:52d183468b82"",""sourceKey"":""TS_GP_BOP_WR_M.WR0020"",""retrievedAt"":""2026-09-30T22:08:37.284Z"",""locator"":{""seriesKey"":""TS_GP_BOP_WR_M.WR0020"",""observationDate"":""2022-02-28"",""row"":55,""column"":5,""columns"":{""seriesKey"":2,""date"":4,""value"":5,""unit"":6,""status"":7,""comments"":8}},""rawValue"":""211.2146596""},""uk"":{""artifactId"":""TS_GP_BOP_WR_M.WR0030:2980f682a83de35b64d5f9e870057b6b53234cc9184555d6814ab08f5b9716cd:16a760526d5b"",""sourceKey"":""TS_GP_BOP_WR_M.WR0030"",""retrievedAt"":""2026-09-30T22:08:38.374Z"",""locator"":{""seriesKey"":""TS_GP_BOP_WR_M.WR0030"",""observationDate"":""2022-02-28"",""row"":55,""column"":5,""columns"":{""seriesKey"":2,""date"":4,""value"":5,""unit"":6,""status"":7,""comments"":8}},""rawValue"":""319.9396728""},""saudiArabia"":{""artifactId"":""TS_GP_BOP_WR_M.WR0040:7fd29b7dd6648ad26354877eb8c73478ca5af5a4f4d1dc206c809a474a2b63cb:7b261bf12ed4"",""sourceKey"":""TS_GP_BOP_WR_M.WR0040"",""retrievedAt"":""2026-09-30T22:08:37.180Z"",""locator"":{""seriesKey"":""TS_GP_BOP_WR_M.WR0040"",""observationDate"":""2022-02-28"",""row"":55,""column"":5,""columns"":{""seriesKey"":2,""date"":4,""value"":5,""unit"":6,""status"":7,""comments"":8}},""rawValue"":""558.4495959""},""uae"":{""artifactId"":""TS_GP_BOP_WR_M.WR0050:e9f7e07077af64a3000a4e1064bfa07c0b714f0978b7b6a09c022311b191dff4:b0852540e72d"",""sourceKey"":""TS_GP_BOP_WR_M.WR0050"",""retrievedAt"":""2026-09-30T22:08:38.170Z"",""locator"":{""seriesKey"":""TS_GP_BOP_WR_M.WR0050"",""observationDate"":""2022-02-28"",""row"":55,""column"":5,""columns"":{""seriesKey"":2,""date"":4,""value"":5,""unit"":6,""status"":7,""comments"":8}},""rawValue"":""386.2637695""},""otherGcc"":{""artifactId"":""TS_GP_BOP_WR_M.WR0100:4080e7d652e64db1faf775bf10dcc9c7cbc18714009fd4209eaaab5e194ece94:8a4ff6653ef2"",""sourceKey"":""TS_GP_BOP_WR_M.WR0100"",""retrievedAt"":""2026-09-30T22:08:36.936Z"",""locator"":{""seriesKey"":""TS_GP_BOP_WR_M.WR0100"",""observationDate"":""2022-02-28"",""row"":55,""column"":5,""columns"":{""seriesKey"":2,""date"":4,""value"":5,""unit"":6,""status"":7,""comments"":8}},""rawValue"":""261.3598823""},""eu"":{""artifactId"":""TS_GP_BOP_WR_M.WR0150:7ddc2e9ecd25bf191717360ce0b2fb2948500282b9f5264d8397c200b762263a:6a93cf6c3219"",""sourceKey"":""TS_GP_BOP_WR_M.WR0150"",""retrievedAt"":""2026-09-30T22:08:37.080Z"",""locator"":{""seriesKey"":""TS_GP_BOP_WR_M.WR0150"",""observationDate"":""2022-02-28"",""row"":55,""column"":5,""columns"":{""seriesKey"":2,""date"":4,""value"":5,""unit"":6,""status"":7,""comments"":8}},""rawValue"":""237.7485978""}}","{""total"":{""observationDate"":""2022-02-28"",""status"":""not-stated"",""sourceStatus"":""Normal"",""comments"":"""",""unit"":""Million USD"",""missingReason"":null},""usa"":{""observationDate"":""2022-02-28"",""status"":""not-stated"",""sourceStatus"":""Normal"",""comments"":"""",""unit"":""Million USD"",""missingReason"":null},""uk"":{""observationDate"":""2022-02-28"",""status"":""not-stated"",""sourceStatus"":""Normal"",""comments"":"""",""unit"":""Million USD"",""missingReason"":null},""saudiArabia"":{""observationDate"":""2022-02-28"",""status"":""not-stated"",""sourceStatus"":""Normal"",""comments"":"""",""unit"":""Million USD"",""missingReason"":null},""uae"":{""observationDate"":""2022-02-28"",""status"":""not-stated"",""sourceStatus"":""Normal"",""comments"":"""",""unit"":""Million USD"",""missingReason"":null},""otherGcc"":{""observationDate"":""2022-02-28"",""status"":""not-stated"",""sourceStatus"":""Normal"",""comments"":"""",""unit"":""Million USD"",""missingReason"":null},""eu"":{""observationDate"":""2022-02-28"",""status"":""not-stated"",""sourceStatus"":""Normal"",""comments"":"""",""unit"":""Million USD"",""missingReason"":null}}"
2022-03,2834.767043,686.3786044,521.0631052,402.256953,301.6261052,345.2744983,281.1692774,"{""total"":{""artifactId"":""TS_GP_BOP_WR_M.WR0010:beff53d74ac04b0f76a7669282f3036df37342e97a32ac615a4f716961de04b1:2c11aac59663"",""sourceKey"":""TS_GP_BOP_WR_M.WR0010"",""retrievedAt"":""2026-09-30T22:08:37.395Z"",""locator"":{""seriesKey"":""TS_GP_BOP_WR_M.WR0010"",""observationDate"":""2022-03-31"",""row"":54,""column"":5,""columns"":{""seriesKey"":2,""date"":4,""value"":5,""unit"":6,""status"":7,""comments"":8}},""rawValue"":""2834.767043""},""usa"":{""artifactId"":""TS_GP_BOP_WR_M.WR0020:a18d140751c825853ed0590e3475b36d8eba5c5d12ffe197a243645ced0f41ee:52d183468b82"",""sourceKey"":""TS_GP_BOP_WR_M.WR0020"",""retrievedAt"":""2026-09-30T22:08:37.284Z"",""locator"":{""seriesKey"":""TS_GP_BOP_WR_M.WR0020"",""observationDate"":""2022-03-31"",""row"":54,""column"":5,""columns"":{""seriesKey"":2,""date"":4,""value"":5,""unit"":6,""status"":7,""comments"":8}},""rawValue"":""301.6261052""},""uk"":{""artifactId"":""TS_GP_BOP_WR_M.WR0030:2980f682a83de35b64d5f9e870057b6b53234cc9184555d6814ab08f5b9716cd:16a760526d5b"",""sourceKey"":""TS_GP_BOP_WR_M.WR0030"",""retrievedAt"":""2026-09-30T22:08:38.374Z"",""locator"":{""seriesKey"":""TS_GP_BOP_WR_M.WR0030"",""observationDate"":""2022-03-31"",""row"":54,""column"":5,""columns"":{""seriesKey"":2,""date"":4,""value"":5,""unit"":6,""status"":7,""comments"":8}},""rawValue"":""402.256953""},""saudiArabia"":{""artifactId"":""TS_GP_BOP_WR_M.WR0040:7fd29b7dd6648ad26354877eb8c73478ca5af5a4f4d1dc206c809a474a2b63cb:7b261bf12ed4"",""sourceKey"":""TS_GP_BOP_WR_M.WR0040"",""retrievedAt"":""2026-09-30T22:08:37.180Z"",""locator"":{""seriesKey"":""TS_GP_BOP_WR_M.WR0040"",""observationDate"":""2022-03-31"",""row"":54,""column"":5,""columns"":{""seriesKey"":2,""date"":4,""value"":5,""unit"":6,""status"":7,""comments"":8}},""rawValue"":""686.3786044""},""uae"":{""artifactId"":""TS_GP_BOP_WR_M.WR0050:e9f7e07077af64a3000a4e1064bfa07c0b714f0978b7b6a09c022311b191dff4:b0852540e72d"",""sourceKey"":""TS_GP_BOP_WR_M.WR0050"",""retrievedAt"":""2026-09-30T22:08:38.170Z"",""locator"":{""seriesKey"":""TS_GP_BOP_WR_M.WR0050"",""observationDate"":""2022-03-31"",""row"":54,""column"":5,""columns"":{""seriesKey"":2,""date"":4,""value"":5,""unit"":6,""status"":7,""comments"":8}},""rawValue"":""521.0631052""},""otherGcc"":{""artifactId"":""TS_GP_BOP_WR_M.WR0100:4080e7d652e64db1faf775bf10dcc9c7cbc18714009fd4209eaaab5e194ece94:8a4ff6653ef2"",""sourceKey"":""TS_GP_BOP_WR_M.WR0100"",""retrievedAt"":""2026-09-30T22:08:36.936Z"",""locator"":{""seriesKey"":""TS_GP_BOP_WR_M.WR0100"",""observationDate"":""2022-03-31"",""row"":54,""column"":5,""columns"":{""seriesKey"":2,""date"":4,""value"":5,""unit"":6,""status"":7,""comments"":8}},""rawValue"":""345.2744983""},""eu"":{""artifactId"":""TS_GP_BOP_WR_M.WR0150:7ddc2e9ecd25bf191717360ce0b2fb2948500282b9f5264d8397c200b762263a:6a93cf6c3219"",""sourceKey"":""TS_GP_BOP_WR_M.WR0150"",""retrievedAt"":""2026-09-30T22:08:37.080Z"",""locator"":{""seriesKey"":""TS_GP_BOP_WR_M.WR0150"",""observationDate"":""2022-03-31"",""row"":54,""column"":5,""columns"":{""seriesKey"":2,""date"":4,""value"":5,""unit"":6,""status"":7,""comments"":8}},""rawValue"":""281.1692774""}}","{""total"":{""observationDate"":""2022-03-31"",""status"":""not-stated"",""sourceStatus"":""Normal"",""comments"":"""",""unit"":""Million USD"",""missingReason"":null},""usa"":{""observationDate"":""2022-03-31"",""status"":""not-stated"",""sourceStatus"":""Normal"",""comments"":"""",""unit"":""Million USD"",""missingReason"":null},""uk"":{""observationDate"":""2022-03-31"",""status"":""not-stated"",""sourceStatus"":""Normal"",""comments"":"""",""unit"":""Million USD"",""missingReason"":null},""saudiArabia"":{""observationDate"":""2022-03-31"",""status"":""not-stated"",""sourceStatus"":""Normal"",""comments"":"""",""unit"":""Million USD"",""missingReason"":null},""uae"":{""observationDate"":""2022-03-31"",""status"":""not-stated"",""sourceStatus"":""Normal"",""comments"":"""",""unit"":""Million USD"",""missingReason"":null},""otherGcc"":{""observationDate"":""2022-03-31"",""status"":""not-stated"",""sourceStatus"":""Normal"",""comments"":"""",""unit"":""Million USD"",""missingReason"":null},""eu"":{""observationDate"":""2022-03-31"",""status"":""not-stated"",""sourceStatus"":""Normal"",""comments"":"""",""unit"":""Million USD"",""missingReason"":null}}"
2022-04,3124.369515,704.5320896,614.0900434,484.1431274,347.0441848,358.9055479,297.2454922,"{""total"":{""artifactId"":""TS_GP_BOP_WR_M.WR0010:beff53d74ac04b0f76a7669282f3036df37342e97a32ac615a4f716961de04b1:2c11aac59663"",""sourceKey"":""TS_GP_BOP_WR_M.WR0010"",""retrievedAt"":""2026-09-30T22:08:37.395Z"",""locator"":{""seriesKey"":""TS_GP_BOP_WR_M.WR0010"",""observationDate"":""2022-04-30"",""row"":53,""column"":5,""columns"":{""seriesKey"":2,""date"":4,""value"":5,""unit"":6,""status"":7,""comments"":8}},""rawValue"":""3124.369515""},""usa"":{""artifactId"":""TS_GP_BOP_WR_M.WR0020:a18d140751c825853ed0590e3475b36d8eba5c5d12ffe197a243645ced0f41ee:52d183468b82"",""sourceKey"":""TS_GP_BOP_WR_M.WR0020"",""retrievedAt"":""2026-09-30T22:08:37.284Z"",""locator"":{""seriesKey"":""TS_GP_BOP_WR_M.WR0020"",""observationDate"":""2022-04-30"",""row"":53,""column"":5,""columns"":{""seriesKey"":2,""date"":4,""value"":5,""unit"":6,""status"":7,""comments"":8}},""rawValue"":""347.0441848""},""uk"":{""artifactId"":""TS_GP_BOP_WR_M.WR0030:2980f682a83de35b64d5f9e870057b6b53234cc9184555d6814ab08f5b9716cd:16a760526d5b"",""sourceKey"":""TS_GP_BOP_WR_M.WR0030"",""retrievedAt"":""2026-09-30T22:08:38.374Z"",""locator"":{""seriesKey"":""TS_GP_BOP_WR_M.WR0030"",""observationDate"":""2022-04-30"",""row"":53,""column"":5,""columns"":{""seriesKey"":2,""date"":4,""value"":5,""unit"":6,""status"":7,""comments"":8}},""rawValue"":""484.1431274""},""saudiArabia"":{""artifactId"":""TS_GP_BOP_WR_M.WR0040:7fd29b7dd6648ad26354877eb8c73478ca5af5a4f4d1dc206c809a474a2b63cb:7b261bf12ed4"",""sourceKey"":""TS_GP_BOP_WR_M.WR0040"",""retrievedAt"":""2026-09-30T22:08:37.180Z"",""locator"":{""seriesKey"":""TS_GP_BOP_WR_M.WR0040"",""observationDate"":""2022-04-30"",""row"":53,""column"":5,""columns"":{""seriesKey"":2,""date"":4,""value"":5,""unit"":6,""status"":7,""comments"":8}},""rawValue"":""704.5320896""},""uae"":{""artifactId"":""TS_GP_BOP_WR_M.WR0050:e9f7e07077af64a3000a4e1064bfa07c0b714f0978b7b6a09c022311b191dff4:b0852540e72d"",""sourceKey"":""TS_GP_BOP_WR_M.WR0050"",""retrievedAt"":""2026-09-30T22:08:38.170Z"",""locator"":{""seriesKey"":""TS_GP_BOP_WR_M.WR0050"",""observationDate"":""2022-04-30"",""row"":53,""column"":5,""columns"":{""seriesKey"":2,""date"":4,""value"":5,""unit"":6,""status"":7,""comments"":8}},""rawValue"":""614.0900434""},""otherGcc"":{""artifactId"":""TS_GP_BOP_WR_M.WR0100:4080e7d652e64db1faf775bf10dcc9c7cbc18714009fd4209eaaab5e194ece94:8a4ff6653ef2"",""sourceKey"":""TS_GP_BOP_WR_M.WR0100"",""retrievedAt"":""2026-09-30T22:08:36.936Z"",""locator"":{""seriesKey"":""TS_GP_BOP_WR_M.WR0100"",""observationDate"":""2022-04-30"",""row"":53,""column"":5,""columns"":{""seriesKey"":2,""date"":4,""value"":5,""unit"":6,""status"":7,""comments"":8}},""rawValue"":""358.9055479""},""eu"":{""artifactId"":""TS_GP_BOP_WR_M.WR0150:7ddc2e9ecd25bf191717360ce0b2fb2948500282b9f5264d8397c200b762263a:6a93cf6c3219"",""sourceKey"":""TS_GP_BOP_WR_M.WR0150"",""retrievedAt"":""2026-09-30T22:08:37.080Z"",""locator"":{""seriesKey"":""TS_GP_BOP_WR_M.WR0150"",""observationDate"":""2022-04-30"",""row"":53,""column"":5,""columns"":{""seriesKey"":2,""date"":4,""value"":5,""unit"":6,""status"":7,""comments"":8}},""rawValue"":""297.2454922""}}","{""total"":{""observationDate"":""2022-04-30"",""status"":""not-stated"",""sourceStatus"":""Normal"",""comments"":"""",""unit"":""Million USD"",""missingReason"":null},""usa"":{""observationDate"":""2022-04-30"",""status"":""not-stated"",""sourceStatus"":""Normal"",""comments"":"""",""unit"":""Million USD"",""missingReason"":null},""uk"":{""observationDate"":""2022-04-30"",""status"":""not-stated"",""sourceStatus"":""Normal"",""comments"":"""",""unit"":""Million USD"",""missingReason"":null},""saudiArabia"":{""observationDate"":""2022-04-30"",""status"":""not-stated"",""sourceStatus"":""Normal"",""comments"":"""",""unit"":""Million USD"",""missingReason"":null},""uae"":{""observationDate"":""2022-04-30"",""status"":""not-stated"",""sourceStatus"":""Normal"",""comments"":"""",""unit"":""Million USD"",""missingReason"":null},""otherGcc"":{""observationDate"":""2022-04-30"",""status"":""not-stated"",""sourceStatus"":""Normal"",""comments"":"""",""unit"":""Million USD"",""missingReason"":null},""eu"":{""observationDate"":""2022-04-30"",""status"":""not-stated"",""sourceStatus"":""Normal"",""comments"":"""",""unit"":""Million USD"",""missingReason"":null}}"
2022-05,2346.240221,546.311336,434.3226886,358.495773,234.6270546,268.8500879,270.2265484,"{""total"":{""artifactId"":""TS_GP_BOP_WR_M.WR0010:beff53d74ac04b0f76a7669282f3036df37342e97a32ac615a4f716961de04b1:2c11aac59663"",""sourceKey"":""TS_GP_BOP_WR_M.WR0010"",""retrievedAt"":""2026-09-30T22:08:37.395Z"",""locator"":{""seriesKey"":""TS_GP_BOP_WR_M.WR0010"",""observationDate"":""2022-05-31"",""row"":52,""column"":5,""columns"":{""seriesKey"":2,""date"":4,""value"":5,""unit"":6,""status"":7,""comments"":8}},""rawValue"":""2346.240221""},""usa"":{""artifactId"":""TS_GP_BOP_WR_M.WR0020:a18d140751c825853ed0590e3475b36d8eba5c5d12ffe197a243645ced0f41ee:52d183468b82"",""sourceKey"":""TS_GP_BOP_WR_M.WR0020"",""retrievedAt"":""2026-09-30T22:08:37.284Z"",""locator"":{""seriesKey"":""TS_GP_BOP_WR_M.WR0020"",""observationDate"":""2022-05-31"",""row"":52,""column"":5,""columns"":{""seriesKey"":2,""date"":4,""value"":5,""unit"":6,""status"":7,""comments"":8}},""rawValue"":""234.6270546""},""uk"":{""artifactId"":""TS_GP_BOP_WR_M.WR0030:2980f682a83de35b64d5f9e870057b6b53234cc9184555d6814ab08f5b9716cd:16a760526d5b"",""sourceKey"":""TS_GP_BOP_WR_M.WR0030"",""retrievedAt"":""2026-09-30T22:08:38.374Z"",""locator"":{""seriesKey"":""TS_GP_BOP_WR_M.WR0030"",""observationDate"":""2022-05-31"",""row"":52,""column"":5,""columns"":{""seriesKey"":2,""date"":4,""value"":5,""unit"":6,""status"":7,""comments"":8}},""rawValue"":""358.495773""},""saudiArabia"":{""artifactId"":""TS_GP_BOP_WR_M.WR0040:7fd29b7dd6648ad26354877eb8c73478ca5af5a4f4d1dc206c809a474a2b63cb:7b261bf12ed4"",""sourceKey"":""TS_GP_BOP_WR_M.WR0040"",""retrievedAt"":""2026-09-30T22:08:37.180Z"",""locator"":{""seriesKey"":""TS_GP_BOP_WR_M.WR0040"",""observationDate"":""2022-05-31"",""row"":52,""column"":5,""columns"":{""seriesKey"":2,""date"":4,""value"":5,""unit"":6,""status"":7,""comments"":8}},""rawValue"":""546.311336""},""uae"":{""artifactId"":""TS_GP_BOP_WR_M.WR0050:e9f7e07077af64a3000a4e1064bfa07c0b714f0978b7b6a09c022311b191dff4:b0852540e72d"",""sourceKey"":""TS_GP_BOP_WR_M.WR0050"",""retrievedAt"":""2026-09-30T22:08:38.170Z"",""locator"":{""seriesKey"":""TS_GP_BOP_WR_M.WR0050"",""observationDate"":""2022-05-31"",""row"":52,""column"":5,""columns"":{""seriesKey"":2,""date"":4,""value"":5,""unit"":6,""status"":7,""comments"":8}},""rawValue"":""434.3226886""},""otherGcc"":{""artifactId"":""TS_GP_BOP_WR_M.WR0100:4080e7d652e64db1faf775bf10dcc9c7cbc18714009fd4209eaaab5e194ece94:8a4ff6653ef2"",""sourceKey"":""TS_GP_BOP_WR_M.WR0100"",""retrievedAt"":""2026-09-30T22:08:36.936Z"",""locator"":{""seriesKey"":""TS_GP_BOP_WR_M.WR0100"",""observationDate"":""2022-05-31"",""row"":52,""column"":5,""columns"":{""seriesKey"":2,""date"":4,""value"":5,""unit"":6,""status"":7,""comments"":8}},""rawValue"":""268.8500879""},""eu"":{""artifactId"":""TS_GP_BOP_WR_M.WR0150:7ddc2e9ecd25bf191717360ce0b2fb2948500282b9f5264d8397c200b762263a:6a93cf6c3219"",""sourceKey"":""TS_GP_BOP_WR_M.WR0150"",""retrievedAt"":""2026-09-30T22:08:37.080Z"",""locator"":{""seriesKey"":""TS_GP_BOP_WR_M.WR0150"",""observationDate"":""2022-05-31"",""row"":52,""column"":5,""columns"":{""seriesKey"":2,""date"":4,""value"":5,""unit"":6,""status"":7,""comments"":8}},""rawValue"":""270.2265484""}}","{""total"":{""observationDate"":""2022-05-31"",""status"":""not-stated"",""sourceStatus"":""Normal"",""comments"":"""",""unit"":""Million USD"",""missingReason"":null},""usa"":{""observationDate"":""2022-05-31"",""status"":""not-stated"",""sourceStatus"":""Normal"",""comments"":"""",""unit"":""Million USD"",""missingReason"":null},""uk"":{""observationDate"":""2022-05-31"",""status"":""not-stated"",""sourceStatus"":""Normal"",""comments"":"""",""unit"":""Million USD"",""missingReason"":null},""saudiArabia"":{""observationDate"":""2022-05-31"",""status"":""not-stated"",""sourceStatus"":""Normal"",""comments"":"""",""unit"":""Million USD"",""missingReason"":null},""uae"":{""observationDate"":""2022-05-31"",""status"":""not-stated"",""sourceStatus"":""Normal"",""comments"":"""",""unit"":""Million USD"",""missingReason"":null},""otherGcc"":{""observationDate"":""2022-05-31"",""status"":""not-stated"",""sourceStatus"":""Normal"",""comments"":"""",""unit"":""Million USD"",""missingReason"":null},""eu"":{""observationDate"":""2022-05-31"",""status"":""not-stated"",""sourceStatus"":""Normal"",""comments"":"""",""unit"":""Million USD"",""missingReason"":null}}"
2022-06,2789.577806,675.5741395,499.7276994,456.8190923,287.2974626,326.6716078,285.5617689,"{""total"":{""artifactId"":""TS_GP_BOP_WR_M.WR0010:beff53d74ac04b0f76a7669282f3036df37342e97a32ac615a4f716961de04b1:2c11aac59663"",""sourceKey"":""TS_GP_BOP_WR_M.WR0010"",""retrievedAt"":""2026-09-30T22:08:37.395Z"",""locator"":{""seriesKey"":""TS_GP_BOP_WR_M.WR0010"",""observationDate"":""2022-06-30"",""row"":51,""column"":5,""columns"":{""seriesKey"":2,""date"":4,""value"":5,""unit"":6,""status"":7,""comments"":8}},""rawValue"":""2789.577806""},""usa"":{""artifactId"":""TS_GP_BOP_WR_M.WR0020:a18d140751c825853ed0590e3475b36d8eba5c5d12ffe197a243645ced0f41ee:52d183468b82"",""sourceKey"":""TS_GP_BOP_WR_M.WR0020"",""retrievedAt"":""2026-09-30T22:08:37.284Z"",""locator"":{""seriesKey"":""TS_GP_BOP_WR_M.WR0020"",""observationDate"":""2022-06-30"",""row"":51,""column"":5,""columns"":{""seriesKey"":2,""date"":4,""value"":5,""unit"":6,""status"":7,""comments"":8}},""rawValue"":""287.2974626""},""uk"":{""artifactId"":""TS_GP_BOP_WR_M.WR0030:2980f682a83de35b64d5f9e870057b6b53234cc9184555d6814ab08f5b9716cd:16a760526d5b"",""sourceKey"":""TS_GP_BOP_WR_M.WR0030"",""retrievedAt"":""2026-09-30T22:08:38.374Z"",""locator"":{""seriesKey"":""TS_GP_BOP_WR_M.WR0030"",""observationDate"":""2022-06-30"",""row"":51,""column"":5,""columns"":{""seriesKey"":2,""date"":4,""value"":5,""unit"":6,""status"":7,""comments"":8}},""rawValue"":""456.8190923""},""saudiArabia"":{""artifactId"":""TS_GP_BOP_WR_M.WR0040:7fd29b7dd6648ad26354877eb8c73478ca5af5a4f4d1dc206c809a474a2b63cb:7b261bf12ed4"",""sourceKey"":""TS_GP_BOP_WR_M.WR0040"",""retrievedAt"":""2026-09-30T22:08:37.180Z"",""locator"":{""seriesKey"":""TS_GP_BOP_WR_M.WR0040"",""observationDate"":""2022-06-30"",""row"":51,""column"":5,""columns"":{""seriesKey"":2,""date"":4,""value"":5,""unit"":6,""status"":7,""comments"":8}},""rawValue"":""675.5741395""},""uae"":{""artifactId"":""TS_GP_BOP_WR_M.WR0050:e9f7e07077af64a3000a4e1064bfa07c0b714f0978b7b6a09c022311b191dff4:b0852540e72d"",""sourceKey"":""TS_GP_BOP_WR_M.WR0050"",""retrievedAt"":""2026-09-30T22:08:38.170Z"",""locator"":{""seriesKey"":""TS_GP_BOP_WR_M.WR0050"",""observationDate"":""2022-06-30"",""row"":51,""column"":5,""columns"":{""seriesKey"":2,""date"":4,""value"":5,""unit"":6,""status"":7,""comments"":8}},""rawValue"":""499.7276994""},""otherGcc"":{""artifactId"":""TS_GP_BOP_WR_M.WR0100:4080e7d652e64db1faf775bf10dcc9c7cbc18714009fd4209eaaab5e194ece94:8a4ff6653ef2"",""sourceKey"":""TS_GP_BOP_WR_M.WR0100"",""retrievedAt"":""2026-09-30T22:08:36.936Z"",""locator"":{""seriesKey"":""TS_GP_BOP_WR_M.WR0100"",""observationDate"":""2022-06-30"",""row"":51,""column"":5,""columns"":{""seriesKey"":2,""date"":4,""value"":5,""unit"":6,""status"":7,""comments"":8}},""rawValue"":""326.6716078""},""eu"":{""artifactId"":""TS_GP_BOP_WR_M.WR0150:7ddc2e9ecd25bf191717360ce0b2fb2948500282b9f5264d8397c200b762263a:6a93cf6c3219"",""sourceKey"":""TS_GP_BOP_WR_M.WR0150"",""retrievedAt"":""2026-09-30T22:08:37.080Z"",""locator"":{""seriesKey"":""TS_GP_BOP_WR_M.WR0150"",""observationDate"":""2022-06-30"",""row"":51,""column"":5,""columns"":{""seriesKey"":2,""date"":4,""value"":5,""unit"":6,""status"":7,""comments"":8}},""rawValue"":""285.5617689""}}","{""total"":{""observationDate"":""2022-06-30"",""status"":""not-stated"",""sourceStatus"":""Normal"",""comments"":"""",""unit"":""Million USD"",""missingReason"":null},""usa"":{""observationDate"":""2022-06-30"",""status"":""not-stated"",""sourceStatus"":""Normal"",""comments"":"""",""unit"":""Million USD"",""missingReason"":null},""uk"":{""observationDate"":""2022-06-30"",""status"":""not-stated"",""sourceStatus"":""Normal"",""comments"":"""",""unit"":""Million USD"",""missingReason"":null},""saudiArabia"":{""observationDate"":""2022-06-30"",""status"":""not-stated"",""sourceStatus"":""Normal"",""comments"":"""",""unit"":""Million USD"",""missingReason"":null},""uae"":{""observationDate"":""2022-06-30"",""status"":""not-stated"",""sourceStatus"":""Normal"",""comments"":"""",""unit"":""Million USD"",""missingReason"":null},""otherGcc"":{""observationDate"":""2022-06-30"",""status"":""not-stated"",""sourceStatus"":""Normal"",""comments"":"""",""unit"":""Million USD"",""missingReason"":null},""eu"":{""observationDate"":""2022-06-30"",""status"":""not-stated"",""sourceStatus"":""Normal"",""comments"":"""",""unit"":""Million USD"",""missingReason"":null}}"
2022-07,2594.295739,600.5614718,458.1874229,412.1457462,269.9052432,282.0875926,298.2280589,"{""total"":{""artifactId"":""TS_GP_BOP_WR_M.WR0010:beff53d74ac04b0f76a7669282f3036df37342e97a32ac615a4f716961de04b1:2c11aac59663"",""sourceKey"":""TS_GP_BOP_WR_M.WR0010"",""retrievedAt"":""2026-09-30T22:08:37.395Z"",""locator"":{""seriesKey"":""TS_GP_BOP_WR_M.WR0010"",""observationDate"":""2022-07-31"",""row"":50,""column"":5,""columns"":{""seriesKey"":2,""date"":4,""value"":5,""unit"":6,""status"":7,""comments"":8}},""rawValue"":""2594.295739""},""usa"":{""artifactId"":""TS_GP_BOP_WR_M.WR0020:a18d140751c825853ed0590e3475b36d8eba5c5d12ffe197a243645ced0f41ee:52d183468b82"",""sourceKey"":""TS_GP_BOP_WR_M.WR0020"",""retrievedAt"":""2026-09-30T22:08:37.284Z"",""locator"":{""seriesKey"":""TS_GP_BOP_WR_M.WR0020"",""observationDate"":""2022-07-31"",""row"":50,""column"":5,""columns"":{""seriesKey"":2,""date"":4,""value"":5,""unit"":6,""status"":7,""comments"":8}},""rawValue"":""269.9052432""},""uk"":{""artifactId"":""TS_GP_BOP_WR_M.WR0030:2980f682a83de35b64d5f9e870057b6b53234cc9184555d6814ab08f5b9716cd:16a760526d5b"",""sourceKey"":""TS_GP_BOP_WR_M.WR0030"",""retrievedAt"":""2026-09-30T22:08:38.374Z"",""locator"":{""seriesKey"":""TS_GP_BOP_WR_M.WR0030"",""observationDate"":""2022-07-31"",""row"":50,""column"":5,""columns"":{""seriesKey"":2,""date"":4,""value"":5,""unit"":6,""status"":7,""comments"":8}},""rawValue"":""412.1457462""},""saudiArabia"":{""artifactId"":""TS_GP_BOP_WR_M.WR0040:7fd29b7dd6648ad26354877eb8c73478ca5af5a4f4d1dc206c809a474a2b63cb:7b261bf12ed4"",""sourceKey"":""TS_GP_BOP_WR_M.WR0040"",""retrievedAt"":""2026-09-30T22:08:37.180Z"",""locator"":{""seriesKey"":""TS_GP_BOP_WR_M.WR0040"",""observationDate"":""2022-07-31"",""row"":50,""column"":5,""columns"":{""seriesKey"":2,""date"":4,""value"":5,""unit"":6,""status"":7,""comments"":8}},""rawValue"":""600.5614718""},""uae"":{""artifactId"":""TS_GP_BOP_WR_M.WR0050:e9f7e07077af64a3000a4e1064bfa07c0b714f0978b7b6a09c022311b191dff4:b0852540e72d"",""sourceKey"":""TS_GP_BOP_WR_M.WR0050"",""retrievedAt"":""2026-09-30T22:08:38.170Z"",""locator"":{""seriesKey"":""TS_GP_BOP_WR_M.WR0050"",""observationDate"":""2022-07-31"",""row"":50,""column"":5,""columns"":{""seriesKey"":2,""date"":4,""value"":5,""unit"":6,""status"":7,""comments"":8}},""rawValue"":""458.1874229""},""otherGcc"":{""artifactId"":""TS_GP_BOP_WR_M.WR0100:4080e7d652e64db1faf775bf10dcc9c7cbc18714009fd4209eaaab5e194ece94:8a4ff6653ef2"",""sourceKey"":""TS_GP_BOP_WR_M.WR0100"",""retrievedAt"":""2026-09-30T22:08:36.936Z"",""locator"":{""seriesKey"":""TS_GP_BOP_WR_M.WR0100"",""observationDate"":""2022-07-31"",""row"":50,""column"":5,""columns"":{""seriesKey"":2,""date"":4,""value"":5,""unit"":6,""status"":7,""comments"":8}},""rawValue"":""282.0875926""},""eu"":{""artifactId"":""TS_GP_BOP_WR_M.WR0150:7ddc2e9ecd25bf191717360ce0b2fb2948500282b9f5264d8397c200b762263a:6a93cf6c3219"",""sourceKey"":""TS_GP_BOP_WR_M.WR0150"",""retrievedAt"":""2026-09-30T22:08:37.080Z"",""locator"":{""seriesKey"":""TS_GP_BOP_WR_M.WR0150"",""observationDate"":""2022-07-31"",""row"":50,""column"":5,""columns"":{""seriesKey"":2,""date"":4,""value"":5,""unit"":6,""status"":7,""comments"":8}},""rawValue"":""298.2280589""}}","{""total"":{""observationDate"":""2022-07-31"",""status"":""not-stated"",""sourceStatus"":""Normal"",""comments"":"""",""unit"":""Million USD"",""missingReason"":null},""usa"":{""observationDate"":""2022-07-31"",""status"":""not-stated"",""sourceStatus"":""Normal"",""comments"":"""",""unit"":""Million USD"",""missingReason"":null},""uk"":{""observationDate"":""2022-07-31"",""status"":""not-stated"",""sourceStatus"":""Normal"",""comments"":"""",""unit"":""Million USD"",""missingReason"":null},""saudiArabia"":{""observationDate"":""2022-07-31"",""status"":""not-stated"",""sourceStatus"":""Normal"",""comments"":"""",""unit"":""Million USD"",""missingReason"":null},""uae"":{""observationDate"":""2022-07-31"",""status"":""not-stated"",""sourceStatus"":""Normal"",""comments"":"""",""unit"":""Million USD"",""missingReason"":null},""otherGcc"":{""observationDate"":""2022-07-31"",""status"":""not-stated"",""sourceStatus"":""Normal"",""comments"":"""",""unit"":""Million USD"",""missingReason"":null},""eu"":{""observationDate"":""2022-07-31"",""status"":""not-stated"",""sourceStatus"":""Normal"",""comments"":"""",""unit"":""Million USD"",""missingReason"":null}}"
2022-08,2815.673902,713.0721279,541.5079781,371.4146306,317.0711492,302.9445212,279.8682278,"{""total"":{""artifactId"":""TS_GP_BOP_WR_M.WR0010:beff53d74ac04b0f76a7669282f3036df37342e97a32ac615a4f716961de04b1:2c11aac59663"",""sourceKey"":""TS_GP_BOP_WR_M.WR0010"",""retrievedAt"":""2026-09-30T22:08:37.395Z"",""locator"":{""seriesKey"":""TS_GP_BOP_WR_M.WR0010"",""observationDate"":""2022-08-31"",""row"":49,""column"":5,""columns"":{""seriesKey"":2,""date"":4,""value"":5,""unit"":6,""status"":7,""comments"":8}},""rawValue"":""2815.673902""},""usa"":{""artifactId"":""TS_GP_BOP_WR_M.WR0020:a18d140751c825853ed0590e3475b36d8eba5c5d12ffe197a243645ced0f41ee:52d183468b82"",""sourceKey"":""TS_GP_BOP_WR_M.WR0020"",""retrievedAt"":""2026-09-30T22:08:37.284Z"",""locator"":{""seriesKey"":""TS_GP_BOP_WR_M.WR0020"",""observationDate"":""2022-08-31"",""row"":49,""column"":5,""columns"":{""seriesKey"":2,""date"":4,""value"":5,""unit"":6,""status"":7,""comments"":8}},""rawValue"":""317.0711492""},""uk"":{""artifactId"":""TS_GP_BOP_WR_M.WR0030:2980f682a83de35b64d5f9e870057b6b53234cc9184555d6814ab08f5b9716cd:16a760526d5b"",""sourceKey"":""TS_GP_BOP_WR_M.WR0030"",""retrievedAt"":""2026-09-30T22:08:38.374Z"",""locator"":{""seriesKey"":""TS_GP_BOP_WR_M.WR0030"",""observationDate"":""2022-08-31"",""row"":49,""column"":5,""columns"":{""seriesKey"":2,""date"":4,""value"":5,""unit"":6,""status"":7,""comments"":8}},""rawValue"":""371.4146306""},""saudiArabia"":{""artifactId"":""TS_GP_BOP_WR_M.WR0040:7fd29b7dd6648ad26354877eb8c73478ca5af5a4f4d1dc206c809a474a2b63cb:7b261bf12ed4"",""sourceKey"":""TS_GP_BOP_WR_M.WR0040"",""retrievedAt"":""2026-09-30T22:08:37.180Z"",""locator"":{""seriesKey"":""TS_GP_BOP_WR_M.WR0040"",""observationDate"":""2022-08-31"",""row"":49,""column"":5,""columns"":{""seriesKey"":2,""date"":4,""value"":5,""unit"":6,""status"":7,""comments"":8}},""rawValue"":""713.0721279""},""uae"":{""artifactId"":""TS_GP_BOP_WR_M.WR0050:e9f7e07077af64a3000a4e1064bfa07c0b714f0978b7b6a09c022311b191dff4:b0852540e72d"",""sourceKey"":""TS_GP_BOP_WR_M.WR0050"",""retrievedAt"":""2026-09-30T22:08:38.170Z"",""locator"":{""seriesKey"":""TS_GP_BOP_WR_M.WR0050"",""observationDate"":""2022-08-31"",""row"":49,""column"":5,""columns"":{""seriesKey"":2,""date"":4,""value"":5,""unit"":6,""status"":7,""comments"":8}},""rawValue"":""541.5079781""},""otherGcc"":{""artifactId"":""TS_GP_BOP_WR_M.WR0100:4080e7d652e64db1faf775bf10dcc9c7cbc18714009fd4209eaaab5e194ece94:8a4ff6653ef2"",""sourceKey"":""TS_GP_BOP_WR_M.WR0100"",""retrievedAt"":""2026-09-30T22:08:36.936Z"",""locator"":{""seriesKey"":""TS_GP_BOP_WR_M.WR0100"",""observationDate"":""2022-08-31"",""row"":49,""column"":5,""columns"":{""seriesKey"":2,""date"":4,""value"":5,""unit"":6,""status"":7,""comments"":8}},""rawValue"":""302.9445212""},""eu"":{""artifactId"":""TS_GP_BOP_WR_M.WR0150:7ddc2e9ecd25bf191717360ce0b2fb2948500282b9f5264d8397c200b762263a:6a93cf6c3219"",""sourceKey"":""TS_GP_BOP_WR_M.WR0150"",""retrievedAt"":""2026-09-30T22:08:37.080Z"",""locator"":{""seriesKey"":""TS_GP_BOP_WR_M.WR0150"",""observationDate"":""2022-08-31"",""row"":49,""column"":5,""columns"":{""seriesKey"":2,""date"":4,""value"":5,""unit"":6,""status"":7,""comments"":8}},""rawValue"":""279.8682278""}}","{""total"":{""observationDate"":""2022-08-31"",""status"":""not-stated"",""sourceStatus"":""Normal"",""comments"":"""",""unit"":""Million USD"",""missingReason"":null},""usa"":{""observationDate"":""2022-08-31"",""status"":""not-stated"",""sourceStatus"":""Normal"",""comments"":"""",""unit"":""Million USD"",""missingReason"":null},""uk"":{""observationDate"":""2022-08-31"",""status"":""not-stated"",""sourceStatus"":""Normal"",""comments"":"""",""unit"":""Million USD"",""missingReason"":null},""saudiArabia"":{""observationDate"":""2022-08-31"",""status"":""not-stated"",""sourceStatus"":""Normal"",""comments"":"""",""unit"":""Million USD"",""missingReason"":null},""uae"":{""observationDate"":""2022-08-31"",""status"":""not-stated"",""sourceStatus"":""Normal"",""comments"":"""",""unit"":""Million USD"",""missingReason"":null},""otherGcc"":{""observationDate"":""2022-08-31"",""status"":""not-stated"",""sourceStatus"":""Normal"",""comments"":"""",""unit"":""Million USD"",""missingReason"":null},""eu"":{""observationDate"":""2022-08-31"",""status"":""not-stated"",""sourceStatus"":""Normal"",""comments"":"""",""unit"":""Million USD"",""missingReason"":null}}"
2022-09,2487.225612,632.7087575,474.7998187,308.3582354,281.4683967,296.7388973,259.4870454,"{""total"":{""artifactId"":""TS_GP_BOP_WR_M.WR0010:beff53d74ac04b0f76a7669282f3036df37342e97a32ac615a4f716961de04b1:2c11aac59663"",""sourceKey"":""TS_GP_BOP_WR_M.WR0010"",""retrievedAt"":""2026-09-30T22:08:37.395Z"",""locator"":{""seriesKey"":""TS_GP_BOP_WR_M.WR0010"",""observationDate"":""2022-09-30"",""row"":48,""column"":5,""columns"":{""seriesKey"":2,""date"":4,""value"":5,""unit"":6,""status"":7,""comments"":8}},""rawValue"":""2487.225612""},""usa"":{""artifactId"":""TS_GP_BOP_WR_M.WR0020:a18d140751c825853ed0590e3475b36d8eba5c5d12ffe197a243645ced0f41ee:52d183468b82"",""sourceKey"":""TS_GP_BOP_WR_M.WR0020"",""retrievedAt"":""2026-09-30T22:08:37.284Z"",""locator"":{""seriesKey"":""TS_GP_BOP_WR_M.WR0020"",""observationDate"":""2022-09-30"",""row"":48,""column"":5,""columns"":{""seriesKey"":2,""date"":4,""value"":5,""unit"":6,""status"":7,""comments"":8}},""rawValue"":""281.4683967""},""uk"":{""artifactId"":""TS_GP_BOP_WR_M.WR0030:2980f682a83de35b64d5f9e870057b6b53234cc9184555d6814ab08f5b9716cd:16a760526d5b"",""sourceKey"":""TS_GP_BOP_WR_M.WR0030"",""retrievedAt"":""2026-09-30T22:08:38.374Z"",""locator"":{""seriesKey"":""TS_GP_BOP_WR_M.WR0030"",""observationDate"":""2022-09-30"",""row"":48,""column"":5,""columns"":{""seriesKey"":2,""date"":4,""value"":5,""unit"":6,""status"":7,""comments"":8}},""rawValue"":""308.3582354""},""saudiArabia"":{""artifactId"":""TS_GP_BOP_WR_M.WR0040:7fd29b7dd6648ad26354877eb8c73478ca5af5a4f4d1dc206c809a474a2b63cb:7b261bf12ed4"",""sourceKey"":""TS_GP_BOP_WR_M.WR0040"",""retrievedAt"":""2026-09-30T22:08:37.180Z"",""locator"":{""seriesKey"":""TS_GP_BOP_WR_M.WR0040"",""observationDate"":""2022-09-30"",""row"":48,""column"":5,""columns"":{""seriesKey"":2,""date"":4,""value"":5,""unit"":6,""status"":7,""comments"":8}},""rawValue"":""632.7087575""},""uae"":{""artifactId"":""TS_GP_BOP_WR_M.WR0050:e9f7e07077af64a3000a4e1064bfa07c0b714f0978b7b6a09c022311b191dff4:b0852540e72d"",""sourceKey"":""TS_GP_BOP_WR_M.WR0050"",""retrievedAt"":""2026-09-30T22:08:38.170Z"",""locator"":{""seriesKey"":""TS_GP_BOP_WR_M.WR0050"",""observationDate"":""2022-09-30"",""row"":48,""column"":5,""columns"":{""seriesKey"":2,""date"":4,""value"":5,""unit"":6,""status"":7,""comments"":8}},""rawValue"":""474.7998187""},""otherGcc"":{""artifactId"":""TS_GP_BOP_WR_M.WR0100:4080e7d652e64db1faf775bf10dcc9c7cbc18714009fd4209eaaab5e194ece94:8a4ff6653ef2"",""sourceKey"":""TS_GP_BOP_WR_M.WR0100"",""retrievedAt"":""2026-09-30T22:08:36.936Z"",""locator"":{""seriesKey"":""TS_GP_BOP_WR_M.WR0100"",""observationDate"":""2022-09-30"",""row"":48,""column"":5,""columns"":{""seriesKey"":2,""date"":4,""value"":5,""unit"":6,""status"":7,""comments"":8}},""rawValue"":""296.7388973""},""eu"":{""artifactId"":""TS_GP_BOP_WR_M.WR0150:7ddc2e9ecd25bf191717360ce0b2fb2948500282b9f5264d8397c200b762263a:6a93cf6c3219"",""sourceKey"":""TS_GP_BOP_WR_M.WR0150"",""retrievedAt"":""2026-09-30T22:08:37.080Z"",""locator"":{""seriesKey"":""TS_GP_BOP_WR_M.WR0150"",""observationDate"":""2022-09-30"",""row"":48,""column"":5,""columns"":{""seriesKey"":2,""date"":4,""value"":5,""unit"":6,""status"":7,""comments"":8}},""rawValue"":""259.4870454""}}","{""total"":{""observationDate"":""2022-09-30"",""status"":""not-stated"",""sourceStatus"":""Normal"",""comments"":"""",""unit"":""Million USD"",""missingReason"":null},""usa"":{""observationDate"":""2022-09-30"",""status"":""not-stated"",""sourceStatus"":""Normal"",""comments"":"""",""unit"":""Million USD"",""missingReason"":null},""uk"":{""observationDate"":""2022-09-30"",""status"":""not-stated"",""sourceStatus"":""Normal"",""comments"":"""",""unit"":""Million USD"",""missingReason"":null},""saudiArabia"":{""observationDate"":""2022-09-30"",""status"":""not-stated"",""sourceStatus"":""Normal"",""comments"":"""",""unit"":""Million USD"",""missingReason"":null},""uae"":{""observationDate"":""2022-09-30"",""status"":""not-stated"",""sourceStatus"":""Normal"",""comments"":"""",""unit"":""Million USD"",""missingReason"":null},""otherGcc"":{""observationDate"":""2022-09-30"",""status"":""not-stated"",""sourceStatus"":""Normal"",""comments"":"""",""unit"":""Million USD"",""missingReason"":null},""eu"":{""observationDate"":""2022-09-30"",""status"":""not-stated"",""sourceStatus"":""Normal"",""comments"":"""",""unit"":""Million USD"",""missingReason"":null}}"
2022-10,2247.62424,582.484991,426.0974232,280.7112817,261.6884195,259.4475027,232.2586457,"{""total"":{""artifactId"":""TS_GP_BOP_WR_M.WR0010:beff53d74ac04b0f76a7669282f3036df37342e97a32ac615a4f716961de04b1:2c11aac59663"",""sourceKey"":""TS_GP_BOP_WR_M.WR0010"",""retrievedAt"":""2026-09-30T22:08:37.395Z"",""locator"":{""seriesKey"":""TS_GP_BOP_WR_M.WR0010"",""observationDate"":""2022-10-31"",""row"":47,""column"":5,""columns"":{""seriesKey"":2,""date"":4,""value"":5,""unit"":6,""status"":7,""comments"":8}},""rawValue"":""2247.62424""},""usa"":{""artifactId"":""TS_GP_BOP_WR_M.WR0020:a18d140751c825853ed0590e3475b36d8eba5c5d12ffe197a243645ced0f41ee:52d183468b82"",""sourceKey"":""TS_GP_BOP_WR_M.WR0020"",""retrievedAt"":""2026-09-30T22:08:37.284Z"",""locator"":{""seriesKey"":""TS_GP_BOP_WR_M.WR0020"",""observationDate"":""2022-10-31"",""row"":47,""column"":5,""columns"":{""seriesKey"":2,""date"":4,""value"":5,""unit"":6,""status"":7,""comments"":8}},""rawValue"":""261.6884195""},""uk"":{""artifactId"":""TS_GP_BOP_WR_M.WR0030:2980f682a83de35b64d5f9e870057b6b53234cc9184555d6814ab08f5b9716cd:16a760526d5b"",""sourceKey"":""TS_GP_BOP_WR_M.WR0030"",""retrievedAt"":""2026-09-30T22:08:38.374Z"",""locator"":{""seriesKey"":""TS_GP_BOP_WR_M.WR0030"",""observationDate"":""2022-10-31"",""row"":47,""column"":5,""columns"":{""seriesKey"":2,""date"":4,""value"":5,""unit"":6,""status"":7,""comments"":8}},""rawValue"":""280.7112817""},""saudiArabia"":{""artifactId"":""TS_GP_BOP_WR_M.WR0040:7fd29b7dd6648ad26354877eb8c73478ca5af5a4f4d1dc206c809a474a2b63cb:7b261bf12ed4"",""sourceKey"":""TS_GP_BOP_WR_M.WR0040"",""retrievedAt"":""2026-09-30T22:08:37.180Z"",""locator"":{""seriesKey"":""TS_GP_BOP_WR_M.WR0040"",""observationDate"":""2022-10-31"",""row"":47,""column"":5,""columns"":{""seriesKey"":2,""date"":4,""value"":5,""unit"":6,""status"":7,""comments"":8}},""rawValue"":""582.484991""},""uae"":{""artifactId"":""TS_GP_BOP_WR_M.WR0050:e9f7e07077af64a3000a4e1064bfa07c0b714f0978b7b6a09c022311b191dff4:b0852540e72d"",""sourceKey"":""TS_GP_BOP_WR_M.WR0050"",""retrievedAt"":""2026-09-30T22:08:38.170Z"",""locator"":{""seriesKey"":""TS_GP_BOP_WR_M.WR0050"",""observationDate"":""2022-10-31"",""row"":47,""column"":5,""columns"":{""seriesKey"":2,""date"":4,""value"":5,""unit"":6,""status"":7,""comments"":8}},""rawValue"":""426.0974232""},""otherGcc"":{""artifactId"":""TS_GP_BOP_WR_M.WR0100:4080e7d652e64db1faf775bf10dcc9c7cbc18714009fd4209eaaab5e194ece94:8a4ff6653ef2"",""sourceKey"":""TS_GP_BOP_WR_M.WR0100"",""retrievedAt"":""2026-09-30T22:08:36.936Z"",""locator"":{""seriesKey"":""TS_GP_BOP_WR_M.WR0100"",""observationDate"":""2022-10-31"",""row"":47,""column"":5,""columns"":{""seriesKey"":2,""date"":4,""value"":5,""unit"":6,""status"":7,""comments"":8}},""rawValue"":""259.4475027""},""eu"":{""artifactId"":""TS_GP_BOP_WR_M.WR0150:7ddc2e9ecd25bf191717360ce0b2fb2948500282b9f5264d8397c200b762263a:6a93cf6c3219"",""sourceKey"":""TS_GP_BOP_WR_M.WR0150"",""retrievedAt"":""2026-09-30T22:08:37.080Z"",""locator"":{""seriesKey"":""TS_GP_BOP_WR_M.WR0150"",""observationDate"":""2022-10-31"",""row"":47,""column"":5,""columns"":{""seriesKey"":2,""date"":4,""value"":5,""unit"":6,""status"":7,""comments"":8}},""rawValue"":""232.2586457""}}","{""total"":{""observationDate"":""2022-10-31"",""status"":""not-stated"",""sourceStatus"":""Normal"",""comments"":"""",""unit"":""Million USD"",""missingReason"":null},""usa"":{""observationDate"":""2022-10-31"",""status"":""not-stated"",""sourceStatus"":""Normal"",""comments"":"""",""unit"":""Million USD"",""missingReason"":null},""uk"":{""observationDate"":""2022-10-31"",""status"":""not-stated"",""sourceStatus"":""Normal"",""comments"":"""",""unit"":""Million USD"",""missingReason"":null},""saudiArabia"":{""observationDate"":""2022-10-31"",""status"":""not-stated"",""sourceStatus"":""Normal"",""comments"":"""",""unit"":""Million USD"",""missingReason"":null},""uae"":{""observationDate"":""2022-10-31"",""status"":""not-stated"",""sourceStatus"":""Normal"",""comments"":"""",""unit"":""Million USD"",""missingReason"":null},""otherGcc"":{""observationDate"":""2022-10-31"",""status"":""not-stated"",""sourceStatus"":""Normal"",""comments"":"""",""unit"":""Million USD"",""missingReason"":null},""eu"":{""observationDate"":""2022-10-31"",""status"":""not-stated"",""sourceStatus"":""Normal"",""comments"":"""",""unit"":""Million USD"",""missingReason"":null}}"
2022-11,2173.036496,511.9687648,380.3551316,306.8030039,242.8389474,259.4017737,252.874433,"{""total"":{""artifactId"":""TS_GP_BOP_WR_M.WR0010:beff53d74ac04b0f76a7669282f3036df37342e97a32ac615a4f716961de04b1:2c11aac59663"",""sourceKey"":""TS_GP_BOP_WR_M.WR0010"",""retrievedAt"":""2026-09-30T22:08:37.395Z"",""locator"":{""seriesKey"":""TS_GP_BOP_WR_M.WR0010"",""observationDate"":""2022-11-30"",""row"":46,""column"":5,""columns"":{""seriesKey"":2,""date"":4,""value"":5,""unit"":6,""status"":7,""comments"":8}},""rawValue"":""2173.036496""},""usa"":{""artifactId"":""TS_GP_BOP_WR_M.WR0020:a18d140751c825853ed0590e3475b36d8eba5c5d12ffe197a243645ced0f41ee:52d183468b82"",""sourceKey"":""TS_GP_BOP_WR_M.WR0020"",""retrievedAt"":""2026-09-30T22:08:37.284Z"",""locator"":{""seriesKey"":""TS_GP_BOP_WR_M.WR0020"",""observationDate"":""2022-11-30"",""row"":46,""column"":5,""columns"":{""seriesKey"":2,""date"":4,""value"":5,""unit"":6,""status"":7,""comments"":8}},""rawValue"":""242.8389474""},""uk"":{""artifactId"":""TS_GP_BOP_WR_M.WR0030:2980f682a83de35b64d5f9e870057b6b53234cc9184555d6814ab08f5b9716cd:16a760526d5b"",""sourceKey"":""TS_GP_BOP_WR_M.WR0030"",""retrievedAt"":""2026-09-30T22:08:38.374Z"",""locator"":{""seriesKey"":""TS_GP_BOP_WR_M.WR0030"",""observationDate"":""2022-11-30"",""row"":46,""column"":5,""columns"":{""seriesKey"":2,""date"":4,""value"":5,""unit"":6,""status"":7,""comments"":8}},""rawValue"":""306.8030039""},""saudiArabia"":{""artifactId"":""TS_GP_BOP_WR_M.WR0040:7fd29b7dd6648ad26354877eb8c73478ca5af5a4f4d1dc206c809a474a2b63cb:7b261bf12ed4"",""sourceKey"":""TS_GP_BOP_WR_M.WR0040"",""retrievedAt"":""2026-09-30T22:08:37.180Z"",""locator"":{""seriesKey"":""TS_GP_BOP_WR_M.WR0040"",""observationDate"":""2022-11-30"",""row"":46,""column"":5,""columns"":{""seriesKey"":2,""date"":4,""value"":5,""unit"":6,""status"":7,""comments"":8}},""rawValue"":""511.9687648""},""uae"":{""artifactId"":""TS_GP_BOP_WR_M.WR0050:e9f7e07077af64a3000a4e1064bfa07c0b714f0978b7b6a09c022311b191dff4:b0852540e72d"",""sourceKey"":""TS_GP_BOP_WR_M.WR0050"",""retrievedAt"":""2026-09-30T22:08:38.170Z"",""locator"":{""seriesKey"":""TS_GP_BOP_WR_M.WR0050"",""observationDate"":""2022-11-30"",""row"":46,""column"":5,""columns"":{""seriesKey"":2,""date"":4,""value"":5,""unit"":6,""status"":7,""comments"":8}},""rawValue"":""380.3551316""},""otherGcc"":{""artifactId"":""TS_GP_BOP_WR_M.WR0100:4080e7d652e64db1faf775bf10dcc9c7cbc18714009fd4209eaaab5e194ece94:8a4ff6653ef2"",""sourceKey"":""TS_GP_BOP_WR_M.WR0100"",""retrievedAt"":""2026-09-30T22:08:36.936Z"",""locator"":{""seriesKey"":""TS_GP_BOP_WR_M.WR0100"",""observationDate"":""2022-11-30"",""row"":46,""column"":5,""columns"":{""seriesKey"":2,""date"":4,""value"":5,""unit"":6,""status"":7,""comments"":8}},""rawValue"":""259.4017737""},""eu"":{""artifactId"":""TS_GP_BOP_WR_M.WR0150:7ddc2e9ecd25bf191717360ce0b2fb2948500282b9f5264d8397c200b762263a:6a93cf6c3219"",""sourceKey"":""TS_GP_BOP_WR_M.WR0150"",""retrievedAt"":""2026-09-30T22:08:37.080Z"",""locator"":{""seriesKey"":""TS_GP_BOP_WR_M.WR0150"",""observationDate"":""2022-11-30"",""row"":46,""column"":5,""columns"":{""seriesKey"":2,""date"":4,""value"":5,""unit"":6,""status"":7,""comments"":8}},""rawValue"":""252.874433""}}","{""total"":{""observationDate"":""2022-11-30"",""status"":""not-stated"",""sourceStatus"":""Normal"",""comments"":"""",""unit"":""Million USD"",""missingReason"":null},""usa"":{""observationDate"":""2022-11-30"",""status"":""not-stated"",""sourceStatus"":""Normal"",""comments"":"""",""unit"":""Million USD"",""missingReason"":null},""uk"":{""observationDate"":""2022-11-30"",""status"":""not-stated"",""sourceStatus"":""Normal"",""comments"":"""",""unit"":""Million USD"",""missingReason"":null},""saudiArabia"":{""observationDate"":""2022-11-30"",""status"":""not-stated"",""sourceStatus"":""Normal"",""comments"":"""",""unit"":""Million USD"",""missingReason"":null},""uae"":{""observationDate"":""2022-11-30"",""status"":""not-stated"",""sourceStatus"":""Normal"",""comments"":"""",""unit"":""Million USD"",""missingReason"":null},""otherGcc"":{""observationDate"":""2022-11-30"",""status"":""not-stated"",""sourceStatus"":""Normal"",""comments"":"""",""unit"":""Million USD"",""missingReason"":null},""eu"":{""observationDate"":""2022-11-30"",""status"":""not-stated"",""sourceStatus"":""Normal"",""comments"":"""",""unit"":""Million USD"",""missingReason"":null}}"
2022-12,2099.787498,529.9300613,331.0451498,320.6401854,243.2054116,240.2488746,239.6535176,"{""total"":{""artifactId"":""TS_GP_BOP_WR_M.WR0010:beff53d74ac04b0f76a7669282f3036df37342e97a32ac615a4f716961de04b1:2c11aac59663"",""sourceKey"":""TS_GP_BOP_WR_M.WR0010"",""retrievedAt"":""2026-09-30T22:08:37.395Z"",""locator"":{""seriesKey"":""TS_GP_BOP_WR_M.WR0010"",""observationDate"":""2022-12-31"",""row"":45,""column"":5,""columns"":{""seriesKey"":2,""date"":4,""value"":5,""unit"":6,""status"":7,""comments"":8}},""rawValue"":""2099.787498""},""usa"":{""artifactId"":""TS_GP_BOP_WR_M.WR0020:a18d140751c825853ed0590e3475b36d8eba5c5d12ffe197a243645ced0f41ee:52d183468b82"",""sourceKey"":""TS_GP_BOP_WR_M.WR0020"",""retrievedAt"":""2026-09-30T22:08:37.284Z"",""locator"":{""seriesKey"":""TS_GP_BOP_WR_M.WR0020"",""observationDate"":""2022-12-31"",""row"":45,""column"":5,""columns"":{""seriesKey"":2,""date"":4,""value"":5,""unit"":6,""status"":7,""comments"":8}},""rawValue"":""243.2054116""},""uk"":{""artifactId"":""TS_GP_BOP_WR_M.WR0030:2980f682a83de35b64d5f9e870057b6b53234cc9184555d6814ab08f5b9716cd:16a760526d5b"",""sourceKey"":""TS_GP_BOP_WR_M.WR0030"",""retrievedAt"":""2026-09-30T22:08:38.374Z"",""locator"":{""seriesKey"":""TS_GP_BOP_WR_M.WR0030"",""observationDate"":""2022-12-31"",""row"":45,""column"":5,""columns"":{""seriesKey"":2,""date"":4,""value"":5,""unit"":6,""status"":7,""comments"":8}},""rawValue"":""320.6401854""},""saudiArabia"":{""artifactId"":""TS_GP_BOP_WR_M.WR0040:7fd29b7dd6648ad26354877eb8c73478ca5af5a4f4d1dc206c809a474a2b63cb:7b261bf12ed4"",""sourceKey"":""TS_GP_BOP_WR_M.WR0040"",""retrievedAt"":""2026-09-30T22:08:37.180Z"",""locator"":{""seriesKey"":""TS_GP_BOP_WR_M.WR0040"",""observationDate"":""2022-12-31"",""row"":45,""column"":5,""columns"":{""seriesKey"":2,""date"":4,""value"":5,""unit"":6,""status"":7,""comments"":8}},""rawValue"":""529.9300613""},""uae"":{""artifactId"":""TS_GP_BOP_WR_M.WR0050:e9f7e07077af64a3000a4e1064bfa07c0b714f0978b7b6a09c022311b191dff4:b0852540e72d"",""sourceKey"":""TS_GP_BOP_WR_M.WR0050"",""retrievedAt"":""2026-09-30T22:08:38.170Z"",""locator"":{""seriesKey"":""TS_GP_BOP_WR_M.WR0050"",""observationDate"":""2022-12-31"",""row"":45,""column"":5,""columns"":{""seriesKey"":2,""date"":4,""value"":5,""unit"":6,""status"":7,""comments"":8}},""rawValue"":""331.0451498""},""otherGcc"":{""artifactId"":""TS_GP_BOP_WR_M.WR0100:4080e7d652e64db1faf775bf10dcc9c7cbc18714009fd4209eaaab5e194ece94:8a4ff6653ef2"",""sourceKey"":""TS_GP_BOP_WR_M.WR0100"",""retrievedAt"":""2026-09-30T22:08:36.936Z"",""locator"":{""seriesKey"":""TS_GP_BOP_WR_M.WR0100"",""observationDate"":""2022-12-31"",""row"":45,""column"":5,""columns"":{""seriesKey"":2,""date"":4,""value"":5,""unit"":6,""status"":7,""comments"":8}},""rawValue"":""240.2488746""},""eu"":{""artifactId"":""TS_GP_BOP_WR_M.WR0150:7ddc2e9ecd25bf191717360ce0b2fb2948500282b9f5264d8397c200b762263a:6a93cf6c3219"",""sourceKey"":""TS_GP_BOP_WR_M.WR0150"",""retrievedAt"":""2026-09-30T22:08:37.080Z"",""locator"":{""seriesKey"":""TS_GP_BOP_WR_M.WR0150"",""observationDate"":""2022-12-31"",""row"":45,""column"":5,""columns"":{""seriesKey"":2,""date"":4,""value"":5,""unit"":6,""status"":7,""comments"":8}},""rawValue"":""239.6535176""}}","{""total"":{""observationDate"":""2022-12-31"",""status"":""not-stated"",""sourceStatus"":""Normal"",""comments"":"""",""unit"":""Million USD"",""missingReason"":null},""usa"":{""observationDate"":""2022-12-31"",""status"":""not-stated"",""sourceStatus"":""Normal"",""comments"":"""",""unit"":""Million USD"",""missingReason"":null},""uk"":{""observationDate"":""2022-12-31"",""status"":""not-stated"",""sourceStatus"":""Normal"",""comments"":"""",""unit"":""Million USD"",""missingReason"":null},""saudiArabia"":{""observationDate"":""2022-12-31"",""status"":""not-stated"",""sourceStatus"":""Normal"",""comments"":"""",""unit"":""Million USD"",""missingReason"":null},""uae"":{""observationDate"":""2022-12-31"",""status"":""not-stated"",""sourceStatus"":""Normal"",""comments"":"""",""unit"":""Million USD"",""missingReason"":null},""otherGcc"":{""observationDate"":""2022-12-31"",""status"":""not-stated"",""sourceStatus"":""Normal"",""comments"":"""",""unit"":""Million USD"",""missingReason"":null},""eu"":{""observationDate"":""2022-12-31"",""status"":""not-stated"",""sourceStatus"":""Normal"",""comments"":"""",""unit"":""Million USD"",""missingReason"":null}}"
2023-01,1900.087935,409.4191422,269.5268005,331.3016002,214.4192081,243.9754448,242.4944141,"{""total"":{""artifactId"":""TS_GP_BOP_WR_M.WR0010:beff53d74ac04b0f76a7669282f3036df37342e97a32ac615a4f716961de04b1:2c11aac59663"",""sourceKey"":""TS_GP_BOP_WR_M.WR0010"",""retrievedAt"":""2026-09-30T22:08:37.395Z"",""locator"":{""seriesKey"":""TS_GP_BOP_WR_M.WR0010"",""observationDate"":""2023-01-31"",""row"":44,""column"":5,""columns"":{""seriesKey"":2,""date"":4,""value"":5,""unit"":6,""status"":7,""comments"":8}},""rawValue"":""1900.087935""},""usa"":{""artifactId"":""TS_GP_BOP_WR_M.WR0020:a18d140751c825853ed0590e3475b36d8eba5c5d12ffe197a243645ced0f41ee:52d183468b82"",""sourceKey"":""TS_GP_BOP_WR_M.WR0020"",""retrievedAt"":""2026-09-30T22:08:37.284Z"",""locator"":{""seriesKey"":""TS_GP_BOP_WR_M.WR0020"",""observationDate"":""2023-01-31"",""row"":44,""column"":5,""columns"":{""seriesKey"":2,""date"":4,""value"":5,""unit"":6,""status"":7,""comments"":8}},""rawValue"":""214.4192081""},""uk"":{""artifactId"":""TS_GP_BOP_WR_M.WR0030:2980f682a83de35b64d5f9e870057b6b53234cc9184555d6814ab08f5b9716cd:16a760526d5b"",""sourceKey"":""TS_GP_BOP_WR_M.WR0030"",""retrievedAt"":""2026-09-30T22:08:38.374Z"",""locator"":{""seriesKey"":""TS_GP_BOP_WR_M.WR0030"",""observationDate"":""2023-01-31"",""row"":44,""column"":5,""columns"":{""seriesKey"":2,""date"":4,""value"":5,""unit"":6,""status"":7,""comments"":8}},""rawValue"":""331.3016002""},""saudiArabia"":{""artifactId"":""TS_GP_BOP_WR_M.WR0040:7fd29b7dd6648ad26354877eb8c73478ca5af5a4f4d1dc206c809a474a2b63cb:7b261bf12ed4"",""sourceKey"":""TS_GP_BOP_WR_M.WR0040"",""retrievedAt"":""2026-09-30T22:08:37.180Z"",""locator"":{""seriesKey"":""TS_GP_BOP_WR_M.WR0040"",""observationDate"":""2023-01-31"",""row"":44,""column"":5,""columns"":{""seriesKey"":2,""date"":4,""value"":5,""unit"":6,""status"":7,""comments"":8}},""rawValue"":""409.4191422""},""uae"":{""artifactId"":""TS_GP_BOP_WR_M.WR0050:e9f7e07077af64a3000a4e1064bfa07c0b714f0978b7b6a09c022311b191dff4:b0852540e72d"",""sourceKey"":""TS_GP_BOP_WR_M.WR0050"",""retrievedAt"":""2026-09-30T22:08:38.170Z"",""locator"":{""seriesKey"":""TS_GP_BOP_WR_M.WR0050"",""observationDate"":""2023-01-31"",""row"":44,""column"":5,""columns"":{""seriesKey"":2,""date"":4,""value"":5,""unit"":6,""status"":7,""comments"":8}},""rawValue"":""269.5268005""},""otherGcc"":{""artifactId"":""TS_GP_BOP_WR_M.WR0100:4080e7d652e64db1faf775bf10dcc9c7cbc18714009fd4209eaaab5e194ece94:8a4ff6653ef2"",""sourceKey"":""TS_GP_BOP_WR_M.WR0100"",""retrievedAt"":""2026-09-30T22:08:36.936Z"",""locator"":{""seriesKey"":""TS_GP_BOP_WR_M.WR0100"",""observationDate"":""2023-01-31"",""row"":44,""column"":5,""columns"":{""seriesKey"":2,""date"":4,""value"":5,""unit"":6,""status"":7,""comments"":8}},""rawValue"":""243.9754448""},""eu"":{""artifactId"":""TS_GP_BOP_WR_M.WR0150:7ddc2e9ecd25bf191717360ce0b2fb2948500282b9f5264d8397c200b762263a:6a93cf6c3219"",""sourceKey"":""TS_GP_BOP_WR_M.WR0150"",""retrievedAt"":""2026-09-30T22:08:37.080Z"",""locator"":{""seriesKey"":""TS_GP_BOP_WR_M.WR0150"",""observationDate"":""2023-01-31"",""row"":44,""column"":5,""columns"":{""seriesKey"":2,""date"":4,""value"":5,""unit"":6,""status"":7,""comments"":8}},""rawValue"":""242.4944141""}}","{""total"":{""observationDate"":""2023-01-31"",""status"":""not-stated"",""sourceStatus"":""Normal"",""comments"":"""",""unit"":""Million USD"",""missingReason"":null},""usa"":{""observationDate"":""2023-01-31"",""status"":""not-stated"",""sourceStatus"":""Normal"",""comments"":"""",""unit"":""Million USD"",""missingReason"":null},""uk"":{""observationDate"":""2023-01-31"",""status"":""not-stated"",""sourceStatus"":""Normal"",""comments"":"""",""unit"":""Million USD"",""missingReason"":null},""saudiArabia"":{""observationDate"":""2023-01-31"",""status"":""not-stated"",""sourceStatus"":""Normal"",""comments"":"""",""unit"":""Million USD"",""missingReason"":null},""uae"":{""observationDate"":""2023-01-31"",""status"":""not-stated"",""sourceStatus"":""Normal"",""comments"":"""",""unit"":""Million USD"",""missingReason"":null},""otherGcc"":{""observationDate"":""2023-01-31"",""status"":""not-stated"",""sourceStatus"":""Normal"",""comments"":"""",""unit"":""Million USD"",""missingReason"":null},""eu"":{""observationDate"":""2023-01-31"",""status"":""not-stated"",""sourceStatus"":""Normal"",""comments"":"""",""unit"":""Million USD"",""missingReason"":null}}"
2023-02,1990.345686,454.9351538,324.100998,317.2030973,219.8453571,241.7345321,245.3654948,"{""total"":{""artifactId"":""TS_GP_BOP_WR_M.WR0010:beff53d74ac04b0f76a7669282f3036df37342e97a32ac615a4f716961de04b1:2c11aac59663"",""sourceKey"":""TS_GP_BOP_WR_M.WR0010"",""retrievedAt"":""2026-09-30T22:08:37.395Z"",""locator"":{""seriesKey"":""TS_GP_BOP_WR_M.WR0010"",""observationDate"":""2023-02-28"",""row"":43,""column"":5,""columns"":{""seriesKey"":2,""date"":4,""value"":5,""unit"":6,""status"":7,""comments"":8}},""rawValue"":""1990.345686""},""usa"":{""artifactId"":""TS_GP_BOP_WR_M.WR0020:a18d140751c825853ed0590e3475b36d8eba5c5d12ffe197a243645ced0f41ee:52d183468b82"",""sourceKey"":""TS_GP_BOP_WR_M.WR0020"",""retrievedAt"":""2026-09-30T22:08:37.284Z"",""locator"":{""seriesKey"":""TS_GP_BOP_WR_M.WR0020"",""observationDate"":""2023-02-28"",""row"":43,""column"":5,""columns"":{""seriesKey"":2,""date"":4,""value"":5,""unit"":6,""status"":7,""comments"":8}},""rawValue"":""219.8453571""},""uk"":{""artifactId"":""TS_GP_BOP_WR_M.WR0030:2980f682a83de35b64d5f9e870057b6b53234cc9184555d6814ab08f5b9716cd:16a760526d5b"",""sourceKey"":""TS_GP_BOP_WR_M.WR0030"",""retrievedAt"":""2026-09-30T22:08:38.374Z"",""locator"":{""seriesKey"":""TS_GP_BOP_WR_M.WR0030"",""observationDate"":""2023-02-28"",""row"":43,""column"":5,""columns"":{""seriesKey"":2,""date"":4,""value"":5,""unit"":6,""status"":7,""comments"":8}},""rawValue"":""317.2030973""},""saudiArabia"":{""artifactId"":""TS_GP_BOP_WR_M.WR0040:7fd29b7dd6648ad26354877eb8c73478ca5af5a4f4d1dc206c809a474a2b63cb:7b261bf12ed4"",""sourceKey"":""TS_GP_BOP_WR_M.WR0040"",""retrievedAt"":""2026-09-30T22:08:37.180Z"",""locator"":{""seriesKey"":""TS_GP_BOP_WR_M.WR0040"",""observationDate"":""2023-02-28"",""row"":43,""column"":5,""columns"":{""seriesKey"":2,""date"":4,""value"":5,""unit"":6,""status"":7,""comments"":8}},""rawValue"":""454.9351538""},""uae"":{""artifactId"":""TS_GP_BOP_WR_M.WR0050:e9f7e07077af64a3000a4e1064bfa07c0b714f0978b7b6a09c022311b191dff4:b0852540e72d"",""sourceKey"":""TS_GP_BOP_WR_M.WR0050"",""retrievedAt"":""2026-09-30T22:08:38.170Z"",""locator"":{""seriesKey"":""TS_GP_BOP_WR_M.WR0050"",""observationDate"":""2023-02-28"",""row"":43,""column"":5,""columns"":{""seriesKey"":2,""date"":4,""value"":5,""unit"":6,""status"":7,""comments"":8}},""rawValue"":""324.100998""},""otherGcc"":{""artifactId"":""TS_GP_BOP_WR_M.WR0100:4080e7d652e64db1faf775bf10dcc9c7cbc18714009fd4209eaaab5e194ece94:8a4ff6653ef2"",""sourceKey"":""TS_GP_BOP_WR_M.WR0100"",""retrievedAt"":""2026-09-30T22:08:36.936Z"",""locator"":{""seriesKey"":""TS_GP_BOP_WR_M.WR0100"",""observationDate"":""2023-02-28"",""row"":43,""column"":5,""columns"":{""seriesKey"":2,""date"":4,""value"":5,""unit"":6,""status"":7,""comments"":8}},""rawValue"":""241.7345321""},""eu"":{""artifactId"":""TS_GP_BOP_WR_M.WR0150:7ddc2e9ecd25bf191717360ce0b2fb2948500282b9f5264d8397c200b762263a:6a93cf6c3219"",""sourceKey"":""TS_GP_BOP_WR_M.WR0150"",""retrievedAt"":""2026-09-30T22:08:37.080Z"",""locator"":{""seriesKey"":""TS_GP_BOP_WR_M.WR0150"",""observationDate"":""2023-02-28"",""row"":43,""column"":5,""columns"":{""seriesKey"":2,""date"":4,""value"":5,""unit"":6,""status"":7,""comments"":8}},""rawValue"":""245.3654948""}}","{""total"":{""observationDate"":""2023-02-28"",""status"":""not-stated"",""sourceStatus"":""Normal"",""comments"":"""",""unit"":""Million USD"",""missingReason"":null},""usa"":{""observationDate"":""2023-02-28"",""status"":""not-stated"",""sourceStatus"":""Normal"",""comments"":"""",""unit"":""Million USD"",""missingReason"":null},""uk"":{""observationDate"":""2023-02-28"",""status"":""not-stated"",""sourceStatus"":""Normal"",""comments"":"""",""unit"":""Million USD"",""missingReason"":null},""saudiArabia"":{""observationDate"":""2023-02-28"",""status"":""not-stated"",""sourceStatus"":""Normal"",""comments"":"""",""unit"":""Million USD"",""missingReason"":null},""uae"":{""observationDate"":""2023-02-28"",""status"":""not-stated"",""sourceStatus"":""Normal"",""comments"":"""",""unit"":""Million USD"",""missingReason"":null},""otherGcc"":{""observationDate"":""2023-02-28"",""status"":""not-stated"",""sourceStatus"":""Normal"",""comments"":"""",""unit"":""Million USD"",""missingReason"":null},""eu"":{""observationDate"":""2023-02-28"",""status"":""not-stated"",""sourceStatus"":""Normal"",""comments"":"""",""unit"":""Million USD"",""missingReason"":null}}"
2023-03,2536.682781,567.7371431,409.797482,421.2196794,315.2453901,298.6892185,297.5364832,"{""total"":{""artifactId"":""TS_GP_BOP_WR_M.WR0010:beff53d74ac04b0f76a7669282f3036df37342e97a32ac615a4f716961de04b1:2c11aac59663"",""sourceKey"":""TS_GP_BOP_WR_M.WR0010"",""retrievedAt"":""2026-09-30T22:08:37.395Z"",""locator"":{""seriesKey"":""TS_GP_BOP_WR_M.WR0010"",""observationDate"":""2023-03-31"",""row"":42,""column"":5,""columns"":{""seriesKey"":2,""date"":4,""value"":5,""unit"":6,""status"":7,""comments"":8}},""rawValue"":""2536.682781""},""usa"":{""artifactId"":""TS_GP_BOP_WR_M.WR0020:a18d140751c825853ed0590e3475b36d8eba5c5d12ffe197a243645ced0f41ee:52d183468b82"",""sourceKey"":""TS_GP_BOP_WR_M.WR0020"",""retrievedAt"":""2026-09-30T22:08:37.284Z"",""locator"":{""seriesKey"":""TS_GP_BOP_WR_M.WR0020"",""observationDate"":""2023-03-31"",""row"":42,""column"":5,""columns"":{""seriesKey"":2,""date"":4,""value"":5,""unit"":6,""status"":7,""comments"":8}},""rawValue"":""315.2453901""},""uk"":{""artifactId"":""TS_GP_BOP_WR_M.WR0030:2980f682a83de35b64d5f9e870057b6b53234cc9184555d6814ab08f5b9716cd:16a760526d5b"",""sourceKey"":""TS_GP_BOP_WR_M.WR0030"",""retrievedAt"":""2026-09-30T22:08:38.374Z"",""locator"":{""seriesKey"":""TS_GP_BOP_WR_M.WR0030"",""observationDate"":""2023-03-31"",""row"":42,""column"":5,""columns"":{""seriesKey"":2,""date"":4,""value"":5,""unit"":6,""status"":7,""comments"":8}},""rawValue"":""421.2196794""},""saudiArabia"":{""artifactId"":""TS_GP_BOP_WR_M.WR0040:7fd29b7dd6648ad26354877eb8c73478ca5af5a4f4d1dc206c809a474a2b63cb:7b261bf12ed4"",""sourceKey"":""TS_GP_BOP_WR_M.WR0040"",""retrievedAt"":""2026-09-30T22:08:37.180Z"",""locator"":{""seriesKey"":""TS_GP_BOP_WR_M.WR0040"",""observationDate"":""2023-03-31"",""row"":42,""column"":5,""columns"":{""seriesKey"":2,""date"":4,""value"":5,""unit"":6,""status"":7,""comments"":8}},""rawValue"":""567.7371431""},""uae"":{""artifactId"":""TS_GP_BOP_WR_M.WR0050:e9f7e07077af64a3000a4e1064bfa07c0b714f0978b7b6a09c022311b191dff4:b0852540e72d"",""sourceKey"":""TS_GP_BOP_WR_M.WR0050"",""retrievedAt"":""2026-09-30T22:08:38.170Z"",""locator"":{""seriesKey"":""TS_GP_BOP_WR_M.WR0050"",""observationDate"":""2023-03-31"",""row"":42,""column"":5,""columns"":{""seriesKey"":2,""date"":4,""value"":5,""unit"":6,""status"":7,""comments"":8}},""rawValue"":""409.797482""},""otherGcc"":{""artifactId"":""TS_GP_BOP_WR_M.WR0100:4080e7d652e64db1faf775bf10dcc9c7cbc18714009fd4209eaaab5e194ece94:8a4ff6653ef2"",""sourceKey"":""TS_GP_BOP_WR_M.WR0100"",""retrievedAt"":""2026-09-30T22:08:36.936Z"",""locator"":{""seriesKey"":""TS_GP_BOP_WR_M.WR0100"",""observationDate"":""2023-03-31"",""row"":42,""column"":5,""columns"":{""seriesKey"":2,""date"":4,""value"":5,""unit"":6,""status"":7,""comments"":8}},""rawValue"":""298.6892185""},""eu"":{""artifactId"":""TS_GP_BOP_WR_M.WR0150:7ddc2e9ecd25bf191717360ce0b2fb2948500282b9f5264d8397c200b762263a:6a93cf6c3219"",""sourceKey"":""TS_GP_BOP_WR_M.WR0150"",""retrievedAt"":""2026-09-30T22:08:37.080Z"",""locator"":{""seriesKey"":""TS_GP_BOP_WR_M.WR0150"",""observationDate"":""2023-03-31"",""row"":42,""column"":5,""columns"":{""seriesKey"":2,""date"":4,""value"":5,""unit"":6,""status"":7,""comments"":8}},""rawValue"":""297.5364832""}}","{""total"":{""observationDate"":""2023-03-31"",""status"":""not-stated"",""sourceStatus"":""Normal"",""comments"":"""",""unit"":""Million USD"",""missingReason"":null},""usa"":{""observationDate"":""2023-03-31"",""status"":""not-stated"",""sourceStatus"":""Normal"",""comments"":"""",""unit"":""Million USD"",""missingReason"":null},""uk"":{""observationDate"":""2023-03-31"",""status"":""not-stated"",""sourceStatus"":""Normal"",""comments"":"""",""unit"":""Million USD"",""missingReason"":null},""saudiArabia"":{""observationDate"":""2023-03-31"",""status"":""not-stated"",""sourceStatus"":""Normal"",""comments"":"""",""unit"":""Million USD"",""missingReason"":null},""uae"":{""observationDate"":""2023-03-31"",""status"":""not-stated"",""sourceStatus"":""Normal"",""comments"":"""",""unit"":""Million USD"",""missingReason"":null},""otherGcc"":{""observationDate"":""2023-03-31"",""status"":""not-stated"",""sourceStatus"":""Normal"",""comments"":"""",""unit"":""Million USD"",""missingReason"":null},""eu"":{""observationDate"":""2023-03-31"",""status"":""not-stated"",""sourceStatus"":""Normal"",""comments"":"""",""unit"":""Million USD"",""missingReason"":null}}"
2023-04,2198.302053,489.8300644,380.0561113,353.5744383,271.8521812,250.0999547,257.5352487,"{""total"":{""artifactId"":""TS_GP_BOP_WR_M.WR0010:beff53d74ac04b0f76a7669282f3036df37342e97a32ac615a4f716961de04b1:2c11aac59663"",""sourceKey"":""TS_GP_BOP_WR_M.WR0010"",""retrievedAt"":""2026-09-30T22:08:37.395Z"",""locator"":{""seriesKey"":""TS_GP_BOP_WR_M.WR0010"",""observationDate"":""2023-04-30"",""row"":41,""column"":5,""columns"":{""seriesKey"":2,""date"":4,""value"":5,""unit"":6,""status"":7,""comments"":8}},""rawValue"":""2198.302053""},""usa"":{""artifactId"":""TS_GP_BOP_WR_M.WR0020:a18d140751c825853ed0590e3475b36d8eba5c5d12ffe197a243645ced0f41ee:52d183468b82"",""sourceKey"":""TS_GP_BOP_WR_M.WR0020"",""retrievedAt"":""2026-09-30T22:08:37.284Z"",""locator"":{""seriesKey"":""TS_GP_BOP_WR_M.WR0020"",""observationDate"":""2023-04-30"",""row"":41,""column"":5,""columns"":{""seriesKey"":2,""date"":4,""value"":5,""unit"":6,""status"":7,""comments"":8}},""rawValue"":""271.8521812""},""uk"":{""artifactId"":""TS_GP_BOP_WR_M.WR0030:2980f682a83de35b64d5f9e870057b6b53234cc9184555d6814ab08f5b9716cd:16a760526d5b"",""sourceKey"":""TS_GP_BOP_WR_M.WR0030"",""retrievedAt"":""2026-09-30T22:08:38.374Z"",""locator"":{""seriesKey"":""TS_GP_BOP_WR_M.WR0030"",""observationDate"":""2023-04-30"",""row"":41,""column"":5,""columns"":{""seriesKey"":2,""date"":4,""value"":5,""unit"":6,""status"":7,""comments"":8}},""rawValue"":""353.5744383""},""saudiArabia"":{""artifactId"":""TS_GP_BOP_WR_M.WR0040:7fd29b7dd6648ad26354877eb8c73478ca5af5a4f4d1dc206c809a474a2b63cb:7b261bf12ed4"",""sourceKey"":""TS_GP_BOP_WR_M.WR0040"",""retrievedAt"":""2026-09-30T22:08:37.180Z"",""locator"":{""seriesKey"":""TS_GP_BOP_WR_M.WR0040"",""observationDate"":""2023-04-30"",""row"":41,""column"":5,""columns"":{""seriesKey"":2,""date"":4,""value"":5,""unit"":6,""status"":7,""comments"":8}},""rawValue"":""489.8300644""},""uae"":{""artifactId"":""TS_GP_BOP_WR_M.WR0050:e9f7e07077af64a3000a4e1064bfa07c0b714f0978b7b6a09c022311b191dff4:b0852540e72d"",""sourceKey"":""TS_GP_BOP_WR_M.WR0050"",""retrievedAt"":""2026-09-30T22:08:38.170Z"",""locator"":{""seriesKey"":""TS_GP_BOP_WR_M.WR0050"",""observationDate"":""2023-04-30"",""row"":41,""column"":5,""columns"":{""seriesKey"":2,""date"":4,""value"":5,""unit"":6,""status"":7,""comments"":8}},""rawValue"":""380.0561113""},""otherGcc"":{""artifactId"":""TS_GP_BOP_WR_M.WR0100:4080e7d652e64db1faf775bf10dcc9c7cbc18714009fd4209eaaab5e194ece94:8a4ff6653ef2"",""sourceKey"":""TS_GP_BOP_WR_M.WR0100"",""retrievedAt"":""2026-09-30T22:08:36.936Z"",""locator"":{""seriesKey"":""TS_GP_BOP_WR_M.WR0100"",""observationDate"":""2023-04-30"",""row"":41,""column"":5,""columns"":{""seriesKey"":2,""date"":4,""value"":5,""unit"":6,""status"":7,""comments"":8}},""rawValue"":""250.0999547""},""eu"":{""artifactId"":""TS_GP_BOP_WR_M.WR0150:7ddc2e9ecd25bf191717360ce0b2fb2948500282b9f5264d8397c200b762263a:6a93cf6c3219"",""sourceKey"":""TS_GP_BOP_WR_M.WR0150"",""retrievedAt"":""2026-09-30T22:08:37.080Z"",""locator"":{""seriesKey"":""TS_GP_BOP_WR_M.WR0150"",""observationDate"":""2023-04-30"",""row"":41,""column"":5,""columns"":{""seriesKey"":2,""date"":4,""value"":5,""unit"":6,""status"":7,""comments"":8}},""rawValue"":""257.5352487""}}","{""total"":{""observationDate"":""2023-04-30"",""status"":""not-stated"",""sourceStatus"":""Normal"",""comments"":"""",""unit"":""Million USD"",""missingReason"":null},""usa"":{""observationDate"":""2023-04-30"",""status"":""not-stated"",""sourceStatus"":""Normal"",""comments"":"""",""unit"":""Million USD"",""missingReason"":null},""uk"":{""observationDate"":""2023-04-30"",""status"":""not-stated"",""sourceStatus"":""Normal"",""comments"":"""",""unit"":""Million USD"",""missingReason"":null},""saudiArabia"":{""observationDate"":""2023-04-30"",""status"":""not-stated"",""sourceStatus"":""Normal"",""comments"":"""",""unit"":""Million USD"",""missingReason"":null},""uae"":{""observationDate"":""2023-04-30"",""status"":""not-stated"",""sourceStatus"":""Normal"",""comments"":"""",""unit"":""Million USD"",""missingReason"":null},""otherGcc"":{""observationDate"":""2023-04-30"",""status"":""not-stated"",""sourceStatus"":""Normal"",""comments"":"""",""unit"":""Million USD"",""missingReason"":null},""eu"":{""observationDate"":""2023-04-30"",""status"":""not-stated"",""sourceStatus"":""Normal"",""comments"":"""",""unit"":""Million USD"",""missingReason"":null}}"
2023-05,2102.666259,523.9989969,335.846416,306.4139655,257.2651479,250.6863609,249.193926,"{""total"":{""artifactId"":""TS_GP_BOP_WR_M.WR0010:beff53d74ac04b0f76a7669282f3036df37342e97a32ac615a4f716961de04b1:2c11aac59663"",""sourceKey"":""TS_GP_BOP_WR_M.WR0010"",""retrievedAt"":""2026-09-30T22:08:37.395Z"",""locator"":{""seriesKey"":""TS_GP_BOP_WR_M.WR0010"",""observationDate"":""2023-05-31"",""row"":40,""column"":5,""columns"":{""seriesKey"":2,""date"":4,""value"":5,""unit"":6,""status"":7,""comments"":8}},""rawValue"":""2102.666259""},""usa"":{""artifactId"":""TS_GP_BOP_WR_M.WR0020:a18d140751c825853ed0590e3475b36d8eba5c5d12ffe197a243645ced0f41ee:52d183468b82"",""sourceKey"":""TS_GP_BOP_WR_M.WR0020"",""retrievedAt"":""2026-09-30T22:08:37.284Z"",""locator"":{""seriesKey"":""TS_GP_BOP_WR_M.WR0020"",""observationDate"":""2023-05-31"",""row"":40,""column"":5,""columns"":{""seriesKey"":2,""date"":4,""value"":5,""unit"":6,""status"":7,""comments"":8}},""rawValue"":""257.2651479""},""uk"":{""artifactId"":""TS_GP_BOP_WR_M.WR0030:2980f682a83de35b64d5f9e870057b6b53234cc9184555d6814ab08f5b9716cd:16a760526d5b"",""sourceKey"":""TS_GP_BOP_WR_M.WR0030"",""retrievedAt"":""2026-09-30T22:08:38.374Z"",""locator"":{""seriesKey"":""TS_GP_BOP_WR_M.WR0030"",""observationDate"":""2023-05-31"",""row"":40,""column"":5,""columns"":{""seriesKey"":2,""date"":4,""value"":5,""unit"":6,""status"":7,""comments"":8}},""rawValue"":""306.4139655""},""saudiArabia"":{""artifactId"":""TS_GP_BOP_WR_M.WR0040:7fd29b7dd6648ad26354877eb8c73478ca5af5a4f4d1dc206c809a474a2b63cb:7b261bf12ed4"",""sourceKey"":""TS_GP_BOP_WR_M.WR0040"",""retrievedAt"":""2026-09-30T22:08:37.180Z"",""locator"":{""seriesKey"":""TS_GP_BOP_WR_M.WR0040"",""observationDate"":""2023-05-31"",""row"":40,""column"":5,""columns"":{""seriesKey"":2,""date"":4,""value"":5,""unit"":6,""status"":7,""comments"":8}},""rawValue"":""523.9989969""},""uae"":{""artifactId"":""TS_GP_BOP_WR_M.WR0050:e9f7e07077af64a3000a4e1064bfa07c0b714f0978b7b6a09c022311b191dff4:b0852540e72d"",""sourceKey"":""TS_GP_BOP_WR_M.WR0050"",""retrievedAt"":""2026-09-30T22:08:38.170Z"",""locator"":{""seriesKey"":""TS_GP_BOP_WR_M.WR0050"",""observationDate"":""2023-05-31"",""row"":40,""column"":5,""columns"":{""seriesKey"":2,""date"":4,""value"":5,""unit"":6,""status"":7,""comments"":8}},""rawValue"":""335.846416""},""otherGcc"":{""artifactId"":""TS_GP_BOP_WR_M.WR0100:4080e7d652e64db1faf775bf10dcc9c7cbc18714009fd4209eaaab5e194ece94:8a4ff6653ef2"",""sourceKey"":""TS_GP_BOP_WR_M.WR0100"",""retrievedAt"":""2026-09-30T22:08:36.936Z"",""locator"":{""seriesKey"":""TS_GP_BOP_WR_M.WR0100"",""observationDate"":""2023-05-31"",""row"":40,""column"":5,""columns"":{""seriesKey"":2,""date"":4,""value"":5,""unit"":6,""status"":7,""comments"":8}},""rawValue"":""250.6863609""},""eu"":{""artifactId"":""TS_GP_BOP_WR_M.WR0150:7ddc2e9ecd25bf191717360ce0b2fb2948500282b9f5264d8397c200b762263a:6a93cf6c3219"",""sourceKey"":""TS_GP_BOP_WR_M.WR0150"",""retrievedAt"":""2026-09-30T22:08:37.080Z"",""locator"":{""seriesKey"":""TS_GP_BOP_WR_M.WR0150"",""observationDate"":""2023-05-31"",""row"":40,""column"":5,""columns"":{""seriesKey"":2,""date"":4,""value"":5,""unit"":6,""status"":7,""comments"":8}},""rawValue"":""249.193926""}}","{""total"":{""observationDate"":""2023-05-31"",""status"":""not-stated"",""sourceStatus"":""Normal"",""comments"":"""",""unit"":""Million USD"",""missingReason"":null},""usa"":{""observationDate"":""2023-05-31"",""status"":""not-stated"",""sourceStatus"":""Normal"",""comments"":"""",""unit"":""Million USD"",""missingReason"":null},""uk"":{""observationDate"":""2023-05-31"",""status"":""not-stated"",""sourceStatus"":""Normal"",""comments"":"""",""unit"":""Million USD"",""missingReason"":null},""saudiArabia"":{""observationDate"":""2023-05-31"",""status"":""not-stated"",""sourceStatus"":""Normal"",""comments"":"""",""unit"":""Million USD"",""missingReason"":null},""uae"":{""observationDate"":""2023-05-31"",""status"":""not-stated"",""sourceStatus"":""Normal"",""comments"":"""",""unit"":""Million USD"",""missingReason"":null},""otherGcc"":{""observationDate"":""2023-05-31"",""status"":""not-stated"",""sourceStatus"":""Normal"",""comments"":"""",""unit"":""Million USD"",""missingReason"":null},""eu"":{""observationDate"":""2023-05-31"",""status"":""not-stated"",""sourceStatus"":""Normal"",""comments"":"""",""unit"":""Million USD"",""missingReason"":null}}"
2023-06,2187.080838,516.1317958,324.7905358,343.4493654,272.978177,271.9788073,279.199228,"{""total"":{""artifactId"":""TS_GP_BOP_WR_M.WR0010:beff53d74ac04b0f76a7669282f3036df37342e97a32ac615a4f716961de04b1:2c11aac59663"",""sourceKey"":""TS_GP_BOP_WR_M.WR0010"",""retrievedAt"":""2026-09-30T22:08:37.395Z"",""locator"":{""seriesKey"":""TS_GP_BOP_WR_M.WR0010"",""observationDate"":""2023-06-30"",""row"":39,""column"":5,""columns"":{""seriesKey"":2,""date"":4,""value"":5,""unit"":6,""status"":7,""comments"":8}},""rawValue"":""2187.080838""},""usa"":{""artifactId"":""TS_GP_BOP_WR_M.WR0020:a18d140751c825853ed0590e3475b36d8eba5c5d12ffe197a243645ced0f41ee:52d183468b82"",""sourceKey"":""TS_GP_BOP_WR_M.WR0020"",""retrievedAt"":""2026-09-30T22:08:37.284Z"",""locator"":{""seriesKey"":""TS_GP_BOP_WR_M.WR0020"",""observationDate"":""2023-06-30"",""row"":39,""column"":5,""columns"":{""seriesKey"":2,""date"":4,""value"":5,""unit"":6,""status"":7,""comments"":8}},""rawValue"":""272.978177""},""uk"":{""artifactId"":""TS_GP_BOP_WR_M.WR0030:2980f682a83de35b64d5f9e870057b6b53234cc9184555d6814ab08f5b9716cd:16a760526d5b"",""sourceKey"":""TS_GP_BOP_WR_M.WR0030"",""retrievedAt"":""2026-09-30T22:08:38.374Z"",""locator"":{""seriesKey"":""TS_GP_BOP_WR_M.WR0030"",""observationDate"":""2023-06-30"",""row"":39,""column"":5,""columns"":{""seriesKey"":2,""date"":4,""value"":5,""unit"":6,""status"":7,""comments"":8}},""rawValue"":""343.4493654""},""saudiArabia"":{""artifactId"":""TS_GP_BOP_WR_M.WR0040:7fd29b7dd6648ad26354877eb8c73478ca5af5a4f4d1dc206c809a474a2b63cb:7b261bf12ed4"",""sourceKey"":""TS_GP_BOP_WR_M.WR0040"",""retrievedAt"":""2026-09-30T22:08:37.180Z"",""locator"":{""seriesKey"":""TS_GP_BOP_WR_M.WR0040"",""observationDate"":""2023-06-30"",""row"":39,""column"":5,""columns"":{""seriesKey"":2,""date"":4,""value"":5,""unit"":6,""status"":7,""comments"":8}},""rawValue"":""516.1317958""},""uae"":{""artifactId"":""TS_GP_BOP_WR_M.WR0050:e9f7e07077af64a3000a4e1064bfa07c0b714f0978b7b6a09c022311b191dff4:b0852540e72d"",""sourceKey"":""TS_GP_BOP_WR_M.WR0050"",""retrievedAt"":""2026-09-30T22:08:38.170Z"",""locator"":{""seriesKey"":""TS_GP_BOP_WR_M.WR0050"",""observationDate"":""2023-06-30"",""row"":39,""column"":5,""columns"":{""seriesKey"":2,""date"":4,""value"":5,""unit"":6,""status"":7,""comments"":8}},""rawValue"":""324.7905358""},""otherGcc"":{""artifactId"":""TS_GP_BOP_WR_M.WR0100:4080e7d652e64db1faf775bf10dcc9c7cbc18714009fd4209eaaab5e194ece94:8a4ff6653ef2"",""sourceKey"":""TS_GP_BOP_WR_M.WR0100"",""retrievedAt"":""2026-09-30T22:08:36.936Z"",""locator"":{""seriesKey"":""TS_GP_BOP_WR_M.WR0100"",""observationDate"":""2023-06-30"",""row"":39,""column"":5,""columns"":{""seriesKey"":2,""date"":4,""value"":5,""unit"":6,""status"":7,""comments"":8}},""rawValue"":""271.9788073""},""eu"":{""artifactId"":""TS_GP_BOP_WR_M.WR0150:7ddc2e9ecd25bf191717360ce0b2fb2948500282b9f5264d8397c200b762263a:6a93cf6c3219"",""sourceKey"":""TS_GP_BOP_WR_M.WR0150"",""retrievedAt"":""2026-09-30T22:08:37.080Z"",""locator"":{""seriesKey"":""TS_GP_BOP_WR_M.WR0150"",""observationDate"":""2023-06-30"",""row"":39,""column"":5,""columns"":{""seriesKey"":2,""date"":4,""value"":5,""unit"":6,""status"":7,""comments"":8}},""rawValue"":""279.199228""}}","{""total"":{""observationDate"":""2023-06-30"",""status"":""not-stated"",""sourceStatus"":""Normal"",""comments"":"""",""unit"":""Million USD"",""missingReason"":null},""usa"":{""observationDate"":""2023-06-30"",""status"":""not-stated"",""sourceStatus"":""Normal"",""comments"":"""",""unit"":""Million USD"",""missingReason"":null},""uk"":{""observationDate"":""2023-06-30"",""status"":""not-stated"",""sourceStatus"":""Normal"",""comments"":"""",""unit"":""Million USD"",""missingReason"":null},""saudiArabia"":{""observationDate"":""2023-06-30"",""status"":""not-stated"",""sourceStatus"":""Normal"",""comments"":"""",""unit"":""Million USD"",""missingReason"":null},""uae"":{""observationDate"":""2023-06-30"",""status"":""not-stated"",""sourceStatus"":""Normal"",""comments"":"""",""unit"":""Million USD"",""missingReason"":null},""otherGcc"":{""observationDate"":""2023-06-30"",""status"":""not-stated"",""sourceStatus"":""Normal"",""comments"":"""",""unit"":""Million USD"",""missingReason"":null},""eu"":{""observationDate"":""2023-06-30"",""status"":""not-stated"",""sourceStatus"":""Normal"",""comments"":"""",""unit"":""Million USD"",""missingReason"":null}}"
2023-07,2029.041389,486.7514316,315.4835959,306.5672852,241.2975329,228.3357526,283.3905943,"{""total"":{""artifactId"":""TS_GP_BOP_WR_M.WR0010:beff53d74ac04b0f76a7669282f3036df37342e97a32ac615a4f716961de04b1:2c11aac59663"",""sourceKey"":""TS_GP_BOP_WR_M.WR0010"",""retrievedAt"":""2026-09-30T22:08:37.395Z"",""locator"":{""seriesKey"":""TS_GP_BOP_WR_M.WR0010"",""observationDate"":""2023-07-31"",""row"":38,""column"":5,""columns"":{""seriesKey"":2,""date"":4,""value"":5,""unit"":6,""status"":7,""comments"":8}},""rawValue"":""2029.041389""},""usa"":{""artifactId"":""TS_GP_BOP_WR_M.WR0020:a18d140751c825853ed0590e3475b36d8eba5c5d12ffe197a243645ced0f41ee:52d183468b82"",""sourceKey"":""TS_GP_BOP_WR_M.WR0020"",""retrievedAt"":""2026-09-30T22:08:37.284Z"",""locator"":{""seriesKey"":""TS_GP_BOP_WR_M.WR0020"",""observationDate"":""2023-07-31"",""row"":38,""column"":5,""columns"":{""seriesKey"":2,""date"":4,""value"":5,""unit"":6,""status"":7,""comments"":8}},""rawValue"":""241.2975329""},""uk"":{""artifactId"":""TS_GP_BOP_WR_M.WR0030:2980f682a83de35b64d5f9e870057b6b53234cc9184555d6814ab08f5b9716cd:16a760526d5b"",""sourceKey"":""TS_GP_BOP_WR_M.WR0030"",""retrievedAt"":""2026-09-30T22:08:38.374Z"",""locator"":{""seriesKey"":""TS_GP_BOP_WR_M.WR0030"",""observationDate"":""2023-07-31"",""row"":38,""column"":5,""columns"":{""seriesKey"":2,""date"":4,""value"":5,""unit"":6,""status"":7,""comments"":8}},""rawValue"":""306.5672852""},""saudiArabia"":{""artifactId"":""TS_GP_BOP_WR_M.WR0040:7fd29b7dd6648ad26354877eb8c73478ca5af5a4f4d1dc206c809a474a2b63cb:7b261bf12ed4"",""sourceKey"":""TS_GP_BOP_WR_M.WR0040"",""retrievedAt"":""2026-09-30T22:08:37.180Z"",""locator"":{""seriesKey"":""TS_GP_BOP_WR_M.WR0040"",""observationDate"":""2023-07-31"",""row"":38,""column"":5,""columns"":{""seriesKey"":2,""date"":4,""value"":5,""unit"":6,""status"":7,""comments"":8}},""rawValue"":""486.7514316""},""uae"":{""artifactId"":""TS_GP_BOP_WR_M.WR0050:e9f7e07077af64a3000a4e1064bfa07c0b714f0978b7b6a09c022311b191dff4:b0852540e72d"",""sourceKey"":""TS_GP_BOP_WR_M.WR0050"",""retrievedAt"":""2026-09-30T22:08:38.170Z"",""locator"":{""seriesKey"":""TS_GP_BOP_WR_M.WR0050"",""observationDate"":""2023-07-31"",""row"":38,""column"":5,""columns"":{""seriesKey"":2,""date"":4,""value"":5,""unit"":6,""status"":7,""comments"":8}},""rawValue"":""315.4835959""},""otherGcc"":{""artifactId"":""TS_GP_BOP_WR_M.WR0100:4080e7d652e64db1faf775bf10dcc9c7cbc18714009fd4209eaaab5e194ece94:8a4ff6653ef2"",""sourceKey"":""TS_GP_BOP_WR_M.WR0100"",""retrievedAt"":""2026-09-30T22:08:36.936Z"",""locator"":{""seriesKey"":""TS_GP_BOP_WR_M.WR0100"",""observationDate"":""2023-07-31"",""row"":38,""column"":5,""columns"":{""seriesKey"":2,""date"":4,""value"":5,""unit"":6,""status"":7,""comments"":8}},""rawValue"":""228.3357526""},""eu"":{""artifactId"":""TS_GP_BOP_WR_M.WR0150:7ddc2e9ecd25bf191717360ce0b2fb2948500282b9f5264d8397c200b762263a:6a93cf6c3219"",""sourceKey"":""TS_GP_BOP_WR_M.WR0150"",""retrievedAt"":""2026-09-30T22:08:37.080Z"",""locator"":{""seriesKey"":""TS_GP_BOP_WR_M.WR0150"",""observationDate"":""2023-07-31"",""row"":38,""column"":5,""columns"":{""seriesKey"":2,""date"":4,""value"":5,""unit"":6,""status"":7,""comments"":8}},""rawValue"":""283.3905943""}}","{""total"":{""observationDate"":""2023-07-31"",""status"":""not-stated"",""sourceStatus"":""Normal"",""comments"":"""",""unit"":""Million USD"",""missingReason"":null},""usa"":{""observationDate"":""2023-07-31"",""status"":""not-stated"",""sourceStatus"":""Normal"",""comments"":"""",""unit"":""Million USD"",""missingReason"":null},""uk"":{""observationDate"":""2023-07-31"",""status"":""not-stated"",""sourceStatus"":""Normal"",""comments"":"""",""unit"":""Million USD"",""missingReason"":null},""saudiArabia"":{""observationDate"":""2023-07-31"",""status"":""not-stated"",""sourceStatus"":""Normal"",""comments"":"""",""unit"":""Million USD"",""missingReason"":null},""uae"":{""observationDate"":""2023-07-31"",""status"":""not-stated"",""sourceStatus"":""Normal"",""comments"":"""",""unit"":""Million USD"",""missingReason"":null},""otherGcc"":{""observationDate"":""2023-07-31"",""status"":""not-stated"",""sourceStatus"":""Normal"",""comments"":"""",""unit"":""Million USD"",""missingReason"":null},""eu"":{""observationDate"":""2023-07-31"",""status"":""not-stated"",""sourceStatus"":""Normal"",""comments"":"""",""unit"":""Million USD"",""missingReason"":null}}"
2023-08,2094.507,491.1088,308.4003,329.7828,262.6603,244.6827,290.8348,"{""total"":{""artifactId"":""TS_GP_BOP_WR_M.WR0010:beff53d74ac04b0f76a7669282f3036df37342e97a32ac615a4f716961de04b1:2c11aac59663"",""sourceKey"":""TS_GP_BOP_WR_M.WR0010"",""retrievedAt"":""2026-09-30T22:08:37.395Z"",""locator"":{""seriesKey"":""TS_GP_BOP_WR_M.WR0010"",""observationDate"":""2023-08-31"",""row"":37,""column"":5,""columns"":{""seriesKey"":2,""date"":4,""value"":5,""unit"":6,""status"":7,""comments"":8}},""rawValue"":""2094.507""},""usa"":{""artifactId"":""TS_GP_BOP_WR_M.WR0020:a18d140751c825853ed0590e3475b36d8eba5c5d12ffe197a243645ced0f41ee:52d183468b82"",""sourceKey"":""TS_GP_BOP_WR_M.WR0020"",""retrievedAt"":""2026-09-30T22:08:37.284Z"",""locator"":{""seriesKey"":""TS_GP_BOP_WR_M.WR0020"",""observationDate"":""2023-08-31"",""row"":37,""column"":5,""columns"":{""seriesKey"":2,""date"":4,""value"":5,""unit"":6,""status"":7,""comments"":8}},""rawValue"":""262.6603""},""uk"":{""artifactId"":""TS_GP_BOP_WR_M.WR0030:2980f682a83de35b64d5f9e870057b6b53234cc9184555d6814ab08f5b9716cd:16a760526d5b"",""sourceKey"":""TS_GP_BOP_WR_M.WR0030"",""retrievedAt"":""2026-09-30T22:08:38.374Z"",""locator"":{""seriesKey"":""TS_GP_BOP_WR_M.WR0030"",""observationDate"":""2023-08-31"",""row"":37,""column"":5,""columns"":{""seriesKey"":2,""date"":4,""value"":5,""unit"":6,""status"":7,""comments"":8}},""rawValue"":""329.7828""},""saudiArabia"":{""artifactId"":""TS_GP_BOP_WR_M.WR0040:7fd29b7dd6648ad26354877eb8c73478ca5af5a4f4d1dc206c809a474a2b63cb:7b261bf12ed4"",""sourceKey"":""TS_GP_BOP_WR_M.WR0040"",""retrievedAt"":""2026-09-30T22:08:37.180Z"",""locator"":{""seriesKey"":""TS_GP_BOP_WR_M.WR0040"",""observationDate"":""2023-08-31"",""row"":37,""column"":5,""columns"":{""seriesKey"":2,""date"":4,""value"":5,""unit"":6,""status"":7,""comments"":8}},""rawValue"":""491.1088""},""uae"":{""artifactId"":""TS_GP_BOP_WR_M.WR0050:e9f7e07077af64a3000a4e1064bfa07c0b714f0978b7b6a09c022311b191dff4:b0852540e72d"",""sourceKey"":""TS_GP_BOP_WR_M.WR0050"",""retrievedAt"":""2026-09-30T22:08:38.170Z"",""locator"":{""seriesKey"":""TS_GP_BOP_WR_M.WR0050"",""observationDate"":""2023-08-31"",""row"":37,""column"":5,""columns"":{""seriesKey"":2,""date"":4,""value"":5,""unit"":6,""status"":7,""comments"":8}},""rawValue"":""308.4003""},""otherGcc"":{""artifactId"":""TS_GP_BOP_WR_M.WR0100:4080e7d652e64db1faf775bf10dcc9c7cbc18714009fd4209eaaab5e194ece94:8a4ff6653ef2"",""sourceKey"":""TS_GP_BOP_WR_M.WR0100"",""retrievedAt"":""2026-09-30T22:08:36.936Z"",""locator"":{""seriesKey"":""TS_GP_BOP_WR_M.WR0100"",""observationDate"":""2023-08-31"",""row"":37,""column"":5,""columns"":{""seriesKey"":2,""date"":4,""value"":5,""unit"":6,""status"":7,""comments"":8}},""rawValue"":""244.6827""},""eu"":{""artifactId"":""TS_GP_BOP_WR_M.WR0150:7ddc2e9ecd25bf191717360ce0b2fb2948500282b9f5264d8397c200b762263a:6a93cf6c3219"",""sourceKey"":""TS_GP_BOP_WR_M.WR0150"",""retrievedAt"":""2026-09-30T22:08:37.080Z"",""locator"":{""seriesKey"":""TS_GP_BOP_WR_M.WR0150"",""observationDate"":""2023-08-31"",""row"":37,""column"":5,""columns"":{""seriesKey"":2,""date"":4,""value"":5,""unit"":6,""status"":7,""comments"":8}},""rawValue"":""290.8348""}}","{""total"":{""observationDate"":""2023-08-31"",""status"":""not-stated"",""sourceStatus"":""Normal"",""comments"":"""",""unit"":""Million USD"",""missingReason"":null},""usa"":{""observationDate"":""2023-08-31"",""status"":""not-stated"",""sourceStatus"":""Normal"",""comments"":"""",""unit"":""Million USD"",""missingReason"":null},""uk"":{""observationDate"":""2023-08-31"",""status"":""not-stated"",""sourceStatus"":""Normal"",""comments"":"""",""unit"":""Million USD"",""missingReason"":null},""saudiArabia"":{""observationDate"":""2023-08-31"",""status"":""not-stated"",""sourceStatus"":""Normal"",""comments"":"""",""unit"":""Million USD"",""missingReason"":null},""uae"":{""observationDate"":""2023-08-31"",""status"":""not-stated"",""sourceStatus"":""Normal"",""comments"":"""",""unit"":""Million USD"",""missingReason"":null},""otherGcc"":{""observationDate"":""2023-08-31"",""status"":""not-stated"",""sourceStatus"":""Normal"",""comments"":"""",""unit"":""Million USD"",""missingReason"":null},""eu"":{""observationDate"":""2023-08-31"",""status"":""not-stated"",""sourceStatus"":""Normal"",""comments"":"""",""unit"":""Million USD"",""missingReason"":null}}"
2023-09,2208.130749,538.310195,399.7819916,311.2628035,263.8056292,248.1341075,269.6405737,"{""total"":{""artifactId"":""TS_GP_BOP_WR_M.WR0010:beff53d74ac04b0f76a7669282f3036df37342e97a32ac615a4f716961de04b1:2c11aac59663"",""sourceKey"":""TS_GP_BOP_WR_M.WR0010"",""retrievedAt"":""2026-09-30T22:08:37.395Z"",""locator"":{""seriesKey"":""TS_GP_BOP_WR_M.WR0010"",""observationDate"":""2023-09-30"",""row"":36,""column"":5,""columns"":{""seriesKey"":2,""date"":4,""value"":5,""unit"":6,""status"":7,""comments"":8}},""rawValue"":""2208.130749""},""usa"":{""artifactId"":""TS_GP_BOP_WR_M.WR0020:a18d140751c825853ed0590e3475b36d8eba5c5d12ffe197a243645ced0f41ee:52d183468b82"",""sourceKey"":""TS_GP_BOP_WR_M.WR0020"",""retrievedAt"":""2026-09-30T22:08:37.284Z"",""locator"":{""seriesKey"":""TS_GP_BOP_WR_M.WR0020"",""observationDate"":""2023-09-30"",""row"":36,""column"":5,""columns"":{""seriesKey"":2,""date"":4,""value"":5,""unit"":6,""status"":7,""comments"":8}},""rawValue"":""263.8056292""},""uk"":{""artifactId"":""TS_GP_BOP_WR_M.WR0030:2980f682a83de35b64d5f9e870057b6b53234cc9184555d6814ab08f5b9716cd:16a760526d5b"",""sourceKey"":""TS_GP_BOP_WR_M.WR0030"",""retrievedAt"":""2026-09-30T22:08:38.374Z"",""locator"":{""seriesKey"":""TS_GP_BOP_WR_M.WR0030"",""observationDate"":""2023-09-30"",""row"":36,""column"":5,""columns"":{""seriesKey"":2,""date"":4,""value"":5,""unit"":6,""status"":7,""comments"":8}},""rawValue"":""311.2628035""},""saudiArabia"":{""artifactId"":""TS_GP_BOP_WR_M.WR0040:7fd29b7dd6648ad26354877eb8c73478ca5af5a4f4d1dc206c809a474a2b63cb:7b261bf12ed4"",""sourceKey"":""TS_GP_BOP_WR_M.WR0040"",""retrievedAt"":""2026-09-30T22:08:37.180Z"",""locator"":{""seriesKey"":""TS_GP_BOP_WR_M.WR0040"",""observationDate"":""2023-09-30"",""row"":36,""column"":5,""columns"":{""seriesKey"":2,""date"":4,""value"":5,""unit"":6,""status"":7,""comments"":8}},""rawValue"":""538.310195""},""uae"":{""artifactId"":""TS_GP_BOP_WR_M.WR0050:e9f7e07077af64a3000a4e1064bfa07c0b714f0978b7b6a09c022311b191dff4:b0852540e72d"",""sourceKey"":""TS_GP_BOP_WR_M.WR0050"",""retrievedAt"":""2026-09-30T22:08:38.170Z"",""locator"":{""seriesKey"":""TS_GP_BOP_WR_M.WR0050"",""observationDate"":""2023-09-30"",""row"":36,""column"":5,""columns"":{""seriesKey"":2,""date"":4,""value"":5,""unit"":6,""status"":7,""comments"":8}},""rawValue"":""399.7819916""},""otherGcc"":{""artifactId"":""TS_GP_BOP_WR_M.WR0100:4080e7d652e64db1faf775bf10dcc9c7cbc18714009fd4209eaaab5e194ece94:8a4ff6653ef2"",""sourceKey"":""TS_GP_BOP_WR_M.WR0100"",""retrievedAt"":""2026-09-30T22:08:36.936Z"",""locator"":{""seriesKey"":""TS_GP_BOP_WR_M.WR0100"",""observationDate"":""2023-09-30"",""row"":36,""column"":5,""columns"":{""seriesKey"":2,""date"":4,""value"":5,""unit"":6,""status"":7,""comments"":8}},""rawValue"":""248.1341075""},""eu"":{""artifactId"":""TS_GP_BOP_WR_M.WR0150:7ddc2e9ecd25bf191717360ce0b2fb2948500282b9f5264d8397c200b762263a:6a93cf6c3219"",""sourceKey"":""TS_GP_BOP_WR_M.WR0150"",""retrievedAt"":""2026-09-30T22:08:37.080Z"",""locator"":{""seriesKey"":""TS_GP_BOP_WR_M.WR0150"",""observationDate"":""2023-09-30"",""row"":36,""column"":5,""columns"":{""seriesKey"":2,""date"":4,""value"":5,""unit"":6,""status"":7,""comments"":8}},""rawValue"":""269.6405737""}}","{""total"":{""observationDate"":""2023-09-30"",""status"":""not-stated"",""sourceStatus"":""Normal"",""comments"":"""",""unit"":""Million USD"",""missingReason"":null},""usa"":{""observationDate"":""2023-09-30"",""status"":""not-stated"",""sourceStatus"":""Normal"",""comments"":"""",""unit"":""Million USD"",""missingReason"":null},""uk"":{""observationDate"":""2023-09-30"",""status"":""not-stated"",""sourceStatus"":""Normal"",""comments"":"""",""unit"":""Million USD"",""missingReason"":null},""saudiArabia"":{""observationDate"":""2023-09-30"",""status"":""not-stated"",""sourceStatus"":""Normal"",""comments"":"""",""unit"":""Million USD"",""missingReason"":null},""uae"":{""observationDate"":""2023-09-30"",""status"":""not-stated"",""sourceStatus"":""Normal"",""comments"":"""",""unit"":""Million USD"",""missingReason"":null},""otherGcc"":{""observationDate"":""2023-09-30"",""status"":""not-stated"",""sourceStatus"":""Normal"",""comments"":"""",""unit"":""Million USD"",""missingReason"":null},""eu"":{""observationDate"":""2023-09-30"",""status"":""not-stated"",""sourceStatus"":""Normal"",""comments"":"""",""unit"":""Million USD"",""missingReason"":null}}"
2023-10,2463.117162,616.7847477,473.9219697,330.2572361,283.2948294,269.4700571,297.6011516,"{""total"":{""artifactId"":""TS_GP_BOP_WR_M.WR0010:beff53d74ac04b0f76a7669282f3036df37342e97a32ac615a4f716961de04b1:2c11aac59663"",""sourceKey"":""TS_GP_BOP_WR_M.WR0010"",""retrievedAt"":""2026-09-30T22:08:37.395Z"",""locator"":{""seriesKey"":""TS_GP_BOP_WR_M.WR0010"",""observationDate"":""2023-10-31"",""row"":35,""column"":5,""columns"":{""seriesKey"":2,""date"":4,""value"":5,""unit"":6,""status"":7,""comments"":8}},""rawValue"":""2463.117162""},""usa"":{""artifactId"":""TS_GP_BOP_WR_M.WR0020:a18d140751c825853ed0590e3475b36d8eba5c5d12ffe197a243645ced0f41ee:52d183468b82"",""sourceKey"":""TS_GP_BOP_WR_M.WR0020"",""retrievedAt"":""2026-09-30T22:08:37.284Z"",""locator"":{""seriesKey"":""TS_GP_BOP_WR_M.WR0020"",""observationDate"":""2023-10-31"",""row"":35,""column"":5,""columns"":{""seriesKey"":2,""date"":4,""value"":5,""unit"":6,""status"":7,""comments"":8}},""rawValue"":""283.2948294""},""uk"":{""artifactId"":""TS_GP_BOP_WR_M.WR0030:2980f682a83de35b64d5f9e870057b6b53234cc9184555d6814ab08f5b9716cd:16a760526d5b"",""sourceKey"":""TS_GP_BOP_WR_M.WR0030"",""retrievedAt"":""2026-09-30T22:08:38.374Z"",""locator"":{""seriesKey"":""TS_GP_BOP_WR_M.WR0030"",""observationDate"":""2023-10-31"",""row"":35,""column"":5,""columns"":{""seriesKey"":2,""date"":4,""value"":5,""unit"":6,""status"":7,""comments"":8}},""rawValue"":""330.2572361""},""saudiArabia"":{""artifactId"":""TS_GP_BOP_WR_M.WR0040:7fd29b7dd6648ad26354877eb8c73478ca5af5a4f4d1dc206c809a474a2b63cb:7b261bf12ed4"",""sourceKey"":""TS_GP_BOP_WR_M.WR0040"",""retrievedAt"":""2026-09-30T22:08:37.180Z"",""locator"":{""seriesKey"":""TS_GP_BOP_WR_M.WR0040"",""observationDate"":""2023-10-31"",""row"":35,""column"":5,""columns"":{""seriesKey"":2,""date"":4,""value"":5,""unit"":6,""status"":7,""comments"":8}},""rawValue"":""616.7847477""},""uae"":{""artifactId"":""TS_GP_BOP_WR_M.WR0050:e9f7e07077af64a3000a4e1064bfa07c0b714f0978b7b6a09c022311b191dff4:b0852540e72d"",""sourceKey"":""TS_GP_BOP_WR_M.WR0050"",""retrievedAt"":""2026-09-30T22:08:38.170Z"",""locator"":{""seriesKey"":""TS_GP_BOP_WR_M.WR0050"",""observationDate"":""2023-10-31"",""row"":35,""column"":5,""columns"":{""seriesKey"":2,""date"":4,""value"":5,""unit"":6,""status"":7,""comments"":8}},""rawValue"":""473.9219697""},""otherGcc"":{""artifactId"":""TS_GP_BOP_WR_M.WR0100:4080e7d652e64db1faf775bf10dcc9c7cbc18714009fd4209eaaab5e194ece94:8a4ff6653ef2"",""sourceKey"":""TS_GP_BOP_WR_M.WR0100"",""retrievedAt"":""2026-09-30T22:08:36.936Z"",""locator"":{""seriesKey"":""TS_GP_BOP_WR_M.WR0100"",""observationDate"":""2023-10-31"",""row"":35,""column"":5,""columns"":{""seriesKey"":2,""date"":4,""value"":5,""unit"":6,""status"":7,""comments"":8}},""rawValue"":""269.4700571""},""eu"":{""artifactId"":""TS_GP_BOP_WR_M.WR0150:7ddc2e9ecd25bf191717360ce0b2fb2948500282b9f5264d8397c200b762263a:6a93cf6c3219"",""sourceKey"":""TS_GP_BOP_WR_M.WR0150"",""retrievedAt"":""2026-09-30T22:08:37.080Z"",""locator"":{""seriesKey"":""TS_GP_BOP_WR_M.WR0150"",""observationDate"":""2023-10-31"",""row"":35,""column"":5,""columns"":{""seriesKey"":2,""date"":4,""value"":5,""unit"":6,""status"":7,""comments"":8}},""rawValue"":""297.6011516""}}","{""total"":{""observationDate"":""2023-10-31"",""status"":""not-stated"",""sourceStatus"":""Normal"",""comments"":"""",""unit"":""Million USD"",""missingReason"":null},""usa"":{""observationDate"":""2023-10-31"",""status"":""not-stated"",""sourceStatus"":""Normal"",""comments"":"""",""unit"":""Million USD"",""missingReason"":null},""uk"":{""observationDate"":""2023-10-31"",""status"":""not-stated"",""sourceStatus"":""Normal"",""comments"":"""",""unit"":""Million USD"",""missingReason"":null},""saudiArabia"":{""observationDate"":""2023-10-31"",""status"":""not-stated"",""sourceStatus"":""Normal"",""comments"":"""",""unit"":""Million USD"",""missingReason"":null},""uae"":{""observationDate"":""2023-10-31"",""status"":""not-stated"",""sourceStatus"":""Normal"",""comments"":"""",""unit"":""Million USD"",""missingReason"":null},""otherGcc"":{""observationDate"":""2023-10-31"",""status"":""not-stated"",""sourceStatus"":""Normal"",""comments"":"""",""unit"":""Million USD"",""missingReason"":null},""eu"":{""observationDate"":""2023-10-31"",""status"":""not-stated"",""sourceStatus"":""Normal"",""comments"":"""",""unit"":""Million USD"",""missingReason"":null}}"
2023-11,2258.544029,543.5872397,411.751191,342.1829527,261.6073636,243.2801077,268.6190277,"{""total"":{""artifactId"":""TS_GP_BOP_WR_M.WR0010:beff53d74ac04b0f76a7669282f3036df37342e97a32ac615a4f716961de04b1:2c11aac59663"",""sourceKey"":""TS_GP_BOP_WR_M.WR0010"",""retrievedAt"":""2026-09-30T22:08:37.395Z"",""locator"":{""seriesKey"":""TS_GP_BOP_WR_M.WR0010"",""observationDate"":""2023-11-30"",""row"":34,""column"":5,""columns"":{""seriesKey"":2,""date"":4,""value"":5,""unit"":6,""status"":7,""comments"":8}},""rawValue"":""2258.544029""},""usa"":{""artifactId"":""TS_GP_BOP_WR_M.WR0020:a18d140751c825853ed0590e3475b36d8eba5c5d12ffe197a243645ced0f41ee:52d183468b82"",""sourceKey"":""TS_GP_BOP_WR_M.WR0020"",""retrievedAt"":""2026-09-30T22:08:37.284Z"",""locator"":{""seriesKey"":""TS_GP_BOP_WR_M.WR0020"",""observationDate"":""2023-11-30"",""row"":34,""column"":5,""columns"":{""seriesKey"":2,""date"":4,""value"":5,""unit"":6,""status"":7,""comments"":8}},""rawValue"":""261.6073636""},""uk"":{""artifactId"":""TS_GP_BOP_WR_M.WR0030:2980f682a83de35b64d5f9e870057b6b53234cc9184555d6814ab08f5b9716cd:16a760526d5b"",""sourceKey"":""TS_GP_BOP_WR_M.WR0030"",""retrievedAt"":""2026-09-30T22:08:38.374Z"",""locator"":{""seriesKey"":""TS_GP_BOP_WR_M.WR0030"",""observationDate"":""2023-11-30"",""row"":34,""column"":5,""columns"":{""seriesKey"":2,""date"":4,""value"":5,""unit"":6,""status"":7,""comments"":8}},""rawValue"":""342.1829527""},""saudiArabia"":{""artifactId"":""TS_GP_BOP_WR_M.WR0040:7fd29b7dd6648ad26354877eb8c73478ca5af5a4f4d1dc206c809a474a2b63cb:7b261bf12ed4"",""sourceKey"":""TS_GP_BOP_WR_M.WR0040"",""retrievedAt"":""2026-09-30T22:08:37.180Z"",""locator"":{""seriesKey"":""TS_GP_BOP_WR_M.WR0040"",""observationDate"":""2023-11-30"",""row"":34,""column"":5,""columns"":{""seriesKey"":2,""date"":4,""value"":5,""unit"":6,""status"":7,""comments"":8}},""rawValue"":""543.5872397""},""uae"":{""artifactId"":""TS_GP_BOP_WR_M.WR0050:e9f7e07077af64a3000a4e1064bfa07c0b714f0978b7b6a09c022311b191dff4:b0852540e72d"",""sourceKey"":""TS_GP_BOP_WR_M.WR0050"",""retrievedAt"":""2026-09-30T22:08:38.170Z"",""locator"":{""seriesKey"":""TS_GP_BOP_WR_M.WR0050"",""observationDate"":""2023-11-30"",""row"":34,""column"":5,""columns"":{""seriesKey"":2,""date"":4,""value"":5,""unit"":6,""status"":7,""comments"":8}},""rawValue"":""411.751191""},""otherGcc"":{""artifactId"":""TS_GP_BOP_WR_M.WR0100:4080e7d652e64db1faf775bf10dcc9c7cbc18714009fd4209eaaab5e194ece94:8a4ff6653ef2"",""sourceKey"":""TS_GP_BOP_WR_M.WR0100"",""retrievedAt"":""2026-09-30T22:08:36.936Z"",""locator"":{""seriesKey"":""TS_GP_BOP_WR_M.WR0100"",""observationDate"":""2023-11-30"",""row"":34,""column"":5,""columns"":{""seriesKey"":2,""date"":4,""value"":5,""unit"":6,""status"":7,""comments"":8}},""rawValue"":""243.2801077""},""eu"":{""artifactId"":""TS_GP_BOP_WR_M.WR0150:7ddc2e9ecd25bf191717360ce0b2fb2948500282b9f5264d8397c200b762263a:6a93cf6c3219"",""sourceKey"":""TS_GP_BOP_WR_M.WR0150"",""retrievedAt"":""2026-09-30T22:08:37.080Z"",""locator"":{""seriesKey"":""TS_GP_BOP_WR_M.WR0150"",""observationDate"":""2023-11-30"",""row"":34,""column"":5,""columns"":{""seriesKey"":2,""date"":4,""value"":5,""unit"":6,""status"":7,""comments"":8}},""rawValue"":""268.6190277""}}","{""total"":{""observationDate"":""2023-11-30"",""status"":""not-stated"",""sourceStatus"":""Normal"",""comments"":"""",""unit"":""Million USD"",""missingReason"":null},""usa"":{""observationDate"":""2023-11-30"",""status"":""not-stated"",""sourceStatus"":""Normal"",""comments"":"""",""unit"":""Million USD"",""missingReason"":null},""uk"":{""observationDate"":""2023-11-30"",""status"":""not-stated"",""sourceStatus"":""Normal"",""comments"":"""",""unit"":""Million USD"",""missingReason"":null},""saudiArabia"":{""observationDate"":""2023-11-30"",""status"":""not-stated"",""sourceStatus"":""Normal"",""comments"":"""",""unit"":""Million USD"",""missingReason"":null},""uae"":{""observationDate"":""2023-11-30"",""status"":""not-stated"",""sourceStatus"":""Normal"",""comments"":"""",""unit"":""Million USD"",""missingReason"":null},""otherGcc"":{""observationDate"":""2023-11-30"",""status"":""not-stated"",""sourceStatus"":""Normal"",""comments"":"""",""unit"":""Million USD"",""missingReason"":null},""eu"":{""observationDate"":""2023-11-30"",""status"":""not-stated"",""sourceStatus"":""Normal"",""comments"":"""",""unit"":""Million USD"",""missingReason"":null}}"
2023-12,2381.853131,577.5683593,419.1504173,368.006039,263.8400062,255.1774078,284.9461063,"{""total"":{""artifactId"":""TS_GP_BOP_WR_M.WR0010:beff53d74ac04b0f76a7669282f3036df37342e97a32ac615a4f716961de04b1:2c11aac59663"",""sourceKey"":""TS_GP_BOP_WR_M.WR0010"",""retrievedAt"":""2026-09-30T22:08:37.395Z"",""locator"":{""seriesKey"":""TS_GP_BOP_WR_M.WR0010"",""observationDate"":""2023-12-31"",""row"":33,""column"":5,""columns"":{""seriesKey"":2,""date"":4,""value"":5,""unit"":6,""status"":7,""comments"":8}},""rawValue"":""2381.853131""},""usa"":{""artifactId"":""TS_GP_BOP_WR_M.WR0020:a18d140751c825853ed0590e3475b36d8eba5c5d12ffe197a243645ced0f41ee:52d183468b82"",""sourceKey"":""TS_GP_BOP_WR_M.WR0020"",""retrievedAt"":""2026-09-30T22:08:37.284Z"",""locator"":{""seriesKey"":""TS_GP_BOP_WR_M.WR0020"",""observationDate"":""2023-12-31"",""row"":33,""column"":5,""columns"":{""seriesKey"":2,""date"":4,""value"":5,""unit"":6,""status"":7,""comments"":8}},""rawValue"":""263.8400062""},""uk"":{""artifactId"":""TS_GP_BOP_WR_M.WR0030:2980f682a83de35b64d5f9e870057b6b53234cc9184555d6814ab08f5b9716cd:16a760526d5b"",""sourceKey"":""TS_GP_BOP_WR_M.WR0030"",""retrievedAt"":""2026-09-30T22:08:38.374Z"",""locator"":{""seriesKey"":""TS_GP_BOP_WR_M.WR0030"",""observationDate"":""2023-12-31"",""row"":33,""column"":5,""columns"":{""seriesKey"":2,""date"":4,""value"":5,""unit"":6,""status"":7,""comments"":8}},""rawValue"":""368.006039""},""saudiArabia"":{""artifactId"":""TS_GP_BOP_WR_M.WR0040:7fd29b7dd6648ad26354877eb8c73478ca5af5a4f4d1dc206c809a474a2b63cb:7b261bf12ed4"",""sourceKey"":""TS_GP_BOP_WR_M.WR0040"",""retrievedAt"":""2026-09-30T22:08:37.180Z"",""locator"":{""seriesKey"":""TS_GP_BOP_WR_M.WR0040"",""observationDate"":""2023-12-31"",""row"":33,""column"":5,""columns"":{""seriesKey"":2,""date"":4,""value"":5,""unit"":6,""status"":7,""comments"":8}},""rawValue"":""577.5683593""},""uae"":{""artifactId"":""TS_GP_BOP_WR_M.WR0050:e9f7e07077af64a3000a4e1064bfa07c0b714f0978b7b6a09c022311b191dff4:b0852540e72d"",""sourceKey"":""TS_GP_BOP_WR_M.WR0050"",""retrievedAt"":""2026-09-30T22:08:38.170Z"",""locator"":{""seriesKey"":""TS_GP_BOP_WR_M.WR0050"",""observationDate"":""2023-12-31"",""row"":33,""column"":5,""columns"":{""seriesKey"":2,""date"":4,""value"":5,""unit"":6,""status"":7,""comments"":8}},""rawValue"":""419.1504173""},""otherGcc"":{""artifactId"":""TS_GP_BOP_WR_M.WR0100:4080e7d652e64db1faf775bf10dcc9c7cbc18714009fd4209eaaab5e194ece94:8a4ff6653ef2"",""sourceKey"":""TS_GP_BOP_WR_M.WR0100"",""retrievedAt"":""2026-09-30T22:08:36.936Z"",""locator"":{""seriesKey"":""TS_GP_BOP_WR_M.WR0100"",""observationDate"":""2023-12-31"",""row"":33,""column"":5,""columns"":{""seriesKey"":2,""date"":4,""value"":5,""unit"":6,""status"":7,""comments"":8}},""rawValue"":""255.1774078""},""eu"":{""artifactId"":""TS_GP_BOP_WR_M.WR0150:7ddc2e9ecd25bf191717360ce0b2fb2948500282b9f5264d8397c200b762263a:6a93cf6c3219"",""sourceKey"":""TS_GP_BOP_WR_M.WR0150"",""retrievedAt"":""2026-09-30T22:08:37.080Z"",""locator"":{""seriesKey"":""TS_GP_BOP_WR_M.WR0150"",""observationDate"":""2023-12-31"",""row"":33,""column"":5,""columns"":{""seriesKey"":2,""date"":4,""value"":5,""unit"":6,""status"":7,""comments"":8}},""rawValue"":""284.9461063""}}","{""total"":{""observationDate"":""2023-12-31"",""status"":""not-stated"",""sourceStatus"":""Normal"",""comments"":"""",""unit"":""Million USD"",""missingReason"":null},""usa"":{""observationDate"":""2023-12-31"",""status"":""not-stated"",""sourceStatus"":""Normal"",""comments"":"""",""unit"":""Million USD"",""missingReason"":null},""uk"":{""observationDate"":""2023-12-31"",""status"":""not-stated"",""sourceStatus"":""Normal"",""comments"":"""",""unit"":""Million USD"",""missingReason"":null},""saudiArabia"":{""observationDate"":""2023-12-31"",""status"":""not-stated"",""sourceStatus"":""Normal"",""comments"":"""",""unit"":""Million USD"",""missingReason"":null},""uae"":{""observationDate"":""2023-12-31"",""status"":""not-stated"",""sourceStatus"":""Normal"",""comments"":"""",""unit"":""Million USD"",""missingReason"":null},""otherGcc"":{""observationDate"":""2023-12-31"",""status"":""not-stated"",""sourceStatus"":""Normal"",""comments"":"""",""unit"":""Million USD"",""missingReason"":null},""eu"":{""observationDate"":""2023-12-31"",""status"":""not-stated"",""sourceStatus"":""Normal"",""comments"":"""",""unit"":""Million USD"",""missingReason"":null}}"
2024-01,2397.870065,587.3815722,407.6332926,362.2123694,283.4811752,252.7814634,290.1933703,"{""total"":{""artifactId"":""TS_GP_BOP_WR_M.WR0010:beff53d74ac04b0f76a7669282f3036df37342e97a32ac615a4f716961de04b1:2c11aac59663"",""sourceKey"":""TS_GP_BOP_WR_M.WR0010"",""retrievedAt"":""2026-09-30T22:08:37.395Z"",""locator"":{""seriesKey"":""TS_GP_BOP_WR_M.WR0010"",""observationDate"":""2024-01-31"",""row"":32,""column"":5,""columns"":{""seriesKey"":2,""date"":4,""value"":5,""unit"":6,""status"":7,""comments"":8}},""rawValue"":""2397.870065""},""usa"":{""artifactId"":""TS_GP_BOP_WR_M.WR0020:a18d140751c825853ed0590e3475b36d8eba5c5d12ffe197a243645ced0f41ee:52d183468b82"",""sourceKey"":""TS_GP_BOP_WR_M.WR0020"",""retrievedAt"":""2026-09-30T22:08:37.284Z"",""locator"":{""seriesKey"":""TS_GP_BOP_WR_M.WR0020"",""observationDate"":""2024-01-31"",""row"":32,""column"":5,""columns"":{""seriesKey"":2,""date"":4,""value"":5,""unit"":6,""status"":7,""comments"":8}},""rawValue"":""283.4811752""},""uk"":{""artifactId"":""TS_GP_BOP_WR_M.WR0030:2980f682a83de35b64d5f9e870057b6b53234cc9184555d6814ab08f5b9716cd:16a760526d5b"",""sourceKey"":""TS_GP_BOP_WR_M.WR0030"",""retrievedAt"":""2026-09-30T22:08:38.374Z"",""locator"":{""seriesKey"":""TS_GP_BOP_WR_M.WR0030"",""observationDate"":""2024-01-31"",""row"":32,""column"":5,""columns"":{""seriesKey"":2,""date"":4,""value"":5,""unit"":6,""status"":7,""comments"":8}},""rawValue"":""362.2123694""},""saudiArabia"":{""artifactId"":""TS_GP_BOP_WR_M.WR0040:7fd29b7dd6648ad26354877eb8c73478ca5af5a4f4d1dc206c809a474a2b63cb:7b261bf12ed4"",""sourceKey"":""TS_GP_BOP_WR_M.WR0040"",""retrievedAt"":""2026-09-30T22:08:37.180Z"",""locator"":{""seriesKey"":""TS_GP_BOP_WR_M.WR0040"",""observationDate"":""2024-01-31"",""row"":32,""column"":5,""columns"":{""seriesKey"":2,""date"":4,""value"":5,""unit"":6,""status"":7,""comments"":8}},""rawValue"":""587.3815722""},""uae"":{""artifactId"":""TS_GP_BOP_WR_M.WR0050:e9f7e07077af64a3000a4e1064bfa07c0b714f0978b7b6a09c022311b191dff4:b0852540e72d"",""sourceKey"":""TS_GP_BOP_WR_M.WR0050"",""retrievedAt"":""2026-09-30T22:08:38.170Z"",""locator"":{""seriesKey"":""TS_GP_BOP_WR_M.WR0050"",""observationDate"":""2024-01-31"",""row"":32,""column"":5,""columns"":{""seriesKey"":2,""date"":4,""value"":5,""unit"":6,""status"":7,""comments"":8}},""rawValue"":""407.6332926""},""otherGcc"":{""artifactId"":""TS_GP_BOP_WR_M.WR0100:4080e7d652e64db1faf775bf10dcc9c7cbc18714009fd4209eaaab5e194ece94:8a4ff6653ef2"",""sourceKey"":""TS_GP_BOP_WR_M.WR0100"",""retrievedAt"":""2026-09-30T22:08:36.936Z"",""locator"":{""seriesKey"":""TS_GP_BOP_WR_M.WR0100"",""observationDate"":""2024-01-31"",""row"":32,""column"":5,""columns"":{""seriesKey"":2,""date"":4,""value"":5,""unit"":6,""status"":7,""comments"":8}},""rawValue"":""252.7814634""},""eu"":{""artifactId"":""TS_GP_BOP_WR_M.WR0150:7ddc2e9ecd25bf191717360ce0b2fb2948500282b9f5264d8397c200b762263a:6a93cf6c3219"",""sourceKey"":""TS_GP_BOP_WR_M.WR0150"",""retrievedAt"":""2026-09-30T22:08:37.080Z"",""locator"":{""seriesKey"":""TS_GP_BOP_WR_M.WR0150"",""observationDate"":""2024-01-31"",""row"":32,""column"":5,""columns"":{""seriesKey"":2,""date"":4,""value"":5,""unit"":6,""status"":7,""comments"":8}},""rawValue"":""290.1933703""}}","{""total"":{""observationDate"":""2024-01-31"",""status"":""not-stated"",""sourceStatus"":""Normal"",""comments"":"""",""unit"":""Million USD"",""missingReason"":null},""usa"":{""observationDate"":""2024-01-31"",""status"":""not-stated"",""sourceStatus"":""Normal"",""comments"":"""",""unit"":""Million USD"",""missingReason"":null},""uk"":{""observationDate"":""2024-01-31"",""status"":""not-stated"",""sourceStatus"":""Normal"",""comments"":"""",""unit"":""Million USD"",""missingReason"":null},""saudiArabia"":{""observationDate"":""2024-01-31"",""status"":""not-stated"",""sourceStatus"":""Normal"",""comments"":"""",""unit"":""Million USD"",""missingReason"":null},""uae"":{""observationDate"":""2024-01-31"",""status"":""not-stated"",""sourceStatus"":""Normal"",""comments"":"""",""unit"":""Million USD"",""missingReason"":null},""otherGcc"":{""observationDate"":""2024-01-31"",""status"":""not-stated"",""sourceStatus"":""Normal"",""comments"":"""",""unit"":""Million USD"",""missingReason"":null},""eu"":{""observationDate"":""2024-01-31"",""status"":""not-stated"",""sourceStatus"":""Normal"",""comments"":"""",""unit"":""Million USD"",""missingReason"":null}}"
2024-02,2250.147228,539.9134446,384.7641596,346.0127345,287.4143166,232.2032111,263.4397576,"{""total"":{""artifactId"":""TS_GP_BOP_WR_M.WR0010:beff53d74ac04b0f76a7669282f3036df37342e97a32ac615a4f716961de04b1:2c11aac59663"",""sourceKey"":""TS_GP_BOP_WR_M.WR0010"",""retrievedAt"":""2026-09-30T22:08:37.395Z"",""locator"":{""seriesKey"":""TS_GP_BOP_WR_M.WR0010"",""observationDate"":""2024-02-29"",""row"":31,""column"":5,""columns"":{""seriesKey"":2,""date"":4,""value"":5,""unit"":6,""status"":7,""comments"":8}},""rawValue"":""2250.147228""},""usa"":{""artifactId"":""TS_GP_BOP_WR_M.WR0020:a18d140751c825853ed0590e3475b36d8eba5c5d12ffe197a243645ced0f41ee:52d183468b82"",""sourceKey"":""TS_GP_BOP_WR_M.WR0020"",""retrievedAt"":""2026-09-30T22:08:37.284Z"",""locator"":{""seriesKey"":""TS_GP_BOP_WR_M.WR0020"",""observationDate"":""2024-02-29"",""row"":31,""column"":5,""columns"":{""seriesKey"":2,""date"":4,""value"":5,""unit"":6,""status"":7,""comments"":8}},""rawValue"":""287.4143166""},""uk"":{""artifactId"":""TS_GP_BOP_WR_M.WR0030:2980f682a83de35b64d5f9e870057b6b53234cc9184555d6814ab08f5b9716cd:16a760526d5b"",""sourceKey"":""TS_GP_BOP_WR_M.WR0030"",""retrievedAt"":""2026-09-30T22:08:38.374Z"",""locator"":{""seriesKey"":""TS_GP_BOP_WR_M.WR0030"",""observationDate"":""2024-02-29"",""row"":31,""column"":5,""columns"":{""seriesKey"":2,""date"":4,""value"":5,""unit"":6,""status"":7,""comments"":8}},""rawValue"":""346.0127345""},""saudiArabia"":{""artifactId"":""TS_GP_BOP_WR_M.WR0040:7fd29b7dd6648ad26354877eb8c73478ca5af5a4f4d1dc206c809a474a2b63cb:7b261bf12ed4"",""sourceKey"":""TS_GP_BOP_WR_M.WR0040"",""retrievedAt"":""2026-09-30T22:08:37.180Z"",""locator"":{""seriesKey"":""TS_GP_BOP_WR_M.WR0040"",""observationDate"":""2024-02-29"",""row"":31,""column"":5,""columns"":{""seriesKey"":2,""date"":4,""value"":5,""unit"":6,""status"":7,""comments"":8}},""rawValue"":""539.9134446""},""uae"":{""artifactId"":""TS_GP_BOP_WR_M.WR0050:e9f7e07077af64a3000a4e1064bfa07c0b714f0978b7b6a09c022311b191dff4:b0852540e72d"",""sourceKey"":""TS_GP_BOP_WR_M.WR0050"",""retrievedAt"":""2026-09-30T22:08:38.170Z"",""locator"":{""seriesKey"":""TS_GP_BOP_WR_M.WR0050"",""observationDate"":""2024-02-29"",""row"":31,""column"":5,""columns"":{""seriesKey"":2,""date"":4,""value"":5,""unit"":6,""status"":7,""comments"":8}},""rawValue"":""384.7641596""},""otherGcc"":{""artifactId"":""TS_GP_BOP_WR_M.WR0100:4080e7d652e64db1faf775bf10dcc9c7cbc18714009fd4209eaaab5e194ece94:8a4ff6653ef2"",""sourceKey"":""TS_GP_BOP_WR_M.WR0100"",""retrievedAt"":""2026-09-30T22:08:36.936Z"",""locator"":{""seriesKey"":""TS_GP_BOP_WR_M.WR0100"",""observationDate"":""2024-02-29"",""row"":31,""column"":5,""columns"":{""seriesKey"":2,""date"":4,""value"":5,""unit"":6,""status"":7,""comments"":8}},""rawValue"":""232.2032111""},""eu"":{""artifactId"":""TS_GP_BOP_WR_M.WR0150:7ddc2e9ecd25bf191717360ce0b2fb2948500282b9f5264d8397c200b762263a:6a93cf6c3219"",""sourceKey"":""TS_GP_BOP_WR_M.WR0150"",""retrievedAt"":""2026-09-30T22:08:37.080Z"",""locator"":{""seriesKey"":""TS_GP_BOP_WR_M.WR0150"",""observationDate"":""2024-02-29"",""row"":31,""column"":5,""columns"":{""seriesKey"":2,""date"":4,""value"":5,""unit"":6,""status"":7,""comments"":8}},""rawValue"":""263.4397576""}}","{""total"":{""observationDate"":""2024-02-29"",""status"":""not-stated"",""sourceStatus"":""Normal"",""comments"":"""",""unit"":""Million USD"",""missingReason"":null},""usa"":{""observationDate"":""2024-02-29"",""status"":""not-stated"",""sourceStatus"":""Normal"",""comments"":"""",""unit"":""Million USD"",""missingReason"":null},""uk"":{""observationDate"":""2024-02-29"",""status"":""not-stated"",""sourceStatus"":""Normal"",""comments"":"""",""unit"":""Million USD"",""missingReason"":null},""saudiArabia"":{""observationDate"":""2024-02-29"",""status"":""not-stated"",""sourceStatus"":""Normal"",""comments"":"""",""unit"":""Million USD"",""missingReason"":null},""uae"":{""observationDate"":""2024-02-29"",""status"":""not-stated"",""sourceStatus"":""Normal"",""comments"":"""",""unit"":""Million USD"",""missingReason"":null},""otherGcc"":{""observationDate"":""2024-02-29"",""status"":""not-stated"",""sourceStatus"":""Normal"",""comments"":"""",""unit"":""Million USD"",""missingReason"":null},""eu"":{""observationDate"":""2024-02-29"",""status"":""not-stated"",""sourceStatus"":""Normal"",""comments"":"""",""unit"":""Million USD"",""missingReason"":null}}"
2024-03,2953.980816,703.0526642,548.4671013,461.5259287,372.5480363,302.7270332,314.7152968,"{""total"":{""artifactId"":""TS_GP_BOP_WR_M.WR0010:beff53d74ac04b0f76a7669282f3036df37342e97a32ac615a4f716961de04b1:2c11aac59663"",""sourceKey"":""TS_GP_BOP_WR_M.WR0010"",""retrievedAt"":""2026-09-30T22:08:37.395Z"",""locator"":{""seriesKey"":""TS_GP_BOP_WR_M.WR0010"",""observationDate"":""2024-03-31"",""row"":30,""column"":5,""columns"":{""seriesKey"":2,""date"":4,""value"":5,""unit"":6,""status"":7,""comments"":8}},""rawValue"":""2953.980816""},""usa"":{""artifactId"":""TS_GP_BOP_WR_M.WR0020:a18d140751c825853ed0590e3475b36d8eba5c5d12ffe197a243645ced0f41ee:52d183468b82"",""sourceKey"":""TS_GP_BOP_WR_M.WR0020"",""retrievedAt"":""2026-09-30T22:08:37.284Z"",""locator"":{""seriesKey"":""TS_GP_BOP_WR_M.WR0020"",""observationDate"":""2024-03-31"",""row"":30,""column"":5,""columns"":{""seriesKey"":2,""date"":4,""value"":5,""unit"":6,""status"":7,""comments"":8}},""rawValue"":""372.5480363""},""uk"":{""artifactId"":""TS_GP_BOP_WR_M.WR0030:2980f682a83de35b64d5f9e870057b6b53234cc9184555d6814ab08f5b9716cd:16a760526d5b"",""sourceKey"":""TS_GP_BOP_WR_M.WR0030"",""retrievedAt"":""2026-09-30T22:08:38.374Z"",""locator"":{""seriesKey"":""TS_GP_BOP_WR_M.WR0030"",""observationDate"":""2024-03-31"",""row"":30,""column"":5,""columns"":{""seriesKey"":2,""date"":4,""value"":5,""unit"":6,""status"":7,""comments"":8}},""rawValue"":""461.5259287""},""saudiArabia"":{""artifactId"":""TS_GP_BOP_WR_M.WR0040:7fd29b7dd6648ad26354877eb8c73478ca5af5a4f4d1dc206c809a474a2b63cb:7b261bf12ed4"",""sourceKey"":""TS_GP_BOP_WR_M.WR0040"",""retrievedAt"":""2026-09-30T22:08:37.180Z"",""locator"":{""seriesKey"":""TS_GP_BOP_WR_M.WR0040"",""observationDate"":""2024-03-31"",""row"":30,""column"":5,""columns"":{""seriesKey"":2,""date"":4,""value"":5,""unit"":6,""status"":7,""comments"":8}},""rawValue"":""703.0526642""},""uae"":{""artifactId"":""TS_GP_BOP_WR_M.WR0050:e9f7e07077af64a3000a4e1064bfa07c0b714f0978b7b6a09c022311b191dff4:b0852540e72d"",""sourceKey"":""TS_GP_BOP_WR_M.WR0050"",""retrievedAt"":""2026-09-30T22:08:38.170Z"",""locator"":{""seriesKey"":""TS_GP_BOP_WR_M.WR0050"",""observationDate"":""2024-03-31"",""row"":30,""column"":5,""columns"":{""seriesKey"":2,""date"":4,""value"":5,""unit"":6,""status"":7,""comments"":8}},""rawValue"":""548.4671013""},""otherGcc"":{""artifactId"":""TS_GP_BOP_WR_M.WR0100:4080e7d652e64db1faf775bf10dcc9c7cbc18714009fd4209eaaab5e194ece94:8a4ff6653ef2"",""sourceKey"":""TS_GP_BOP_WR_M.WR0100"",""retrievedAt"":""2026-09-30T22:08:36.936Z"",""locator"":{""seriesKey"":""TS_GP_BOP_WR_M.WR0100"",""observationDate"":""2024-03-31"",""row"":30,""column"":5,""columns"":{""seriesKey"":2,""date"":4,""value"":5,""unit"":6,""status"":7,""comments"":8}},""rawValue"":""302.7270332""},""eu"":{""artifactId"":""TS_GP_BOP_WR_M.WR0150:7ddc2e9ecd25bf191717360ce0b2fb2948500282b9f5264d8397c200b762263a:6a93cf6c3219"",""sourceKey"":""TS_GP_BOP_WR_M.WR0150"",""retrievedAt"":""2026-09-30T22:08:37.080Z"",""locator"":{""seriesKey"":""TS_GP_BOP_WR_M.WR0150"",""observationDate"":""2024-03-31"",""row"":30,""column"":5,""columns"":{""seriesKey"":2,""date"":4,""value"":5,""unit"":6,""status"":7,""comments"":8}},""rawValue"":""314.7152968""}}","{""total"":{""observationDate"":""2024-03-31"",""status"":""not-stated"",""sourceStatus"":""Normal"",""comments"":"""",""unit"":""Million USD"",""missingReason"":null},""usa"":{""observationDate"":""2024-03-31"",""status"":""not-stated"",""sourceStatus"":""Normal"",""comments"":"""",""unit"":""Million USD"",""missingReason"":null},""uk"":{""observationDate"":""2024-03-31"",""status"":""not-stated"",""sourceStatus"":""Normal"",""comments"":"""",""unit"":""Million USD"",""missingReason"":null},""saudiArabia"":{""observationDate"":""2024-03-31"",""status"":""not-stated"",""sourceStatus"":""Normal"",""comments"":"""",""unit"":""Million USD"",""missingReason"":null},""uae"":{""observationDate"":""2024-03-31"",""status"":""not-stated"",""sourceStatus"":""Normal"",""comments"":"""",""unit"":""Million USD"",""missingReason"":null},""otherGcc"":{""observationDate"":""2024-03-31"",""status"":""not-stated"",""sourceStatus"":""Normal"",""comments"":"""",""unit"":""Million USD"",""missingReason"":null},""eu"":{""observationDate"":""2024-03-31"",""status"":""not-stated"",""sourceStatus"":""Normal"",""comments"":"""",""unit"":""Million USD"",""missingReason"":null}}"
2024-04,2813.267052,712.1509537,542.4612633,403.225012,329.8561818,288.3625139,297.9798322,"{""total"":{""artifactId"":""TS_GP_BOP_WR_M.WR0010:beff53d74ac04b0f76a7669282f3036df37342e97a32ac615a4f716961de04b1:2c11aac59663"",""sourceKey"":""TS_GP_BOP_WR_M.WR0010"",""retrievedAt"":""2026-09-30T22:08:37.395Z"",""locator"":{""seriesKey"":""TS_GP_BOP_WR_M.WR0010"",""observationDate"":""2024-04-30"",""row"":29,""column"":5,""columns"":{""seriesKey"":2,""date"":4,""value"":5,""unit"":6,""status"":7,""comments"":8}},""rawValue"":""2813.267052""},""usa"":{""artifactId"":""TS_GP_BOP_WR_M.WR0020:a18d140751c825853ed0590e3475b36d8eba5c5d12ffe197a243645ced0f41ee:52d183468b82"",""sourceKey"":""TS_GP_BOP_WR_M.WR0020"",""retrievedAt"":""2026-09-30T22:08:37.284Z"",""locator"":{""seriesKey"":""TS_GP_BOP_WR_M.WR0020"",""observationDate"":""2024-04-30"",""row"":29,""column"":5,""columns"":{""seriesKey"":2,""date"":4,""value"":5,""unit"":6,""status"":7,""comments"":8}},""rawValue"":""329.8561818""},""uk"":{""artifactId"":""TS_GP_BOP_WR_M.WR0030:2980f682a83de35b64d5f9e870057b6b53234cc9184555d6814ab08f5b9716cd:16a760526d5b"",""sourceKey"":""TS_GP_BOP_WR_M.WR0030"",""retrievedAt"":""2026-09-30T22:08:38.374Z"",""locator"":{""seriesKey"":""TS_GP_BOP_WR_M.WR0030"",""observationDate"":""2024-04-30"",""row"":29,""column"":5,""columns"":{""seriesKey"":2,""date"":4,""value"":5,""unit"":6,""status"":7,""comments"":8}},""rawValue"":""403.225012""},""saudiArabia"":{""artifactId"":""TS_GP_BOP_WR_M.WR0040:7fd29b7dd6648ad26354877eb8c73478ca5af5a4f4d1dc206c809a474a2b63cb:7b261bf12ed4"",""sourceKey"":""TS_GP_BOP_WR_M.WR0040"",""retrievedAt"":""2026-09-30T22:08:37.180Z"",""locator"":{""seriesKey"":""TS_GP_BOP_WR_M.WR0040"",""observationDate"":""2024-04-30"",""row"":29,""column"":5,""columns"":{""seriesKey"":2,""date"":4,""value"":5,""unit"":6,""status"":7,""comments"":8}},""rawValue"":""712.1509537""},""uae"":{""artifactId"":""TS_GP_BOP_WR_M.WR0050:e9f7e07077af64a3000a4e1064bfa07c0b714f0978b7b6a09c022311b191dff4:b0852540e72d"",""sourceKey"":""TS_GP_BOP_WR_M.WR0050"",""retrievedAt"":""2026-09-30T22:08:38.170Z"",""locator"":{""seriesKey"":""TS_GP_BOP_WR_M.WR0050"",""observationDate"":""2024-04-30"",""row"":29,""column"":5,""columns"":{""seriesKey"":2,""date"":4,""value"":5,""unit"":6,""status"":7,""comments"":8}},""rawValue"":""542.4612633""},""otherGcc"":{""artifactId"":""TS_GP_BOP_WR_M.WR0100:4080e7d652e64db1faf775bf10dcc9c7cbc18714009fd4209eaaab5e194ece94:8a4ff6653ef2"",""sourceKey"":""TS_GP_BOP_WR_M.WR0100"",""retrievedAt"":""2026-09-30T22:08:36.936Z"",""locator"":{""seriesKey"":""TS_GP_BOP_WR_M.WR0100"",""observationDate"":""2024-04-30"",""row"":29,""column"":5,""columns"":{""seriesKey"":2,""date"":4,""value"":5,""unit"":6,""status"":7,""comments"":8}},""rawValue"":""288.3625139""},""eu"":{""artifactId"":""TS_GP_BOP_WR_M.WR0150:7ddc2e9ecd25bf191717360ce0b2fb2948500282b9f5264d8397c200b762263a:6a93cf6c3219"",""sourceKey"":""TS_GP_BOP_WR_M.WR0150"",""retrievedAt"":""2026-09-30T22:08:37.080Z"",""locator"":{""seriesKey"":""TS_GP_BOP_WR_M.WR0150"",""observationDate"":""2024-04-30"",""row"":29,""column"":5,""columns"":{""seriesKey"":2,""date"":4,""value"":5,""unit"":6,""status"":7,""comments"":8}},""rawValue"":""297.9798322""}}","{""total"":{""observationDate"":""2024-04-30"",""status"":""not-stated"",""sourceStatus"":""Normal"",""comments"":"""",""unit"":""Million USD"",""missingReason"":null},""usa"":{""observationDate"":""2024-04-30"",""status"":""not-stated"",""sourceStatus"":""Normal"",""comments"":"""",""unit"":""Million USD"",""missingReason"":null},""uk"":{""observationDate"":""2024-04-30"",""status"":""not-stated"",""sourceStatus"":""Normal"",""comments"":"""",""unit"":""Million USD"",""missingReason"":null},""saudiArabia"":{""observationDate"":""2024-04-30"",""status"":""not-stated"",""sourceStatus"":""Normal"",""comments"":"""",""unit"":""Million USD"",""missingReason"":null},""uae"":{""observationDate"":""2024-04-30"",""status"":""not-stated"",""sourceStatus"":""Normal"",""comments"":"""",""unit"":""Million USD"",""missingReason"":null},""otherGcc"":{""observationDate"":""2024-04-30"",""status"":""not-stated"",""sourceStatus"":""Normal"",""comments"":"""",""unit"":""Million USD"",""missingReason"":null},""eu"":{""observationDate"":""2024-04-30"",""status"":""not-stated"",""sourceStatus"":""Normal"",""comments"":"""",""unit"":""Million USD"",""missingReason"":null}}"
2024-05,3242.226877,819.0183586,668.424931,473.076569,359.4362731,313.9801589,339.9149654,"{""total"":{""artifactId"":""TS_GP_BOP_WR_M.WR0010:beff53d74ac04b0f76a7669282f3036df37342e97a32ac615a4f716961de04b1:2c11aac59663"",""sourceKey"":""TS_GP_BOP_WR_M.WR0010"",""retrievedAt"":""2026-09-30T22:08:37.395Z"",""locator"":{""seriesKey"":""TS_GP_BOP_WR_M.WR0010"",""observationDate"":""2024-05-31"",""row"":28,""column"":5,""columns"":{""seriesKey"":2,""date"":4,""value"":5,""unit"":6,""status"":7,""comments"":8}},""rawValue"":""3242.226877""},""usa"":{""artifactId"":""TS_GP_BOP_WR_M.WR0020:a18d140751c825853ed0590e3475b36d8eba5c5d12ffe197a243645ced0f41ee:52d183468b82"",""sourceKey"":""TS_GP_BOP_WR_M.WR0020"",""retrievedAt"":""2026-09-30T22:08:37.284Z"",""locator"":{""seriesKey"":""TS_GP_BOP_WR_M.WR0020"",""observationDate"":""2024-05-31"",""row"":28,""column"":5,""columns"":{""seriesKey"":2,""date"":4,""value"":5,""unit"":6,""status"":7,""comments"":8}},""rawValue"":""359.4362731""},""uk"":{""artifactId"":""TS_GP_BOP_WR_M.WR0030:2980f682a83de35b64d5f9e870057b6b53234cc9184555d6814ab08f5b9716cd:16a760526d5b"",""sourceKey"":""TS_GP_BOP_WR_M.WR0030"",""retrievedAt"":""2026-09-30T22:08:38.374Z"",""locator"":{""seriesKey"":""TS_GP_BOP_WR_M.WR0030"",""observationDate"":""2024-05-31"",""row"":28,""column"":5,""columns"":{""seriesKey"":2,""date"":4,""value"":5,""unit"":6,""status"":7,""comments"":8}},""rawValue"":""473.076569""},""saudiArabia"":{""artifactId"":""TS_GP_BOP_WR_M.WR0040:7fd29b7dd6648ad26354877eb8c73478ca5af5a4f4d1dc206c809a474a2b63cb:7b261bf12ed4"",""sourceKey"":""TS_GP_BOP_WR_M.WR0040"",""retrievedAt"":""2026-09-30T22:08:37.180Z"",""locator"":{""seriesKey"":""TS_GP_BOP_WR_M.WR0040"",""observationDate"":""2024-05-31"",""row"":28,""column"":5,""columns"":{""seriesKey"":2,""date"":4,""value"":5,""unit"":6,""status"":7,""comments"":8}},""rawValue"":""819.0183586""},""uae"":{""artifactId"":""TS_GP_BOP_WR_M.WR0050:e9f7e07077af64a3000a4e1064bfa07c0b714f0978b7b6a09c022311b191dff4:b0852540e72d"",""sourceKey"":""TS_GP_BOP_WR_M.WR0050"",""retrievedAt"":""2026-09-30T22:08:38.170Z"",""locator"":{""seriesKey"":""TS_GP_BOP_WR_M.WR0050"",""observationDate"":""2024-05-31"",""row"":28,""column"":5,""columns"":{""seriesKey"":2,""date"":4,""value"":5,""unit"":6,""status"":7,""comments"":8}},""rawValue"":""668.424931""},""otherGcc"":{""artifactId"":""TS_GP_BOP_WR_M.WR0100:4080e7d652e64db1faf775bf10dcc9c7cbc18714009fd4209eaaab5e194ece94:8a4ff6653ef2"",""sourceKey"":""TS_GP_BOP_WR_M.WR0100"",""retrievedAt"":""2026-09-30T22:08:36.936Z"",""locator"":{""seriesKey"":""TS_GP_BOP_WR_M.WR0100"",""observationDate"":""2024-05-31"",""row"":28,""column"":5,""columns"":{""seriesKey"":2,""date"":4,""value"":5,""unit"":6,""status"":7,""comments"":8}},""rawValue"":""313.9801589""},""eu"":{""artifactId"":""TS_GP_BOP_WR_M.WR0150:7ddc2e9ecd25bf191717360ce0b2fb2948500282b9f5264d8397c200b762263a:6a93cf6c3219"",""sourceKey"":""TS_GP_BOP_WR_M.WR0150"",""retrievedAt"":""2026-09-30T22:08:37.080Z"",""locator"":{""seriesKey"":""TS_GP_BOP_WR_M.WR0150"",""observationDate"":""2024-05-31"",""row"":28,""column"":5,""columns"":{""seriesKey"":2,""date"":4,""value"":5,""unit"":6,""status"":7,""comments"":8}},""rawValue"":""339.9149654""}}","{""total"":{""observationDate"":""2024-05-31"",""status"":""not-stated"",""sourceStatus"":""Normal"",""comments"":"""",""unit"":""Million USD"",""missingReason"":null},""usa"":{""observationDate"":""2024-05-31"",""status"":""not-stated"",""sourceStatus"":""Normal"",""comments"":"""",""unit"":""Million USD"",""missingReason"":null},""uk"":{""observationDate"":""2024-05-31"",""status"":""not-stated"",""sourceStatus"":""Normal"",""comments"":"""",""unit"":""Million USD"",""missingReason"":null},""saudiArabia"":{""observationDate"":""2024-05-31"",""status"":""not-stated"",""sourceStatus"":""Normal"",""comments"":"""",""unit"":""Million USD"",""missingReason"":null},""uae"":{""observationDate"":""2024-05-31"",""status"":""not-stated"",""sourceStatus"":""Normal"",""comments"":"""",""unit"":""Million USD"",""missingReason"":null},""otherGcc"":{""observationDate"":""2024-05-31"",""status"":""not-stated"",""sourceStatus"":""Normal"",""comments"":"""",""unit"":""Million USD"",""missingReason"":null},""eu"":{""observationDate"":""2024-05-31"",""status"":""not-stated"",""sourceStatus"":""Normal"",""comments"":"""",""unit"":""Million USD"",""missingReason"":null}}"
2024-06,3158.138862,808.5991222,654.3558463,487.4142204,321.9497788,301.2356668,330.1297067,"{""total"":{""artifactId"":""TS_GP_BOP_WR_M.WR0010:beff53d74ac04b0f76a7669282f3036df37342e97a32ac615a4f716961de04b1:2c11aac59663"",""sourceKey"":""TS_GP_BOP_WR_M.WR0010"",""retrievedAt"":""2026-09-30T22:08:37.395Z"",""locator"":{""seriesKey"":""TS_GP_BOP_WR_M.WR0010"",""observationDate"":""2024-06-30"",""row"":27,""column"":5,""columns"":{""seriesKey"":2,""date"":4,""value"":5,""unit"":6,""status"":7,""comments"":8}},""rawValue"":""3158.138862""},""usa"":{""artifactId"":""TS_GP_BOP_WR_M.WR0020:a18d140751c825853ed0590e3475b36d8eba5c5d12ffe197a243645ced0f41ee:52d183468b82"",""sourceKey"":""TS_GP_BOP_WR_M.WR0020"",""retrievedAt"":""2026-09-30T22:08:37.284Z"",""locator"":{""seriesKey"":""TS_GP_BOP_WR_M.WR0020"",""observationDate"":""2024-06-30"",""row"":27,""column"":5,""columns"":{""seriesKey"":2,""date"":4,""value"":5,""unit"":6,""status"":7,""comments"":8}},""rawValue"":""321.9497788""},""uk"":{""artifactId"":""TS_GP_BOP_WR_M.WR0030:2980f682a83de35b64d5f9e870057b6b53234cc9184555d6814ab08f5b9716cd:16a760526d5b"",""sourceKey"":""TS_GP_BOP_WR_M.WR0030"",""retrievedAt"":""2026-09-30T22:08:38.374Z"",""locator"":{""seriesKey"":""TS_GP_BOP_WR_M.WR0030"",""observationDate"":""2024-06-30"",""row"":27,""column"":5,""columns"":{""seriesKey"":2,""date"":4,""value"":5,""unit"":6,""status"":7,""comments"":8}},""rawValue"":""487.4142204""},""saudiArabia"":{""artifactId"":""TS_GP_BOP_WR_M.WR0040:7fd29b7dd6648ad26354877eb8c73478ca5af5a4f4d1dc206c809a474a2b63cb:7b261bf12ed4"",""sourceKey"":""TS_GP_BOP_WR_M.WR0040"",""retrievedAt"":""2026-09-30T22:08:37.180Z"",""locator"":{""seriesKey"":""TS_GP_BOP_WR_M.WR0040"",""observationDate"":""2024-06-30"",""row"":27,""column"":5,""columns"":{""seriesKey"":2,""date"":4,""value"":5,""unit"":6,""status"":7,""comments"":8}},""rawValue"":""808.5991222""},""uae"":{""artifactId"":""TS_GP_BOP_WR_M.WR0050:e9f7e07077af64a3000a4e1064bfa07c0b714f0978b7b6a09c022311b191dff4:b0852540e72d"",""sourceKey"":""TS_GP_BOP_WR_M.WR0050"",""retrievedAt"":""2026-09-30T22:08:38.170Z"",""locator"":{""seriesKey"":""TS_GP_BOP_WR_M.WR0050"",""observationDate"":""2024-06-30"",""row"":27,""column"":5,""columns"":{""seriesKey"":2,""date"":4,""value"":5,""unit"":6,""status"":7,""comments"":8}},""rawValue"":""654.3558463""},""otherGcc"":{""artifactId"":""TS_GP_BOP_WR_M.WR0100:4080e7d652e64db1faf775bf10dcc9c7cbc18714009fd4209eaaab5e194ece94:8a4ff6653ef2"",""sourceKey"":""TS_GP_BOP_WR_M.WR0100"",""retrievedAt"":""2026-09-30T22:08:36.936Z"",""locator"":{""seriesKey"":""TS_GP_BOP_WR_M.WR0100"",""observationDate"":""2024-06-30"",""row"":27,""column"":5,""columns"":{""seriesKey"":2,""date"":4,""value"":5,""unit"":6,""status"":7,""comments"":8}},""rawValue"":""301.2356668""},""eu"":{""artifactId"":""TS_GP_BOP_WR_M.WR0150:7ddc2e9ecd25bf191717360ce0b2fb2948500282b9f5264d8397c200b762263a:6a93cf6c3219"",""sourceKey"":""TS_GP_BOP_WR_M.WR0150"",""retrievedAt"":""2026-09-30T22:08:37.080Z"",""locator"":{""seriesKey"":""TS_GP_BOP_WR_M.WR0150"",""observationDate"":""2024-06-30"",""row"":27,""column"":5,""columns"":{""seriesKey"":2,""date"":4,""value"":5,""unit"":6,""status"":7,""comments"":8}},""rawValue"":""330.1297067""}}","{""total"":{""observationDate"":""2024-06-30"",""status"":""not-stated"",""sourceStatus"":""Normal"",""comments"":"""",""unit"":""Million USD"",""missingReason"":null},""usa"":{""observationDate"":""2024-06-30"",""status"":""not-stated"",""sourceStatus"":""Normal"",""comments"":"""",""unit"":""Million USD"",""missingReason"":null},""uk"":{""observationDate"":""2024-06-30"",""status"":""not-stated"",""sourceStatus"":""Normal"",""comments"":"""",""unit"":""Million USD"",""missingReason"":null},""saudiArabia"":{""observationDate"":""2024-06-30"",""status"":""not-stated"",""sourceStatus"":""Normal"",""comments"":"""",""unit"":""Million USD"",""missingReason"":null},""uae"":{""observationDate"":""2024-06-30"",""status"":""not-stated"",""sourceStatus"":""Normal"",""comments"":"""",""unit"":""Million USD"",""missingReason"":null},""otherGcc"":{""observationDate"":""2024-06-30"",""status"":""not-stated"",""sourceStatus"":""Normal"",""comments"":"""",""unit"":""Million USD"",""missingReason"":null},""eu"":{""observationDate"":""2024-06-30"",""status"":""not-stated"",""sourceStatus"":""Normal"",""comments"":"""",""unit"":""Million USD"",""missingReason"":null}}"
2024-07,2993.99974,760.0940215,611.2493252,443.4701219,300.0597808,288.3691847,350.8085791,"{""total"":{""artifactId"":""TS_GP_BOP_WR_M.WR0010:beff53d74ac04b0f76a7669282f3036df37342e97a32ac615a4f716961de04b1:2c11aac59663"",""sourceKey"":""TS_GP_BOP_WR_M.WR0010"",""retrievedAt"":""2026-09-30T22:08:37.395Z"",""locator"":{""seriesKey"":""TS_GP_BOP_WR_M.WR0010"",""observationDate"":""2024-07-31"",""row"":26,""column"":5,""columns"":{""seriesKey"":2,""date"":4,""value"":5,""unit"":6,""status"":7,""comments"":8}},""rawValue"":""2993.99974""},""usa"":{""artifactId"":""TS_GP_BOP_WR_M.WR0020:a18d140751c825853ed0590e3475b36d8eba5c5d12ffe197a243645ced0f41ee:52d183468b82"",""sourceKey"":""TS_GP_BOP_WR_M.WR0020"",""retrievedAt"":""2026-09-30T22:08:37.284Z"",""locator"":{""seriesKey"":""TS_GP_BOP_WR_M.WR0020"",""observationDate"":""2024-07-31"",""row"":26,""column"":5,""columns"":{""seriesKey"":2,""date"":4,""value"":5,""unit"":6,""status"":7,""comments"":8}},""rawValue"":""300.0597808""},""uk"":{""artifactId"":""TS_GP_BOP_WR_M.WR0030:2980f682a83de35b64d5f9e870057b6b53234cc9184555d6814ab08f5b9716cd:16a760526d5b"",""sourceKey"":""TS_GP_BOP_WR_M.WR0030"",""retrievedAt"":""2026-09-30T22:08:38.374Z"",""locator"":{""seriesKey"":""TS_GP_BOP_WR_M.WR0030"",""observationDate"":""2024-07-31"",""row"":26,""column"":5,""columns"":{""seriesKey"":2,""date"":4,""value"":5,""unit"":6,""status"":7,""comments"":8}},""rawValue"":""443.4701219""},""saudiArabia"":{""artifactId"":""TS_GP_BOP_WR_M.WR0040:7fd29b7dd6648ad26354877eb8c73478ca5af5a4f4d1dc206c809a474a2b63cb:7b261bf12ed4"",""sourceKey"":""TS_GP_BOP_WR_M.WR0040"",""retrievedAt"":""2026-09-30T22:08:37.180Z"",""locator"":{""seriesKey"":""TS_GP_BOP_WR_M.WR0040"",""observationDate"":""2024-07-31"",""row"":26,""column"":5,""columns"":{""seriesKey"":2,""date"":4,""value"":5,""unit"":6,""status"":7,""comments"":8}},""rawValue"":""760.0940215""},""uae"":{""artifactId"":""TS_GP_BOP_WR_M.WR0050:e9f7e07077af64a3000a4e1064bfa07c0b714f0978b7b6a09c022311b191dff4:b0852540e72d"",""sourceKey"":""TS_GP_BOP_WR_M.WR0050"",""retrievedAt"":""2026-09-30T22:08:38.170Z"",""locator"":{""seriesKey"":""TS_GP_BOP_WR_M.WR0050"",""observationDate"":""2024-07-31"",""row"":26,""column"":5,""columns"":{""seriesKey"":2,""date"":4,""value"":5,""unit"":6,""status"":7,""comments"":8}},""rawValue"":""611.2493252""},""otherGcc"":{""artifactId"":""TS_GP_BOP_WR_M.WR0100:4080e7d652e64db1faf775bf10dcc9c7cbc18714009fd4209eaaab5e194ece94:8a4ff6653ef2"",""sourceKey"":""TS_GP_BOP_WR_M.WR0100"",""retrievedAt"":""2026-09-30T22:08:36.936Z"",""locator"":{""seriesKey"":""TS_GP_BOP_WR_M.WR0100"",""observationDate"":""2024-07-31"",""row"":26,""column"":5,""columns"":{""seriesKey"":2,""date"":4,""value"":5,""unit"":6,""status"":7,""comments"":8}},""rawValue"":""288.3691847""},""eu"":{""artifactId"":""TS_GP_BOP_WR_M.WR0150:7ddc2e9ecd25bf191717360ce0b2fb2948500282b9f5264d8397c200b762263a:6a93cf6c3219"",""sourceKey"":""TS_GP_BOP_WR_M.WR0150"",""retrievedAt"":""2026-09-30T22:08:37.080Z"",""locator"":{""seriesKey"":""TS_GP_BOP_WR_M.WR0150"",""observationDate"":""2024-07-31"",""row"":26,""column"":5,""columns"":{""seriesKey"":2,""date"":4,""value"":5,""unit"":6,""status"":7,""comments"":8}},""rawValue"":""350.8085791""}}","{""total"":{""observationDate"":""2024-07-31"",""status"":""not-stated"",""sourceStatus"":""Normal"",""comments"":"""",""unit"":""Million USD"",""missingReason"":null},""usa"":{""observationDate"":""2024-07-31"",""status"":""not-stated"",""sourceStatus"":""Normal"",""comments"":"""",""unit"":""Million USD"",""missingReason"":null},""uk"":{""observationDate"":""2024-07-31"",""status"":""not-stated"",""sourceStatus"":""Normal"",""comments"":"""",""unit"":""Million USD"",""missingReason"":null},""saudiArabia"":{""observationDate"":""2024-07-31"",""status"":""not-stated"",""sourceStatus"":""Normal"",""comments"":"""",""unit"":""Million USD"",""missingReason"":null},""uae"":{""observationDate"":""2024-07-31"",""status"":""not-stated"",""sourceStatus"":""Normal"",""comments"":"""",""unit"":""Million USD"",""missingReason"":null},""otherGcc"":{""observationDate"":""2024-07-31"",""status"":""not-stated"",""sourceStatus"":""Normal"",""comments"":"""",""unit"":""Million USD"",""missingReason"":null},""eu"":{""observationDate"":""2024-07-31"",""status"":""not-stated"",""sourceStatus"":""Normal"",""comments"":"""",""unit"":""Million USD"",""missingReason"":null}}"
2024-08,2942.812184,713.1203425,538.3521539,474.8489438,322.3864397,281.344513,375.8038979,"{""total"":{""artifactId"":""TS_GP_BOP_WR_M.WR0010:beff53d74ac04b0f76a7669282f3036df37342e97a32ac615a4f716961de04b1:2c11aac59663"",""sourceKey"":""TS_GP_BOP_WR_M.WR0010"",""retrievedAt"":""2026-09-30T22:08:37.395Z"",""locator"":{""seriesKey"":""TS_GP_BOP_WR_M.WR0010"",""observationDate"":""2024-08-31"",""row"":25,""column"":5,""columns"":{""seriesKey"":2,""date"":4,""value"":5,""unit"":6,""status"":7,""comments"":8}},""rawValue"":""2942.812184""},""usa"":{""artifactId"":""TS_GP_BOP_WR_M.WR0020:a18d140751c825853ed0590e3475b36d8eba5c5d12ffe197a243645ced0f41ee:52d183468b82"",""sourceKey"":""TS_GP_BOP_WR_M.WR0020"",""retrievedAt"":""2026-09-30T22:08:37.284Z"",""locator"":{""seriesKey"":""TS_GP_BOP_WR_M.WR0020"",""observationDate"":""2024-08-31"",""row"":25,""column"":5,""columns"":{""seriesKey"":2,""date"":4,""value"":5,""unit"":6,""status"":7,""comments"":8}},""rawValue"":""322.3864397""},""uk"":{""artifactId"":""TS_GP_BOP_WR_M.WR0030:2980f682a83de35b64d5f9e870057b6b53234cc9184555d6814ab08f5b9716cd:16a760526d5b"",""sourceKey"":""TS_GP_BOP_WR_M.WR0030"",""retrievedAt"":""2026-09-30T22:08:38.374Z"",""locator"":{""seriesKey"":""TS_GP_BOP_WR_M.WR0030"",""observationDate"":""2024-08-31"",""row"":25,""column"":5,""columns"":{""seriesKey"":2,""date"":4,""value"":5,""unit"":6,""status"":7,""comments"":8}},""rawValue"":""474.8489438""},""saudiArabia"":{""artifactId"":""TS_GP_BOP_WR_M.WR0040:7fd29b7dd6648ad26354877eb8c73478ca5af5a4f4d1dc206c809a474a2b63cb:7b261bf12ed4"",""sourceKey"":""TS_GP_BOP_WR_M.WR0040"",""retrievedAt"":""2026-09-30T22:08:37.180Z"",""locator"":{""seriesKey"":""TS_GP_BOP_WR_M.WR0040"",""observationDate"":""2024-08-31"",""row"":25,""column"":5,""columns"":{""seriesKey"":2,""date"":4,""value"":5,""unit"":6,""status"":7,""comments"":8}},""rawValue"":""713.1203425""},""uae"":{""artifactId"":""TS_GP_BOP_WR_M.WR0050:e9f7e07077af64a3000a4e1064bfa07c0b714f0978b7b6a09c022311b191dff4:b0852540e72d"",""sourceKey"":""TS_GP_BOP_WR_M.WR0050"",""retrievedAt"":""2026-09-30T22:08:38.170Z"",""locator"":{""seriesKey"":""TS_GP_BOP_WR_M.WR0050"",""observationDate"":""2024-08-31"",""row"":25,""column"":5,""columns"":{""seriesKey"":2,""date"":4,""value"":5,""unit"":6,""status"":7,""comments"":8}},""rawValue"":""538.3521539""},""otherGcc"":{""artifactId"":""TS_GP_BOP_WR_M.WR0100:4080e7d652e64db1faf775bf10dcc9c7cbc18714009fd4209eaaab5e194ece94:8a4ff6653ef2"",""sourceKey"":""TS_GP_BOP_WR_M.WR0100"",""retrievedAt"":""2026-09-30T22:08:36.936Z"",""locator"":{""seriesKey"":""TS_GP_BOP_WR_M.WR0100"",""observationDate"":""2024-08-31"",""row"":25,""column"":5,""columns"":{""seriesKey"":2,""date"":4,""value"":5,""unit"":6,""status"":7,""comments"":8}},""rawValue"":""281.344513""},""eu"":{""artifactId"":""TS_GP_BOP_WR_M.WR0150:7ddc2e9ecd25bf191717360ce0b2fb2948500282b9f5264d8397c200b762263a:6a93cf6c3219"",""sourceKey"":""TS_GP_BOP_WR_M.WR0150"",""retrievedAt"":""2026-09-30T22:08:37.080Z"",""locator"":{""seriesKey"":""TS_GP_BOP_WR_M.WR0150"",""observationDate"":""2024-08-31"",""row"":25,""column"":5,""columns"":{""seriesKey"":2,""date"":4,""value"":5,""unit"":6,""status"":7,""comments"":8}},""rawValue"":""375.8038979""}}","{""total"":{""observationDate"":""2024-08-31"",""status"":""not-stated"",""sourceStatus"":""Normal"",""comments"":"""",""unit"":""Million USD"",""missingReason"":null},""usa"":{""observationDate"":""2024-08-31"",""status"":""not-stated"",""sourceStatus"":""Normal"",""comments"":"""",""unit"":""Million USD"",""missingReason"":null},""uk"":{""observationDate"":""2024-08-31"",""status"":""not-stated"",""sourceStatus"":""Normal"",""comments"":"""",""unit"":""Million USD"",""missingReason"":null},""saudiArabia"":{""observationDate"":""2024-08-31"",""status"":""not-stated"",""sourceStatus"":""Normal"",""comments"":"""",""unit"":""Million USD"",""missingReason"":null},""uae"":{""observationDate"":""2024-08-31"",""status"":""not-stated"",""sourceStatus"":""Normal"",""comments"":"""",""unit"":""Million USD"",""missingReason"":null},""otherGcc"":{""observationDate"":""2024-08-31"",""status"":""not-stated"",""sourceStatus"":""Normal"",""comments"":"""",""unit"":""Million USD"",""missingReason"":null},""eu"":{""observationDate"":""2024-08-31"",""status"":""not-stated"",""sourceStatus"":""Normal"",""comments"":"""",""unit"":""Million USD"",""missingReason"":null}}"
2024-09,2859.516117,683.8489946,562.6521171,424.100234,277.713312,291.8491743,365.5219228,"{""total"":{""artifactId"":""TS_GP_BOP_WR_M.WR0010:beff53d74ac04b0f76a7669282f3036df37342e97a32ac615a4f716961de04b1:2c11aac59663"",""sourceKey"":""TS_GP_BOP_WR_M.WR0010"",""retrievedAt"":""2026-09-30T22:08:37.395Z"",""locator"":{""seriesKey"":""TS_GP_BOP_WR_M.WR0010"",""observationDate"":""2024-09-30"",""row"":24,""column"":5,""columns"":{""seriesKey"":2,""date"":4,""value"":5,""unit"":6,""status"":7,""comments"":8}},""rawValue"":""2859.516117""},""usa"":{""artifactId"":""TS_GP_BOP_WR_M.WR0020:a18d140751c825853ed0590e3475b36d8eba5c5d12ffe197a243645ced0f41ee:52d183468b82"",""sourceKey"":""TS_GP_BOP_WR_M.WR0020"",""retrievedAt"":""2026-09-30T22:08:37.284Z"",""locator"":{""seriesKey"":""TS_GP_BOP_WR_M.WR0020"",""observationDate"":""2024-09-30"",""row"":24,""column"":5,""columns"":{""seriesKey"":2,""date"":4,""value"":5,""unit"":6,""status"":7,""comments"":8}},""rawValue"":""277.713312""},""uk"":{""artifactId"":""TS_GP_BOP_WR_M.WR0030:2980f682a83de35b64d5f9e870057b6b53234cc9184555d6814ab08f5b9716cd:16a760526d5b"",""sourceKey"":""TS_GP_BOP_WR_M.WR0030"",""retrievedAt"":""2026-09-30T22:08:38.374Z"",""locator"":{""seriesKey"":""TS_GP_BOP_WR_M.WR0030"",""observationDate"":""2024-09-30"",""row"":24,""column"":5,""columns"":{""seriesKey"":2,""date"":4,""value"":5,""unit"":6,""status"":7,""comments"":8}},""rawValue"":""424.100234""},""saudiArabia"":{""artifactId"":""TS_GP_BOP_WR_M.WR0040:7fd29b7dd6648ad26354877eb8c73478ca5af5a4f4d1dc206c809a474a2b63cb:7b261bf12ed4"",""sourceKey"":""TS_GP_BOP_WR_M.WR0040"",""retrievedAt"":""2026-09-30T22:08:37.180Z"",""locator"":{""seriesKey"":""TS_GP_BOP_WR_M.WR0040"",""observationDate"":""2024-09-30"",""row"":24,""column"":5,""columns"":{""seriesKey"":2,""date"":4,""value"":5,""unit"":6,""status"":7,""comments"":8}},""rawValue"":""683.8489946""},""uae"":{""artifactId"":""TS_GP_BOP_WR_M.WR0050:e9f7e07077af64a3000a4e1064bfa07c0b714f0978b7b6a09c022311b191dff4:b0852540e72d"",""sourceKey"":""TS_GP_BOP_WR_M.WR0050"",""retrievedAt"":""2026-09-30T22:08:38.170Z"",""locator"":{""seriesKey"":""TS_GP_BOP_WR_M.WR0050"",""observationDate"":""2024-09-30"",""row"":24,""column"":5,""columns"":{""seriesKey"":2,""date"":4,""value"":5,""unit"":6,""status"":7,""comments"":8}},""rawValue"":""562.6521171""},""otherGcc"":{""artifactId"":""TS_GP_BOP_WR_M.WR0100:4080e7d652e64db1faf775bf10dcc9c7cbc18714009fd4209eaaab5e194ece94:8a4ff6653ef2"",""sourceKey"":""TS_GP_BOP_WR_M.WR0100"",""retrievedAt"":""2026-09-30T22:08:36.936Z"",""locator"":{""seriesKey"":""TS_GP_BOP_WR_M.WR0100"",""observationDate"":""2024-09-30"",""row"":24,""column"":5,""columns"":{""seriesKey"":2,""date"":4,""value"":5,""unit"":6,""status"":7,""comments"":8}},""rawValue"":""291.8491743""},""eu"":{""artifactId"":""TS_GP_BOP_WR_M.WR0150:7ddc2e9ecd25bf191717360ce0b2fb2948500282b9f5264d8397c200b762263a:6a93cf6c3219"",""sourceKey"":""TS_GP_BOP_WR_M.WR0150"",""retrievedAt"":""2026-09-30T22:08:37.080Z"",""locator"":{""seriesKey"":""TS_GP_BOP_WR_M.WR0150"",""observationDate"":""2024-09-30"",""row"":24,""column"":5,""columns"":{""seriesKey"":2,""date"":4,""value"":5,""unit"":6,""status"":7,""comments"":8}},""rawValue"":""365.5219228""}}","{""total"":{""observationDate"":""2024-09-30"",""status"":""not-stated"",""sourceStatus"":""Normal"",""comments"":"""",""unit"":""Million USD"",""missingReason"":null},""usa"":{""observationDate"":""2024-09-30"",""status"":""not-stated"",""sourceStatus"":""Normal"",""comments"":"""",""unit"":""Million USD"",""missingReason"":null},""uk"":{""observationDate"":""2024-09-30"",""status"":""not-stated"",""sourceStatus"":""Normal"",""comments"":"""",""unit"":""Million USD"",""missingReason"":null},""saudiArabia"":{""observationDate"":""2024-09-30"",""status"":""not-stated"",""sourceStatus"":""Normal"",""comments"":"""",""unit"":""Million USD"",""missingReason"":null},""uae"":{""observationDate"":""2024-09-30"",""status"":""not-stated"",""sourceStatus"":""Normal"",""comments"":"""",""unit"":""Million USD"",""missingReason"":null},""otherGcc"":{""observationDate"":""2024-09-30"",""status"":""not-stated"",""sourceStatus"":""Normal"",""comments"":"""",""unit"":""Million USD"",""missingReason"":null},""eu"":{""observationDate"":""2024-09-30"",""status"":""not-stated"",""sourceStatus"":""Normal"",""comments"":"""",""unit"":""Million USD"",""missingReason"":null}}"
2024-10,3054.550962,766.7652059,620.9426437,429.7593461,301.2323491,320.1626075,359.0735171,"{""total"":{""artifactId"":""TS_GP_BOP_WR_M.WR0010:beff53d74ac04b0f76a7669282f3036df37342e97a32ac615a4f716961de04b1:2c11aac59663"",""sourceKey"":""TS_GP_BOP_WR_M.WR0010"",""retrievedAt"":""2026-09-30T22:08:37.395Z"",""locator"":{""seriesKey"":""TS_GP_BOP_WR_M.WR0010"",""observationDate"":""2024-10-31"",""row"":23,""column"":5,""columns"":{""seriesKey"":2,""date"":4,""value"":5,""unit"":6,""status"":7,""comments"":8}},""rawValue"":""3054.550962""},""usa"":{""artifactId"":""TS_GP_BOP_WR_M.WR0020:a18d140751c825853ed0590e3475b36d8eba5c5d12ffe197a243645ced0f41ee:52d183468b82"",""sourceKey"":""TS_GP_BOP_WR_M.WR0020"",""retrievedAt"":""2026-09-30T22:08:37.284Z"",""locator"":{""seriesKey"":""TS_GP_BOP_WR_M.WR0020"",""observationDate"":""2024-10-31"",""row"":23,""column"":5,""columns"":{""seriesKey"":2,""date"":4,""value"":5,""unit"":6,""status"":7,""comments"":8}},""rawValue"":""301.2323491""},""uk"":{""artifactId"":""TS_GP_BOP_WR_M.WR0030:2980f682a83de35b64d5f9e870057b6b53234cc9184555d6814ab08f5b9716cd:16a760526d5b"",""sourceKey"":""TS_GP_BOP_WR_M.WR0030"",""retrievedAt"":""2026-09-30T22:08:38.374Z"",""locator"":{""seriesKey"":""TS_GP_BOP_WR_M.WR0030"",""observationDate"":""2024-10-31"",""row"":23,""column"":5,""columns"":{""seriesKey"":2,""date"":4,""value"":5,""unit"":6,""status"":7,""comments"":8}},""rawValue"":""429.7593461""},""saudiArabia"":{""artifactId"":""TS_GP_BOP_WR_M.WR0040:7fd29b7dd6648ad26354877eb8c73478ca5af5a4f4d1dc206c809a474a2b63cb:7b261bf12ed4"",""sourceKey"":""TS_GP_BOP_WR_M.WR0040"",""retrievedAt"":""2026-09-30T22:08:37.180Z"",""locator"":{""seriesKey"":""TS_GP_BOP_WR_M.WR0040"",""observationDate"":""2024-10-31"",""row"":23,""column"":5,""columns"":{""seriesKey"":2,""date"":4,""value"":5,""unit"":6,""status"":7,""comments"":8}},""rawValue"":""766.7652059""},""uae"":{""artifactId"":""TS_GP_BOP_WR_M.WR0050:e9f7e07077af64a3000a4e1064bfa07c0b714f0978b7b6a09c022311b191dff4:b0852540e72d"",""sourceKey"":""TS_GP_BOP_WR_M.WR0050"",""retrievedAt"":""2026-09-30T22:08:38.170Z"",""locator"":{""seriesKey"":""TS_GP_BOP_WR_M.WR0050"",""observationDate"":""2024-10-31"",""row"":23,""column"":5,""columns"":{""seriesKey"":2,""date"":4,""value"":5,""unit"":6,""status"":7,""comments"":8}},""rawValue"":""620.9426437""},""otherGcc"":{""artifactId"":""TS_GP_BOP_WR_M.WR0100:4080e7d652e64db1faf775bf10dcc9c7cbc18714009fd4209eaaab5e194ece94:8a4ff6653ef2"",""sourceKey"":""TS_GP_BOP_WR_M.WR0100"",""retrievedAt"":""2026-09-30T22:08:36.936Z"",""locator"":{""seriesKey"":""TS_GP_BOP_WR_M.WR0100"",""observationDate"":""2024-10-31"",""row"":23,""column"":5,""columns"":{""seriesKey"":2,""date"":4,""value"":5,""unit"":6,""status"":7,""comments"":8}},""rawValue"":""320.1626075""},""eu"":{""artifactId"":""TS_GP_BOP_WR_M.WR0150:7ddc2e9ecd25bf191717360ce0b2fb2948500282b9f5264d8397c200b762263a:6a93cf6c3219"",""sourceKey"":""TS_GP_BOP_WR_M.WR0150"",""retrievedAt"":""2026-09-30T22:08:37.080Z"",""locator"":{""seriesKey"":""TS_GP_BOP_WR_M.WR0150"",""observationDate"":""2024-10-31"",""row"":23,""column"":5,""columns"":{""seriesKey"":2,""date"":4,""value"":5,""unit"":6,""status"":7,""comments"":8}},""rawValue"":""359.0735171""}}","{""total"":{""observationDate"":""2024-10-31"",""status"":""not-stated"",""sourceStatus"":""Normal"",""comments"":"""",""unit"":""Million USD"",""missingReason"":null},""usa"":{""observationDate"":""2024-10-31"",""status"":""not-stated"",""sourceStatus"":""Normal"",""comments"":"""",""unit"":""Million USD"",""missingReason"":null},""uk"":{""observationDate"":""2024-10-31"",""status"":""not-stated"",""sourceStatus"":""Normal"",""comments"":"""",""unit"":""Million USD"",""missingReason"":null},""saudiArabia"":{""observationDate"":""2024-10-31"",""status"":""not-stated"",""sourceStatus"":""Normal"",""comments"":"""",""unit"":""Million USD"",""missingReason"":null},""uae"":{""observationDate"":""2024-10-31"",""status"":""not-stated"",""sourceStatus"":""Normal"",""comments"":"""",""unit"":""Million USD"",""missingReason"":null},""otherGcc"":{""observationDate"":""2024-10-31"",""status"":""not-stated"",""sourceStatus"":""Normal"",""comments"":"""",""unit"":""Million USD"",""missingReason"":null},""eu"":{""observationDate"":""2024-10-31"",""status"":""not-stated"",""sourceStatus"":""Normal"",""comments"":"""",""unit"":""Million USD"",""missingReason"":null}}"
2024-11,2915.348668,729.2187807,619.4324707,409.8923074,288.2194902,303.0080767,323.4659011,"{""total"":{""artifactId"":""TS_GP_BOP_WR_M.WR0010:beff53d74ac04b0f76a7669282f3036df37342e97a32ac615a4f716961de04b1:2c11aac59663"",""sourceKey"":""TS_GP_BOP_WR_M.WR0010"",""retrievedAt"":""2026-09-30T22:08:37.395Z"",""locator"":{""seriesKey"":""TS_GP_BOP_WR_M.WR0010"",""observationDate"":""2024-11-30"",""row"":22,""column"":5,""columns"":{""seriesKey"":2,""date"":4,""value"":5,""unit"":6,""status"":7,""comments"":8}},""rawValue"":""2915.348668""},""usa"":{""artifactId"":""TS_GP_BOP_WR_M.WR0020:a18d140751c825853ed0590e3475b36d8eba5c5d12ffe197a243645ced0f41ee:52d183468b82"",""sourceKey"":""TS_GP_BOP_WR_M.WR0020"",""retrievedAt"":""2026-09-30T22:08:37.284Z"",""locator"":{""seriesKey"":""TS_GP_BOP_WR_M.WR0020"",""observationDate"":""2024-11-30"",""row"":22,""column"":5,""columns"":{""seriesKey"":2,""date"":4,""value"":5,""unit"":6,""status"":7,""comments"":8}},""rawValue"":""288.2194902""},""uk"":{""artifactId"":""TS_GP_BOP_WR_M.WR0030:2980f682a83de35b64d5f9e870057b6b53234cc9184555d6814ab08f5b9716cd:16a760526d5b"",""sourceKey"":""TS_GP_BOP_WR_M.WR0030"",""retrievedAt"":""2026-09-30T22:08:38.374Z"",""locator"":{""seriesKey"":""TS_GP_BOP_WR_M.WR0030"",""observationDate"":""2024-11-30"",""row"":22,""column"":5,""columns"":{""seriesKey"":2,""date"":4,""value"":5,""unit"":6,""status"":7,""comments"":8}},""rawValue"":""409.8923074""},""saudiArabia"":{""artifactId"":""TS_GP_BOP_WR_M.WR0040:7fd29b7dd6648ad26354877eb8c73478ca5af5a4f4d1dc206c809a474a2b63cb:7b261bf12ed4"",""sourceKey"":""TS_GP_BOP_WR_M.WR0040"",""retrievedAt"":""2026-09-30T22:08:37.180Z"",""locator"":{""seriesKey"":""TS_GP_BOP_WR_M.WR0040"",""observationDate"":""2024-11-30"",""row"":22,""column"":5,""columns"":{""seriesKey"":2,""date"":4,""value"":5,""unit"":6,""status"":7,""comments"":8}},""rawValue"":""729.2187807""},""uae"":{""artifactId"":""TS_GP_BOP_WR_M.WR0050:e9f7e07077af64a3000a4e1064bfa07c0b714f0978b7b6a09c022311b191dff4:b0852540e72d"",""sourceKey"":""TS_GP_BOP_WR_M.WR0050"",""retrievedAt"":""2026-09-30T22:08:38.170Z"",""locator"":{""seriesKey"":""TS_GP_BOP_WR_M.WR0050"",""observationDate"":""2024-11-30"",""row"":22,""column"":5,""columns"":{""seriesKey"":2,""date"":4,""value"":5,""unit"":6,""status"":7,""comments"":8}},""rawValue"":""619.4324707""},""otherGcc"":{""artifactId"":""TS_GP_BOP_WR_M.WR0100:4080e7d652e64db1faf775bf10dcc9c7cbc18714009fd4209eaaab5e194ece94:8a4ff6653ef2"",""sourceKey"":""TS_GP_BOP_WR_M.WR0100"",""retrievedAt"":""2026-09-30T22:08:36.936Z"",""locator"":{""seriesKey"":""TS_GP_BOP_WR_M.WR0100"",""observationDate"":""2024-11-30"",""row"":22,""column"":5,""columns"":{""seriesKey"":2,""date"":4,""value"":5,""unit"":6,""status"":7,""comments"":8}},""rawValue"":""303.0080767""},""eu"":{""artifactId"":""TS_GP_BOP_WR_M.WR0150:7ddc2e9ecd25bf191717360ce0b2fb2948500282b9f5264d8397c200b762263a:6a93cf6c3219"",""sourceKey"":""TS_GP_BOP_WR_M.WR0150"",""retrievedAt"":""2026-09-30T22:08:37.080Z"",""locator"":{""seriesKey"":""TS_GP_BOP_WR_M.WR0150"",""observationDate"":""2024-11-30"",""row"":22,""column"":5,""columns"":{""seriesKey"":2,""date"":4,""value"":5,""unit"":6,""status"":7,""comments"":8}},""rawValue"":""323.4659011""}}","{""total"":{""observationDate"":""2024-11-30"",""status"":""not-stated"",""sourceStatus"":""Normal"",""comments"":"""",""unit"":""Million USD"",""missingReason"":null},""usa"":{""observationDate"":""2024-11-30"",""status"":""not-stated"",""sourceStatus"":""Normal"",""comments"":"""",""unit"":""Million USD"",""missingReason"":null},""uk"":{""observationDate"":""2024-11-30"",""status"":""not-stated"",""sourceStatus"":""Normal"",""comments"":"""",""unit"":""Million USD"",""missingReason"":null},""saudiArabia"":{""observationDate"":""2024-11-30"",""status"":""not-stated"",""sourceStatus"":""Normal"",""comments"":"""",""unit"":""Million USD"",""missingReason"":null},""uae"":{""observationDate"":""2024-11-30"",""status"":""not-stated"",""sourceStatus"":""Normal"",""comments"":"""",""unit"":""Million USD"",""missingReason"":null},""otherGcc"":{""observationDate"":""2024-11-30"",""status"":""not-stated"",""sourceStatus"":""Normal"",""comments"":"""",""unit"":""Million USD"",""missingReason"":null},""eu"":{""observationDate"":""2024-11-30"",""status"":""not-stated"",""sourceStatus"":""Normal"",""comments"":"""",""unit"":""Million USD"",""missingReason"":null}}"
2024-12,3080.397524,770.5560427,631.4662664,438.0291995,303.9210528,310.0892515,360.3189351,"{""total"":{""artifactId"":""TS_GP_BOP_WR_M.WR0010:beff53d74ac04b0f76a7669282f3036df37342e97a32ac615a4f716961de04b1:2c11aac59663"",""sourceKey"":""TS_GP_BOP_WR_M.WR0010"",""retrievedAt"":""2026-09-30T22:08:37.395Z"",""locator"":{""seriesKey"":""TS_GP_BOP_WR_M.WR0010"",""observationDate"":""2024-12-31"",""row"":21,""column"":5,""columns"":{""seriesKey"":2,""date"":4,""value"":5,""unit"":6,""status"":7,""comments"":8}},""rawValue"":""3080.397524""},""usa"":{""artifactId"":""TS_GP_BOP_WR_M.WR0020:a18d140751c825853ed0590e3475b36d8eba5c5d12ffe197a243645ced0f41ee:52d183468b82"",""sourceKey"":""TS_GP_BOP_WR_M.WR0020"",""retrievedAt"":""2026-09-30T22:08:37.284Z"",""locator"":{""seriesKey"":""TS_GP_BOP_WR_M.WR0020"",""observationDate"":""2024-12-31"",""row"":21,""column"":5,""columns"":{""seriesKey"":2,""date"":4,""value"":5,""unit"":6,""status"":7,""comments"":8}},""rawValue"":""303.9210528""},""uk"":{""artifactId"":""TS_GP_BOP_WR_M.WR0030:2980f682a83de35b64d5f9e870057b6b53234cc9184555d6814ab08f5b9716cd:16a760526d5b"",""sourceKey"":""TS_GP_BOP_WR_M.WR0030"",""retrievedAt"":""2026-09-30T22:08:38.374Z"",""locator"":{""seriesKey"":""TS_GP_BOP_WR_M.WR0030"",""observationDate"":""2024-12-31"",""row"":21,""column"":5,""columns"":{""seriesKey"":2,""date"":4,""value"":5,""unit"":6,""status"":7,""comments"":8}},""rawValue"":""438.0291995""},""saudiArabia"":{""artifactId"":""TS_GP_BOP_WR_M.WR0040:7fd29b7dd6648ad26354877eb8c73478ca5af5a4f4d1dc206c809a474a2b63cb:7b261bf12ed4"",""sourceKey"":""TS_GP_BOP_WR_M.WR0040"",""retrievedAt"":""2026-09-30T22:08:37.180Z"",""locator"":{""seriesKey"":""TS_GP_BOP_WR_M.WR0040"",""observationDate"":""2024-12-31"",""row"":21,""column"":5,""columns"":{""seriesKey"":2,""date"":4,""value"":5,""unit"":6,""status"":7,""comments"":8}},""rawValue"":""770.5560427""},""uae"":{""artifactId"":""TS_GP_BOP_WR_M.WR0050:e9f7e07077af64a3000a4e1064bfa07c0b714f0978b7b6a09c022311b191dff4:b0852540e72d"",""sourceKey"":""TS_GP_BOP_WR_M.WR0050"",""retrievedAt"":""2026-09-30T22:08:38.170Z"",""locator"":{""seriesKey"":""TS_GP_BOP_WR_M.WR0050"",""observationDate"":""2024-12-31"",""row"":21,""column"":5,""columns"":{""seriesKey"":2,""date"":4,""value"":5,""unit"":6,""status"":7,""comments"":8}},""rawValue"":""631.4662664""},""otherGcc"":{""artifactId"":""TS_GP_BOP_WR_M.WR0100:4080e7d652e64db1faf775bf10dcc9c7cbc18714009fd4209eaaab5e194ece94:8a4ff6653ef2"",""sourceKey"":""TS_GP_BOP_WR_M.WR0100"",""retrievedAt"":""2026-09-30T22:08:36.936Z"",""locator"":{""seriesKey"":""TS_GP_BOP_WR_M.WR0100"",""observationDate"":""2024-12-31"",""row"":21,""column"":5,""columns"":{""seriesKey"":2,""date"":4,""value"":5,""unit"":6,""status"":7,""comments"":8}},""rawValue"":""310.0892515""},""eu"":{""artifactId"":""TS_GP_BOP_WR_M.WR0150:7ddc2e9ecd25bf191717360ce0b2fb2948500282b9f5264d8397c200b762263a:6a93cf6c3219"",""sourceKey"":""TS_GP_BOP_WR_M.WR0150"",""retrievedAt"":""2026-09-30T22:08:37.080Z"",""locator"":{""seriesKey"":""TS_GP_BOP_WR_M.WR0150"",""observationDate"":""2024-12-31"",""row"":21,""column"":5,""columns"":{""seriesKey"":2,""date"":4,""value"":5,""unit"":6,""status"":7,""comments"":8}},""rawValue"":""360.3189351""}}","{""total"":{""observationDate"":""2024-12-31"",""status"":""not-stated"",""sourceStatus"":""Normal"",""comments"":"""",""unit"":""Million USD"",""missingReason"":null},""usa"":{""observationDate"":""2024-12-31"",""status"":""not-stated"",""sourceStatus"":""Normal"",""comments"":"""",""unit"":""Million USD"",""missingReason"":null},""uk"":{""observationDate"":""2024-12-31"",""status"":""not-stated"",""sourceStatus"":""Normal"",""comments"":"""",""unit"":""Million USD"",""missingReason"":null},""saudiArabia"":{""observationDate"":""2024-12-31"",""status"":""not-stated"",""sourceStatus"":""Normal"",""comments"":"""",""unit"":""Million USD"",""missingReason"":null},""uae"":{""observationDate"":""2024-12-31"",""status"":""not-stated"",""sourceStatus"":""Normal"",""comments"":"""",""unit"":""Million USD"",""missingReason"":null},""otherGcc"":{""observationDate"":""2024-12-31"",""status"":""not-stated"",""sourceStatus"":""Normal"",""comments"":"""",""unit"":""Million USD"",""missingReason"":null},""eu"":{""observationDate"":""2024-12-31"",""status"":""not-stated"",""sourceStatus"":""Normal"",""comments"":"""",""unit"":""Million USD"",""missingReason"":null}}"
2025-01,3003.375873,728.2681558,621.5340258,443.567884,299.1560017,295.3857235,353.6768958,"{""total"":{""artifactId"":""TS_GP_BOP_WR_M.WR0010:beff53d74ac04b0f76a7669282f3036df37342e97a32ac615a4f716961de04b1:2c11aac59663"",""sourceKey"":""TS_GP_BOP_WR_M.WR0010"",""retrievedAt"":""2026-09-30T22:08:37.395Z"",""locator"":{""seriesKey"":""TS_GP_BOP_WR_M.WR0010"",""observationDate"":""2025-01-31"",""row"":20,""column"":5,""columns"":{""seriesKey"":2,""date"":4,""value"":5,""unit"":6,""status"":7,""comments"":8}},""rawValue"":""3003.375873""},""usa"":{""artifactId"":""TS_GP_BOP_WR_M.WR0020:a18d140751c825853ed0590e3475b36d8eba5c5d12ffe197a243645ced0f41ee:52d183468b82"",""sourceKey"":""TS_GP_BOP_WR_M.WR0020"",""retrievedAt"":""2026-09-30T22:08:37.284Z"",""locator"":{""seriesKey"":""TS_GP_BOP_WR_M.WR0020"",""observationDate"":""2025-01-31"",""row"":20,""column"":5,""columns"":{""seriesKey"":2,""date"":4,""value"":5,""unit"":6,""status"":7,""comments"":8}},""rawValue"":""299.1560017""},""uk"":{""artifactId"":""TS_GP_BOP_WR_M.WR0030:2980f682a83de35b64d5f9e870057b6b53234cc9184555d6814ab08f5b9716cd:16a760526d5b"",""sourceKey"":""TS_GP_BOP_WR_M.WR0030"",""retrievedAt"":""2026-09-30T22:08:38.374Z"",""locator"":{""seriesKey"":""TS_GP_BOP_WR_M.WR0030"",""observationDate"":""2025-01-31"",""row"":20,""column"":5,""columns"":{""seriesKey"":2,""date"":4,""value"":5,""unit"":6,""status"":7,""comments"":8}},""rawValue"":""443.567884""},""saudiArabia"":{""artifactId"":""TS_GP_BOP_WR_M.WR0040:7fd29b7dd6648ad26354877eb8c73478ca5af5a4f4d1dc206c809a474a2b63cb:7b261bf12ed4"",""sourceKey"":""TS_GP_BOP_WR_M.WR0040"",""retrievedAt"":""2026-09-30T22:08:37.180Z"",""locator"":{""seriesKey"":""TS_GP_BOP_WR_M.WR0040"",""observationDate"":""2025-01-31"",""row"":20,""column"":5,""columns"":{""seriesKey"":2,""date"":4,""value"":5,""unit"":6,""status"":7,""comments"":8}},""rawValue"":""728.2681558""},""uae"":{""artifactId"":""TS_GP_BOP_WR_M.WR0050:e9f7e07077af64a3000a4e1064bfa07c0b714f0978b7b6a09c022311b191dff4:b0852540e72d"",""sourceKey"":""TS_GP_BOP_WR_M.WR0050"",""retrievedAt"":""2026-09-30T22:08:38.170Z"",""locator"":{""seriesKey"":""TS_GP_BOP_WR_M.WR0050"",""observationDate"":""2025-01-31"",""row"":20,""column"":5,""columns"":{""seriesKey"":2,""date"":4,""value"":5,""unit"":6,""status"":7,""comments"":8}},""rawValue"":""621.5340258""},""otherGcc"":{""artifactId"":""TS_GP_BOP_WR_M.WR0100:4080e7d652e64db1faf775bf10dcc9c7cbc18714009fd4209eaaab5e194ece94:8a4ff6653ef2"",""sourceKey"":""TS_GP_BOP_WR_M.WR0100"",""retrievedAt"":""2026-09-30T22:08:36.936Z"",""locator"":{""seriesKey"":""TS_GP_BOP_WR_M.WR0100"",""observationDate"":""2025-01-31"",""row"":20,""column"":5,""columns"":{""seriesKey"":2,""date"":4,""value"":5,""unit"":6,""status"":7,""comments"":8}},""rawValue"":""295.3857235""},""eu"":{""artifactId"":""TS_GP_BOP_WR_M.WR0150:7ddc2e9ecd25bf191717360ce0b2fb2948500282b9f5264d8397c200b762263a:6a93cf6c3219"",""sourceKey"":""TS_GP_BOP_WR_M.WR0150"",""retrievedAt"":""2026-09-30T22:08:37.080Z"",""locator"":{""seriesKey"":""TS_GP_BOP_WR_M.WR0150"",""observationDate"":""2025-01-31"",""row"":20,""column"":5,""columns"":{""seriesKey"":2,""date"":4,""value"":5,""unit"":6,""status"":7,""comments"":8}},""rawValue"":""353.6768958""}}","{""total"":{""observationDate"":""2025-01-31"",""status"":""not-stated"",""sourceStatus"":""Normal"",""comments"":"""",""unit"":""Million USD"",""missingReason"":null},""usa"":{""observationDate"":""2025-01-31"",""status"":""not-stated"",""sourceStatus"":""Normal"",""comments"":"""",""unit"":""Million USD"",""missingReason"":null},""uk"":{""observationDate"":""2025-01-31"",""status"":""not-stated"",""sourceStatus"":""Normal"",""comments"":"""",""unit"":""Million USD"",""missingReason"":null},""saudiArabia"":{""observationDate"":""2025-01-31"",""status"":""not-stated"",""sourceStatus"":""Normal"",""comments"":"""",""unit"":""Million USD"",""missingReason"":null},""uae"":{""observationDate"":""2025-01-31"",""status"":""not-stated"",""sourceStatus"":""Normal"",""comments"":"""",""unit"":""Million USD"",""missingReason"":null},""otherGcc"":{""observationDate"":""2025-01-31"",""status"":""not-stated"",""sourceStatus"":""Normal"",""comments"":"""",""unit"":""Million USD"",""missingReason"":null},""eu"":{""observationDate"":""2025-01-31"",""status"":""not-stated"",""sourceStatus"":""Normal"",""comments"":"""",""unit"":""Million USD"",""missingReason"":null}}"
2025-02,3126.670931,745.1915438,657.6503945,496.6417778,309.6323416,306.8634639,345.0554564,"{""total"":{""artifactId"":""TS_GP_BOP_WR_M.WR0010:beff53d74ac04b0f76a7669282f3036df37342e97a32ac615a4f716961de04b1:2c11aac59663"",""sourceKey"":""TS_GP_BOP_WR_M.WR0010"",""retrievedAt"":""2026-09-30T22:08:37.395Z"",""locator"":{""seriesKey"":""TS_GP_BOP_WR_M.WR0010"",""observationDate"":""2025-02-28"",""row"":19,""column"":5,""columns"":{""seriesKey"":2,""date"":4,""value"":5,""unit"":6,""status"":7,""comments"":8}},""rawValue"":""3126.670931""},""usa"":{""artifactId"":""TS_GP_BOP_WR_M.WR0020:a18d140751c825853ed0590e3475b36d8eba5c5d12ffe197a243645ced0f41ee:52d183468b82"",""sourceKey"":""TS_GP_BOP_WR_M.WR0020"",""retrievedAt"":""2026-09-30T22:08:37.284Z"",""locator"":{""seriesKey"":""TS_GP_BOP_WR_M.WR0020"",""observationDate"":""2025-02-28"",""row"":19,""column"":5,""columns"":{""seriesKey"":2,""date"":4,""value"":5,""unit"":6,""status"":7,""comments"":8}},""rawValue"":""309.6323416""},""uk"":{""artifactId"":""TS_GP_BOP_WR_M.WR0030:2980f682a83de35b64d5f9e870057b6b53234cc9184555d6814ab08f5b9716cd:16a760526d5b"",""sourceKey"":""TS_GP_BOP_WR_M.WR0030"",""retrievedAt"":""2026-09-30T22:08:38.374Z"",""locator"":{""seriesKey"":""TS_GP_BOP_WR_M.WR0030"",""observationDate"":""2025-02-28"",""row"":19,""column"":5,""columns"":{""seriesKey"":2,""date"":4,""value"":5,""unit"":6,""status"":7,""comments"":8}},""rawValue"":""496.6417778""},""saudiArabia"":{""artifactId"":""TS_GP_BOP_WR_M.WR0040:7fd29b7dd6648ad26354877eb8c73478ca5af5a4f4d1dc206c809a474a2b63cb:7b261bf12ed4"",""sourceKey"":""TS_GP_BOP_WR_M.WR0040"",""retrievedAt"":""2026-09-30T22:08:37.180Z"",""locator"":{""seriesKey"":""TS_GP_BOP_WR_M.WR0040"",""observationDate"":""2025-02-28"",""row"":19,""column"":5,""columns"":{""seriesKey"":2,""date"":4,""value"":5,""unit"":6,""status"":7,""comments"":8}},""rawValue"":""745.1915438""},""uae"":{""artifactId"":""TS_GP_BOP_WR_M.WR0050:e9f7e07077af64a3000a4e1064bfa07c0b714f0978b7b6a09c022311b191dff4:b0852540e72d"",""sourceKey"":""TS_GP_BOP_WR_M.WR0050"",""retrievedAt"":""2026-09-30T22:08:38.170Z"",""locator"":{""seriesKey"":""TS_GP_BOP_WR_M.WR0050"",""observationDate"":""2025-02-28"",""row"":19,""column"":5,""columns"":{""seriesKey"":2,""date"":4,""value"":5,""unit"":6,""status"":7,""comments"":8}},""rawValue"":""657.6503945""},""otherGcc"":{""artifactId"":""TS_GP_BOP_WR_M.WR0100:4080e7d652e64db1faf775bf10dcc9c7cbc18714009fd4209eaaab5e194ece94:8a4ff6653ef2"",""sourceKey"":""TS_GP_BOP_WR_M.WR0100"",""retrievedAt"":""2026-09-30T22:08:36.936Z"",""locator"":{""seriesKey"":""TS_GP_BOP_WR_M.WR0100"",""observationDate"":""2025-02-28"",""row"":19,""column"":5,""columns"":{""seriesKey"":2,""date"":4,""value"":5,""unit"":6,""status"":7,""comments"":8}},""rawValue"":""306.8634639""},""eu"":{""artifactId"":""TS_GP_BOP_WR_M.WR0150:7ddc2e9ecd25bf191717360ce0b2fb2948500282b9f5264d8397c200b762263a:6a93cf6c3219"",""sourceKey"":""TS_GP_BOP_WR_M.WR0150"",""retrievedAt"":""2026-09-30T22:08:37.080Z"",""locator"":{""seriesKey"":""TS_GP_BOP_WR_M.WR0150"",""observationDate"":""2025-02-28"",""row"":19,""column"":5,""columns"":{""seriesKey"":2,""date"":4,""value"":5,""unit"":6,""status"":7,""comments"":8}},""rawValue"":""345.0554564""}}","{""total"":{""observationDate"":""2025-02-28"",""status"":""not-stated"",""sourceStatus"":""Normal"",""comments"":"""",""unit"":""Million USD"",""missingReason"":null},""usa"":{""observationDate"":""2025-02-28"",""status"":""not-stated"",""sourceStatus"":""Normal"",""comments"":"""",""unit"":""Million USD"",""missingReason"":null},""uk"":{""observationDate"":""2025-02-28"",""status"":""not-stated"",""sourceStatus"":""Normal"",""comments"":"""",""unit"":""Million USD"",""missingReason"":null},""saudiArabia"":{""observationDate"":""2025-02-28"",""status"":""not-stated"",""sourceStatus"":""Normal"",""comments"":"""",""unit"":""Million USD"",""missingReason"":null},""uae"":{""observationDate"":""2025-02-28"",""status"":""not-stated"",""sourceStatus"":""Normal"",""comments"":"""",""unit"":""Million USD"",""missingReason"":null},""otherGcc"":{""observationDate"":""2025-02-28"",""status"":""not-stated"",""sourceStatus"":""Normal"",""comments"":"""",""unit"":""Million USD"",""missingReason"":null},""eu"":{""observationDate"":""2025-02-28"",""status"":""not-stated"",""sourceStatus"":""Normal"",""comments"":"""",""unit"":""Million USD"",""missingReason"":null}}"
2025-03,4053.579523,985.8076605,841.9313582,683.8070873,420.1031886,359.1845477,432.9260062,"{""total"":{""artifactId"":""TS_GP_BOP_WR_M.WR0010:beff53d74ac04b0f76a7669282f3036df37342e97a32ac615a4f716961de04b1:2c11aac59663"",""sourceKey"":""TS_GP_BOP_WR_M.WR0010"",""retrievedAt"":""2026-09-30T22:08:37.395Z"",""locator"":{""seriesKey"":""TS_GP_BOP_WR_M.WR0010"",""observationDate"":""2025-03-31"",""row"":18,""column"":5,""columns"":{""seriesKey"":2,""date"":4,""value"":5,""unit"":6,""status"":7,""comments"":8}},""rawValue"":""4053.579523""},""usa"":{""artifactId"":""TS_GP_BOP_WR_M.WR0020:a18d140751c825853ed0590e3475b36d8eba5c5d12ffe197a243645ced0f41ee:52d183468b82"",""sourceKey"":""TS_GP_BOP_WR_M.WR0020"",""retrievedAt"":""2026-09-30T22:08:37.284Z"",""locator"":{""seriesKey"":""TS_GP_BOP_WR_M.WR0020"",""observationDate"":""2025-03-31"",""row"":18,""column"":5,""columns"":{""seriesKey"":2,""date"":4,""value"":5,""unit"":6,""status"":7,""comments"":8}},""rawValue"":""420.1031886""},""uk"":{""artifactId"":""TS_GP_BOP_WR_M.WR0030:2980f682a83de35b64d5f9e870057b6b53234cc9184555d6814ab08f5b9716cd:16a760526d5b"",""sourceKey"":""TS_GP_BOP_WR_M.WR0030"",""retrievedAt"":""2026-09-30T22:08:38.374Z"",""locator"":{""seriesKey"":""TS_GP_BOP_WR_M.WR0030"",""observationDate"":""2025-03-31"",""row"":18,""column"":5,""columns"":{""seriesKey"":2,""date"":4,""value"":5,""unit"":6,""status"":7,""comments"":8}},""rawValue"":""683.8070873""},""saudiArabia"":{""artifactId"":""TS_GP_BOP_WR_M.WR0040:7fd29b7dd6648ad26354877eb8c73478ca5af5a4f4d1dc206c809a474a2b63cb:7b261bf12ed4"",""sourceKey"":""TS_GP_BOP_WR_M.WR0040"",""retrievedAt"":""2026-09-30T22:08:37.180Z"",""locator"":{""seriesKey"":""TS_GP_BOP_WR_M.WR0040"",""observationDate"":""2025-03-31"",""row"":18,""column"":5,""columns"":{""seriesKey"":2,""date"":4,""value"":5,""unit"":6,""status"":7,""comments"":8}},""rawValue"":""985.8076605""},""uae"":{""artifactId"":""TS_GP_BOP_WR_M.WR0050:e9f7e07077af64a3000a4e1064bfa07c0b714f0978b7b6a09c022311b191dff4:b0852540e72d"",""sourceKey"":""TS_GP_BOP_WR_M.WR0050"",""retrievedAt"":""2026-09-30T22:08:38.170Z"",""locator"":{""seriesKey"":""TS_GP_BOP_WR_M.WR0050"",""observationDate"":""2025-03-31"",""row"":18,""column"":5,""columns"":{""seriesKey"":2,""date"":4,""value"":5,""unit"":6,""status"":7,""comments"":8}},""rawValue"":""841.9313582""},""otherGcc"":{""artifactId"":""TS_GP_BOP_WR_M.WR0100:4080e7d652e64db1faf775bf10dcc9c7cbc18714009fd4209eaaab5e194ece94:8a4ff6653ef2"",""sourceKey"":""TS_GP_BOP_WR_M.WR0100"",""retrievedAt"":""2026-09-30T22:08:36.936Z"",""locator"":{""seriesKey"":""TS_GP_BOP_WR_M.WR0100"",""observationDate"":""2025-03-31"",""row"":18,""column"":5,""columns"":{""seriesKey"":2,""date"":4,""value"":5,""unit"":6,""status"":7,""comments"":8}},""rawValue"":""359.1845477""},""eu"":{""artifactId"":""TS_GP_BOP_WR_M.WR0150:7ddc2e9ecd25bf191717360ce0b2fb2948500282b9f5264d8397c200b762263a:6a93cf6c3219"",""sourceKey"":""TS_GP_BOP_WR_M.WR0150"",""retrievedAt"":""2026-09-30T22:08:37.080Z"",""locator"":{""seriesKey"":""TS_GP_BOP_WR_M.WR0150"",""observationDate"":""2025-03-31"",""row"":18,""column"":5,""columns"":{""seriesKey"":2,""date"":4,""value"":5,""unit"":6,""status"":7,""comments"":8}},""rawValue"":""432.9260062""}}","{""total"":{""observationDate"":""2025-03-31"",""status"":""not-stated"",""sourceStatus"":""Normal"",""comments"":"""",""unit"":""Million USD"",""missingReason"":null},""usa"":{""observationDate"":""2025-03-31"",""status"":""not-stated"",""sourceStatus"":""Normal"",""comments"":"""",""unit"":""Million USD"",""missingReason"":null},""uk"":{""observationDate"":""2025-03-31"",""status"":""not-stated"",""sourceStatus"":""Normal"",""comments"":"""",""unit"":""Million USD"",""missingReason"":null},""saudiArabia"":{""observationDate"":""2025-03-31"",""status"":""not-stated"",""sourceStatus"":""Normal"",""comments"":"""",""unit"":""Million USD"",""missingReason"":null},""uae"":{""observationDate"":""2025-03-31"",""status"":""not-stated"",""sourceStatus"":""Normal"",""comments"":"""",""unit"":""Million USD"",""missingReason"":null},""otherGcc"":{""observationDate"":""2025-03-31"",""status"":""not-stated"",""sourceStatus"":""Normal"",""comments"":"""",""unit"":""Million USD"",""missingReason"":null},""eu"":{""observationDate"":""2025-03-31"",""status"":""not-stated"",""sourceStatus"":""Normal"",""comments"":"""",""unit"":""Million USD"",""missingReason"":null}}"
2025-04,3176.93,725.33,652.61,535.11,302.4,290.43,412.16,"{""total"":{""artifactId"":""TS_GP_BOP_WR_M.WR0010:beff53d74ac04b0f76a7669282f3036df37342e97a32ac615a4f716961de04b1:2c11aac59663"",""sourceKey"":""TS_GP_BOP_WR_M.WR0010"",""retrievedAt"":""2026-09-30T22:08:37.395Z"",""locator"":{""seriesKey"":""TS_GP_BOP_WR_M.WR0010"",""observationDate"":""2025-04-30"",""row"":17,""column"":5,""columns"":{""seriesKey"":2,""date"":4,""value"":5,""unit"":6,""status"":7,""comments"":8}},""rawValue"":""3176.93""},""usa"":{""artifactId"":""TS_GP_BOP_WR_M.WR0020:a18d140751c825853ed0590e3475b36d8eba5c5d12ffe197a243645ced0f41ee:52d183468b82"",""sourceKey"":""TS_GP_BOP_WR_M.WR0020"",""retrievedAt"":""2026-09-30T22:08:37.284Z"",""locator"":{""seriesKey"":""TS_GP_BOP_WR_M.WR0020"",""observationDate"":""2025-04-30"",""row"":17,""column"":5,""columns"":{""seriesKey"":2,""date"":4,""value"":5,""unit"":6,""status"":7,""comments"":8}},""rawValue"":""302.4""},""uk"":{""artifactId"":""TS_GP_BOP_WR_M.WR0030:2980f682a83de35b64d5f9e870057b6b53234cc9184555d6814ab08f5b9716cd:16a760526d5b"",""sourceKey"":""TS_GP_BOP_WR_M.WR0030"",""retrievedAt"":""2026-09-30T22:08:38.374Z"",""locator"":{""seriesKey"":""TS_GP_BOP_WR_M.WR0030"",""observationDate"":""2025-04-30"",""row"":17,""column"":5,""columns"":{""seriesKey"":2,""date"":4,""value"":5,""unit"":6,""status"":7,""comments"":8}},""rawValue"":""535.11""},""saudiArabia"":{""artifactId"":""TS_GP_BOP_WR_M.WR0040:7fd29b7dd6648ad26354877eb8c73478ca5af5a4f4d1dc206c809a474a2b63cb:7b261bf12ed4"",""sourceKey"":""TS_GP_BOP_WR_M.WR0040"",""retrievedAt"":""2026-09-30T22:08:37.180Z"",""locator"":{""seriesKey"":""TS_GP_BOP_WR_M.WR0040"",""observationDate"":""2025-04-30"",""row"":17,""column"":5,""columns"":{""seriesKey"":2,""date"":4,""value"":5,""unit"":6,""status"":7,""comments"":8}},""rawValue"":""725.33""},""uae"":{""artifactId"":""TS_GP_BOP_WR_M.WR0050:e9f7e07077af64a3000a4e1064bfa07c0b714f0978b7b6a09c022311b191dff4:b0852540e72d"",""sourceKey"":""TS_GP_BOP_WR_M.WR0050"",""retrievedAt"":""2026-09-30T22:08:38.170Z"",""locator"":{""seriesKey"":""TS_GP_BOP_WR_M.WR0050"",""observationDate"":""2025-04-30"",""row"":17,""column"":5,""columns"":{""seriesKey"":2,""date"":4,""value"":5,""unit"":6,""status"":7,""comments"":8}},""rawValue"":""652.61""},""otherGcc"":{""artifactId"":""TS_GP_BOP_WR_M.WR0100:4080e7d652e64db1faf775bf10dcc9c7cbc18714009fd4209eaaab5e194ece94:8a4ff6653ef2"",""sourceKey"":""TS_GP_BOP_WR_M.WR0100"",""retrievedAt"":""2026-09-30T22:08:36.936Z"",""locator"":{""seriesKey"":""TS_GP_BOP_WR_M.WR0100"",""observationDate"":""2025-04-30"",""row"":17,""column"":5,""columns"":{""seriesKey"":2,""date"":4,""value"":5,""unit"":6,""status"":7,""comments"":8}},""rawValue"":""290.43""},""eu"":{""artifactId"":""TS_GP_BOP_WR_M.WR0150:7ddc2e9ecd25bf191717360ce0b2fb2948500282b9f5264d8397c200b762263a:6a93cf6c3219"",""sourceKey"":""TS_GP_BOP_WR_M.WR0150"",""retrievedAt"":""2026-09-30T22:08:37.080Z"",""locator"":{""seriesKey"":""TS_GP_BOP_WR_M.WR0150"",""observationDate"":""2025-04-30"",""row"":17,""column"":5,""columns"":{""seriesKey"":2,""date"":4,""value"":5,""unit"":6,""status"":7,""comments"":8}},""rawValue"":""412.16""}}","{""total"":{""observationDate"":""2025-04-30"",""status"":""not-stated"",""sourceStatus"":""Normal"",""comments"":"""",""unit"":""Million USD"",""missingReason"":null},""usa"":{""observationDate"":""2025-04-30"",""status"":""not-stated"",""sourceStatus"":""Normal"",""comments"":"""",""unit"":""Million USD"",""missingReason"":null},""uk"":{""observationDate"":""2025-04-30"",""status"":""not-stated"",""sourceStatus"":""Normal"",""comments"":"""",""unit"":""Million USD"",""missingReason"":null},""saudiArabia"":{""observationDate"":""2025-04-30"",""status"":""not-stated"",""sourceStatus"":""Normal"",""comments"":"""",""unit"":""Million USD"",""missingReason"":null},""uae"":{""observationDate"":""2025-04-30"",""status"":""not-stated"",""sourceStatus"":""Normal"",""comments"":"""",""unit"":""Million USD"",""missingReason"":null},""otherGcc"":{""observationDate"":""2025-04-30"",""status"":""not-stated"",""sourceStatus"":""Normal"",""comments"":"""",""unit"":""Million USD"",""missingReason"":null},""eu"":{""observationDate"":""2025-04-30"",""status"":""not-stated"",""sourceStatus"":""Normal"",""comments"":"""",""unit"":""Million USD"",""missingReason"":null}}"
2025-05,3685.588476,913.9467902,754.1712974,588.0653583,314.3084144,361.6795989,422.1192153,"{""total"":{""artifactId"":""TS_GP_BOP_WR_M.WR0010:beff53d74ac04b0f76a7669282f3036df37342e97a32ac615a4f716961de04b1:2c11aac59663"",""sourceKey"":""TS_GP_BOP_WR_M.WR0010"",""retrievedAt"":""2026-09-30T22:08:37.395Z"",""locator"":{""seriesKey"":""TS_GP_BOP_WR_M.WR0010"",""observationDate"":""2025-05-31"",""row"":16,""column"":5,""columns"":{""seriesKey"":2,""date"":4,""value"":5,""unit"":6,""status"":7,""comments"":8}},""rawValue"":""3685.588476""},""usa"":{""artifactId"":""TS_GP_BOP_WR_M.WR0020:a18d140751c825853ed0590e3475b36d8eba5c5d12ffe197a243645ced0f41ee:52d183468b82"",""sourceKey"":""TS_GP_BOP_WR_M.WR0020"",""retrievedAt"":""2026-09-30T22:08:37.284Z"",""locator"":{""seriesKey"":""TS_GP_BOP_WR_M.WR0020"",""observationDate"":""2025-05-31"",""row"":16,""column"":5,""columns"":{""seriesKey"":2,""date"":4,""value"":5,""unit"":6,""status"":7,""comments"":8}},""rawValue"":""314.3084144""},""uk"":{""artifactId"":""TS_GP_BOP_WR_M.WR0030:2980f682a83de35b64d5f9e870057b6b53234cc9184555d6814ab08f5b9716cd:16a760526d5b"",""sourceKey"":""TS_GP_BOP_WR_M.WR0030"",""retrievedAt"":""2026-09-30T22:08:38.374Z"",""locator"":{""seriesKey"":""TS_GP_BOP_WR_M.WR0030"",""observationDate"":""2025-05-31"",""row"":16,""column"":5,""columns"":{""seriesKey"":2,""date"":4,""value"":5,""unit"":6,""status"":7,""comments"":8}},""rawValue"":""588.0653583""},""saudiArabia"":{""artifactId"":""TS_GP_BOP_WR_M.WR0040:7fd29b7dd6648ad26354877eb8c73478ca5af5a4f4d1dc206c809a474a2b63cb:7b261bf12ed4"",""sourceKey"":""TS_GP_BOP_WR_M.WR0040"",""retrievedAt"":""2026-09-30T22:08:37.180Z"",""locator"":{""seriesKey"":""TS_GP_BOP_WR_M.WR0040"",""observationDate"":""2025-05-31"",""row"":16,""column"":5,""columns"":{""seriesKey"":2,""date"":4,""value"":5,""unit"":6,""status"":7,""comments"":8}},""rawValue"":""913.9467902""},""uae"":{""artifactId"":""TS_GP_BOP_WR_M.WR0050:e9f7e07077af64a3000a4e1064bfa07c0b714f0978b7b6a09c022311b191dff4:b0852540e72d"",""sourceKey"":""TS_GP_BOP_WR_M.WR0050"",""retrievedAt"":""2026-09-30T22:08:38.170Z"",""locator"":{""seriesKey"":""TS_GP_BOP_WR_M.WR0050"",""observationDate"":""2025-05-31"",""row"":16,""column"":5,""columns"":{""seriesKey"":2,""date"":4,""value"":5,""unit"":6,""status"":7,""comments"":8}},""rawValue"":""754.1712974""},""otherGcc"":{""artifactId"":""TS_GP_BOP_WR_M.WR0100:4080e7d652e64db1faf775bf10dcc9c7cbc18714009fd4209eaaab5e194ece94:8a4ff6653ef2"",""sourceKey"":""TS_GP_BOP_WR_M.WR0100"",""retrievedAt"":""2026-09-30T22:08:36.936Z"",""locator"":{""seriesKey"":""TS_GP_BOP_WR_M.WR0100"",""observationDate"":""2025-05-31"",""row"":16,""column"":5,""columns"":{""seriesKey"":2,""date"":4,""value"":5,""unit"":6,""status"":7,""comments"":8}},""rawValue"":""361.6795989""},""eu"":{""artifactId"":""TS_GP_BOP_WR_M.WR0150:7ddc2e9ecd25bf191717360ce0b2fb2948500282b9f5264d8397c200b762263a:6a93cf6c3219"",""sourceKey"":""TS_GP_BOP_WR_M.WR0150"",""retrievedAt"":""2026-09-30T22:08:37.080Z"",""locator"":{""seriesKey"":""TS_GP_BOP_WR_M.WR0150"",""observationDate"":""2025-05-31"",""row"":16,""column"":5,""columns"":{""seriesKey"":2,""date"":4,""value"":5,""unit"":6,""status"":7,""comments"":8}},""rawValue"":""422.1192153""}}","{""total"":{""observationDate"":""2025-05-31"",""status"":""not-stated"",""sourceStatus"":""Normal"",""comments"":"""",""unit"":""Million USD"",""missingReason"":null},""usa"":{""observationDate"":""2025-05-31"",""status"":""not-stated"",""sourceStatus"":""Normal"",""comments"":"""",""unit"":""Million USD"",""missingReason"":null},""uk"":{""observationDate"":""2025-05-31"",""status"":""not-stated"",""sourceStatus"":""Normal"",""comments"":"""",""unit"":""Million USD"",""missingReason"":null},""saudiArabia"":{""observationDate"":""2025-05-31"",""status"":""not-stated"",""sourceStatus"":""Normal"",""comments"":"""",""unit"":""Million USD"",""missingReason"":null},""uae"":{""observationDate"":""2025-05-31"",""status"":""not-stated"",""sourceStatus"":""Normal"",""comments"":"""",""unit"":""Million USD"",""missingReason"":null},""otherGcc"":{""observationDate"":""2025-05-31"",""status"":""not-stated"",""sourceStatus"":""Normal"",""comments"":"""",""unit"":""Million USD"",""missingReason"":null},""eu"":{""observationDate"":""2025-05-31"",""status"":""not-stated"",""sourceStatus"":""Normal"",""comments"":"""",""unit"":""Million USD"",""missingReason"":null}}"
2025-06,3406.389361,823.2058658,717.1885537,537.6445608,281.2391961,303.4559458,442.2189056,"{""total"":{""artifactId"":""TS_GP_BOP_WR_M.WR0010:beff53d74ac04b0f76a7669282f3036df37342e97a32ac615a4f716961de04b1:2c11aac59663"",""sourceKey"":""TS_GP_BOP_WR_M.WR0010"",""retrievedAt"":""2026-09-30T22:08:37.395Z"",""locator"":{""seriesKey"":""TS_GP_BOP_WR_M.WR0010"",""observationDate"":""2025-06-30"",""row"":15,""column"":5,""columns"":{""seriesKey"":2,""date"":4,""value"":5,""unit"":6,""status"":7,""comments"":8}},""rawValue"":""3406.389361""},""usa"":{""artifactId"":""TS_GP_BOP_WR_M.WR0020:a18d140751c825853ed0590e3475b36d8eba5c5d12ffe197a243645ced0f41ee:52d183468b82"",""sourceKey"":""TS_GP_BOP_WR_M.WR0020"",""retrievedAt"":""2026-09-30T22:08:37.284Z"",""locator"":{""seriesKey"":""TS_GP_BOP_WR_M.WR0020"",""observationDate"":""2025-06-30"",""row"":15,""column"":5,""columns"":{""seriesKey"":2,""date"":4,""value"":5,""unit"":6,""status"":7,""comments"":8}},""rawValue"":""281.2391961""},""uk"":{""artifactId"":""TS_GP_BOP_WR_M.WR0030:2980f682a83de35b64d5f9e870057b6b53234cc9184555d6814ab08f5b9716cd:16a760526d5b"",""sourceKey"":""TS_GP_BOP_WR_M.WR0030"",""retrievedAt"":""2026-09-30T22:08:38.374Z"",""locator"":{""seriesKey"":""TS_GP_BOP_WR_M.WR0030"",""observationDate"":""2025-06-30"",""row"":15,""column"":5,""columns"":{""seriesKey"":2,""date"":4,""value"":5,""unit"":6,""status"":7,""comments"":8}},""rawValue"":""537.6445608""},""saudiArabia"":{""artifactId"":""TS_GP_BOP_WR_M.WR0040:7fd29b7dd6648ad26354877eb8c73478ca5af5a4f4d1dc206c809a474a2b63cb:7b261bf12ed4"",""sourceKey"":""TS_GP_BOP_WR_M.WR0040"",""retrievedAt"":""2026-09-30T22:08:37.180Z"",""locator"":{""seriesKey"":""TS_GP_BOP_WR_M.WR0040"",""observationDate"":""2025-06-30"",""row"":15,""column"":5,""columns"":{""seriesKey"":2,""date"":4,""value"":5,""unit"":6,""status"":7,""comments"":8}},""rawValue"":""823.2058658""},""uae"":{""artifactId"":""TS_GP_BOP_WR_M.WR0050:e9f7e07077af64a3000a4e1064bfa07c0b714f0978b7b6a09c022311b191dff4:b0852540e72d"",""sourceKey"":""TS_GP_BOP_WR_M.WR0050"",""retrievedAt"":""2026-09-30T22:08:38.170Z"",""locator"":{""seriesKey"":""TS_GP_BOP_WR_M.WR0050"",""observationDate"":""2025-06-30"",""row"":15,""column"":5,""columns"":{""seriesKey"":2,""date"":4,""value"":5,""unit"":6,""status"":7,""comments"":8}},""rawValue"":""717.1885537""},""otherGcc"":{""artifactId"":""TS_GP_BOP_WR_M.WR0100:4080e7d652e64db1faf775bf10dcc9c7cbc18714009fd4209eaaab5e194ece94:8a4ff6653ef2"",""sourceKey"":""TS_GP_BOP_WR_M.WR0100"",""retrievedAt"":""2026-09-30T22:08:36.936Z"",""locator"":{""seriesKey"":""TS_GP_BOP_WR_M.WR0100"",""observationDate"":""2025-06-30"",""row"":15,""column"":5,""columns"":{""seriesKey"":2,""date"":4,""value"":5,""unit"":6,""status"":7,""comments"":8}},""rawValue"":""303.4559458""},""eu"":{""artifactId"":""TS_GP_BOP_WR_M.WR0150:7ddc2e9ecd25bf191717360ce0b2fb2948500282b9f5264d8397c200b762263a:6a93cf6c3219"",""sourceKey"":""TS_GP_BOP_WR_M.WR0150"",""retrievedAt"":""2026-09-30T22:08:37.080Z"",""locator"":{""seriesKey"":""TS_GP_BOP_WR_M.WR0150"",""observationDate"":""2025-06-30"",""row"":15,""column"":5,""columns"":{""seriesKey"":2,""date"":4,""value"":5,""unit"":6,""status"":7,""comments"":8}},""rawValue"":""442.2189056""}}","{""total"":{""observationDate"":""2025-06-30"",""status"":""not-stated"",""sourceStatus"":""Normal"",""comments"":"""",""unit"":""Million USD"",""missingReason"":null},""usa"":{""observationDate"":""2025-06-30"",""status"":""not-stated"",""sourceStatus"":""Normal"",""comments"":"""",""unit"":""Million USD"",""missingReason"":null},""uk"":{""observationDate"":""2025-06-30"",""status"":""not-stated"",""sourceStatus"":""Normal"",""comments"":"""",""unit"":""Million USD"",""missingReason"":null},""saudiArabia"":{""observationDate"":""2025-06-30"",""status"":""not-stated"",""sourceStatus"":""Normal"",""comments"":"""",""unit"":""Million USD"",""missingReason"":null},""uae"":{""observationDate"":""2025-06-30"",""status"":""not-stated"",""sourceStatus"":""Normal"",""comments"":"""",""unit"":""Million USD"",""missingReason"":null},""otherGcc"":{""observationDate"":""2025-06-30"",""status"":""not-stated"",""sourceStatus"":""Normal"",""comments"":"""",""unit"":""Million USD"",""missingReason"":null},""eu"":{""observationDate"":""2025-06-30"",""status"":""not-stated"",""sourceStatus"":""Normal"",""comments"":"""",""unit"":""Million USD"",""missingReason"":null}}"
2025-07,3214.514462,823.7330943,665.2731481,450.3055238,269.6002887,295.9906552,424.4351347,"{""total"":{""artifactId"":""TS_GP_BOP_WR_M.WR0010:beff53d74ac04b0f76a7669282f3036df37342e97a32ac615a4f716961de04b1:2c11aac59663"",""sourceKey"":""TS_GP_BOP_WR_M.WR0010"",""retrievedAt"":""2026-09-30T22:08:37.395Z"",""locator"":{""seriesKey"":""TS_GP_BOP_WR_M.WR0010"",""observationDate"":""2025-07-31"",""row"":14,""column"":5,""columns"":{""seriesKey"":2,""date"":4,""value"":5,""unit"":6,""status"":7,""comments"":8}},""rawValue"":""3214.514462""},""usa"":{""artifactId"":""TS_GP_BOP_WR_M.WR0020:a18d140751c825853ed0590e3475b36d8eba5c5d12ffe197a243645ced0f41ee:52d183468b82"",""sourceKey"":""TS_GP_BOP_WR_M.WR0020"",""retrievedAt"":""2026-09-30T22:08:37.284Z"",""locator"":{""seriesKey"":""TS_GP_BOP_WR_M.WR0020"",""observationDate"":""2025-07-31"",""row"":14,""column"":5,""columns"":{""seriesKey"":2,""date"":4,""value"":5,""unit"":6,""status"":7,""comments"":8}},""rawValue"":""269.6002887""},""uk"":{""artifactId"":""TS_GP_BOP_WR_M.WR0030:2980f682a83de35b64d5f9e870057b6b53234cc9184555d6814ab08f5b9716cd:16a760526d5b"",""sourceKey"":""TS_GP_BOP_WR_M.WR0030"",""retrievedAt"":""2026-09-30T22:08:38.374Z"",""locator"":{""seriesKey"":""TS_GP_BOP_WR_M.WR0030"",""observationDate"":""2025-07-31"",""row"":14,""column"":5,""columns"":{""seriesKey"":2,""date"":4,""value"":5,""unit"":6,""status"":7,""comments"":8}},""rawValue"":""450.3055238""},""saudiArabia"":{""artifactId"":""TS_GP_BOP_WR_M.WR0040:7fd29b7dd6648ad26354877eb8c73478ca5af5a4f4d1dc206c809a474a2b63cb:7b261bf12ed4"",""sourceKey"":""TS_GP_BOP_WR_M.WR0040"",""retrievedAt"":""2026-09-30T22:08:37.180Z"",""locator"":{""seriesKey"":""TS_GP_BOP_WR_M.WR0040"",""observationDate"":""2025-07-31"",""row"":14,""column"":5,""columns"":{""seriesKey"":2,""date"":4,""value"":5,""unit"":6,""status"":7,""comments"":8}},""rawValue"":""823.7330943""},""uae"":{""artifactId"":""TS_GP_BOP_WR_M.WR0050:e9f7e07077af64a3000a4e1064bfa07c0b714f0978b7b6a09c022311b191dff4:b0852540e72d"",""sourceKey"":""TS_GP_BOP_WR_M.WR0050"",""retrievedAt"":""2026-09-30T22:08:38.170Z"",""locator"":{""seriesKey"":""TS_GP_BOP_WR_M.WR0050"",""observationDate"":""2025-07-31"",""row"":14,""column"":5,""columns"":{""seriesKey"":2,""date"":4,""value"":5,""unit"":6,""status"":7,""comments"":8}},""rawValue"":""665.2731481""},""otherGcc"":{""artifactId"":""TS_GP_BOP_WR_M.WR0100:4080e7d652e64db1faf775bf10dcc9c7cbc18714009fd4209eaaab5e194ece94:8a4ff6653ef2"",""sourceKey"":""TS_GP_BOP_WR_M.WR0100"",""retrievedAt"":""2026-09-30T22:08:36.936Z"",""locator"":{""seriesKey"":""TS_GP_BOP_WR_M.WR0100"",""observationDate"":""2025-07-31"",""row"":14,""column"":5,""columns"":{""seriesKey"":2,""date"":4,""value"":5,""unit"":6,""status"":7,""comments"":8}},""rawValue"":""295.9906552""},""eu"":{""artifactId"":""TS_GP_BOP_WR_M.WR0150:7ddc2e9ecd25bf191717360ce0b2fb2948500282b9f5264d8397c200b762263a:6a93cf6c3219"",""sourceKey"":""TS_GP_BOP_WR_M.WR0150"",""retrievedAt"":""2026-09-30T22:08:37.080Z"",""locator"":{""seriesKey"":""TS_GP_BOP_WR_M.WR0150"",""observationDate"":""2025-07-31"",""row"":14,""column"":5,""columns"":{""seriesKey"":2,""date"":4,""value"":5,""unit"":6,""status"":7,""comments"":8}},""rawValue"":""424.4351347""}}","{""total"":{""observationDate"":""2025-07-31"",""status"":""not-stated"",""sourceStatus"":""Normal"",""comments"":"""",""unit"":""Million USD"",""missingReason"":null},""usa"":{""observationDate"":""2025-07-31"",""status"":""not-stated"",""sourceStatus"":""Normal"",""comments"":"""",""unit"":""Million USD"",""missingReason"":null},""uk"":{""observationDate"":""2025-07-31"",""status"":""not-stated"",""sourceStatus"":""Normal"",""comments"":"""",""unit"":""Million USD"",""missingReason"":null},""saudiArabia"":{""observationDate"":""2025-07-31"",""status"":""not-stated"",""sourceStatus"":""Normal"",""comments"":"""",""unit"":""Million USD"",""missingReason"":null},""uae"":{""observationDate"":""2025-07-31"",""status"":""not-stated"",""sourceStatus"":""Normal"",""comments"":"""",""unit"":""Million USD"",""missingReason"":null},""otherGcc"":{""observationDate"":""2025-07-31"",""status"":""not-stated"",""sourceStatus"":""Normal"",""comments"":"""",""unit"":""Million USD"",""missingReason"":null},""eu"":{""observationDate"":""2025-07-31"",""status"":""not-stated"",""sourceStatus"":""Normal"",""comments"":"""",""unit"":""Million USD"",""missingReason"":null}}"
2025-08,3138.174787,736.6861568,642.9298254,463.3691157,267.3275829,303.8619216,432.6725944,"{""total"":{""artifactId"":""TS_GP_BOP_WR_M.WR0010:beff53d74ac04b0f76a7669282f3036df37342e97a32ac615a4f716961de04b1:2c11aac59663"",""sourceKey"":""TS_GP_BOP_WR_M.WR0010"",""retrievedAt"":""2026-09-30T22:08:37.395Z"",""locator"":{""seriesKey"":""TS_GP_BOP_WR_M.WR0010"",""observationDate"":""2025-08-31"",""row"":13,""column"":5,""columns"":{""seriesKey"":2,""date"":4,""value"":5,""unit"":6,""status"":7,""comments"":8}},""rawValue"":""3138.174787""},""usa"":{""artifactId"":""TS_GP_BOP_WR_M.WR0020:a18d140751c825853ed0590e3475b36d8eba5c5d12ffe197a243645ced0f41ee:52d183468b82"",""sourceKey"":""TS_GP_BOP_WR_M.WR0020"",""retrievedAt"":""2026-09-30T22:08:37.284Z"",""locator"":{""seriesKey"":""TS_GP_BOP_WR_M.WR0020"",""observationDate"":""2025-08-31"",""row"":13,""column"":5,""columns"":{""seriesKey"":2,""date"":4,""value"":5,""unit"":6,""status"":7,""comments"":8}},""rawValue"":""267.3275829""},""uk"":{""artifactId"":""TS_GP_BOP_WR_M.WR0030:2980f682a83de35b64d5f9e870057b6b53234cc9184555d6814ab08f5b9716cd:16a760526d5b"",""sourceKey"":""TS_GP_BOP_WR_M.WR0030"",""retrievedAt"":""2026-09-30T22:08:38.374Z"",""locator"":{""seriesKey"":""TS_GP_BOP_WR_M.WR0030"",""observationDate"":""2025-08-31"",""row"":13,""column"":5,""columns"":{""seriesKey"":2,""date"":4,""value"":5,""unit"":6,""status"":7,""comments"":8}},""rawValue"":""463.3691157""},""saudiArabia"":{""artifactId"":""TS_GP_BOP_WR_M.WR0040:7fd29b7dd6648ad26354877eb8c73478ca5af5a4f4d1dc206c809a474a2b63cb:7b261bf12ed4"",""sourceKey"":""TS_GP_BOP_WR_M.WR0040"",""retrievedAt"":""2026-09-30T22:08:37.180Z"",""locator"":{""seriesKey"":""TS_GP_BOP_WR_M.WR0040"",""observationDate"":""2025-08-31"",""row"":13,""column"":5,""columns"":{""seriesKey"":2,""date"":4,""value"":5,""unit"":6,""status"":7,""comments"":8}},""rawValue"":""736.6861568""},""uae"":{""artifactId"":""TS_GP_BOP_WR_M.WR0050:e9f7e07077af64a3000a4e1064bfa07c0b714f0978b7b6a09c022311b191dff4:b0852540e72d"",""sourceKey"":""TS_GP_BOP_WR_M.WR0050"",""retrievedAt"":""2026-09-30T22:08:38.170Z"",""locator"":{""seriesKey"":""TS_GP_BOP_WR_M.WR0050"",""observationDate"":""2025-08-31"",""row"":13,""column"":5,""columns"":{""seriesKey"":2,""date"":4,""value"":5,""unit"":6,""status"":7,""comments"":8}},""rawValue"":""642.9298254""},""otherGcc"":{""artifactId"":""TS_GP_BOP_WR_M.WR0100:4080e7d652e64db1faf775bf10dcc9c7cbc18714009fd4209eaaab5e194ece94:8a4ff6653ef2"",""sourceKey"":""TS_GP_BOP_WR_M.WR0100"",""retrievedAt"":""2026-09-30T22:08:36.936Z"",""locator"":{""seriesKey"":""TS_GP_BOP_WR_M.WR0100"",""observationDate"":""2025-08-31"",""row"":13,""column"":5,""columns"":{""seriesKey"":2,""date"":4,""value"":5,""unit"":6,""status"":7,""comments"":8}},""rawValue"":""303.8619216""},""eu"":{""artifactId"":""TS_GP_BOP_WR_M.WR0150:7ddc2e9ecd25bf191717360ce0b2fb2948500282b9f5264d8397c200b762263a:6a93cf6c3219"",""sourceKey"":""TS_GP_BOP_WR_M.WR0150"",""retrievedAt"":""2026-09-30T22:08:37.080Z"",""locator"":{""seriesKey"":""TS_GP_BOP_WR_M.WR0150"",""observationDate"":""2025-08-31"",""row"":13,""column"":5,""columns"":{""seriesKey"":2,""date"":4,""value"":5,""unit"":6,""status"":7,""comments"":8}},""rawValue"":""432.6725944""}}","{""total"":{""observationDate"":""2025-08-31"",""status"":""not-stated"",""sourceStatus"":""Normal"",""comments"":"""",""unit"":""Million USD"",""missingReason"":null},""usa"":{""observationDate"":""2025-08-31"",""status"":""not-stated"",""sourceStatus"":""Normal"",""comments"":"""",""unit"":""Million USD"",""missingReason"":null},""uk"":{""observationDate"":""2025-08-31"",""status"":""not-stated"",""sourceStatus"":""Normal"",""comments"":"""",""unit"":""Million USD"",""missingReason"":null},""saudiArabia"":{""observationDate"":""2025-08-31"",""status"":""not-stated"",""sourceStatus"":""Normal"",""comments"":"""",""unit"":""Million USD"",""missingReason"":null},""uae"":{""observationDate"":""2025-08-31"",""status"":""not-stated"",""sourceStatus"":""Normal"",""comments"":"""",""unit"":""Million USD"",""missingReason"":null},""otherGcc"":{""observationDate"":""2025-08-31"",""status"":""not-stated"",""sourceStatus"":""Normal"",""comments"":"""",""unit"":""Million USD"",""missingReason"":null},""eu"":{""observationDate"":""2025-08-31"",""status"":""not-stated"",""sourceStatus"":""Normal"",""comments"":"""",""unit"":""Million USD"",""missingReason"":null}}"
2025-09,3184.123961,750.9829118,677.149588,454.7888376,269.0206605,299.6556279,422.4760895,"{""total"":{""artifactId"":""TS_GP_BOP_WR_M.WR0010:beff53d74ac04b0f76a7669282f3036df37342e97a32ac615a4f716961de04b1:2c11aac59663"",""sourceKey"":""TS_GP_BOP_WR_M.WR0010"",""retrievedAt"":""2026-09-30T22:08:37.395Z"",""locator"":{""seriesKey"":""TS_GP_BOP_WR_M.WR0010"",""observationDate"":""2025-09-30"",""row"":12,""column"":5,""columns"":{""seriesKey"":2,""date"":4,""value"":5,""unit"":6,""status"":7,""comments"":8}},""rawValue"":""3184.123961""},""usa"":{""artifactId"":""TS_GP_BOP_WR_M.WR0020:a18d140751c825853ed0590e3475b36d8eba5c5d12ffe197a243645ced0f41ee:52d183468b82"",""sourceKey"":""TS_GP_BOP_WR_M.WR0020"",""retrievedAt"":""2026-09-30T22:08:37.284Z"",""locator"":{""seriesKey"":""TS_GP_BOP_WR_M.WR0020"",""observationDate"":""2025-09-30"",""row"":12,""column"":5,""columns"":{""seriesKey"":2,""date"":4,""value"":5,""unit"":6,""status"":7,""comments"":8}},""rawValue"":""269.0206605""},""uk"":{""artifactId"":""TS_GP_BOP_WR_M.WR0030:2980f682a83de35b64d5f9e870057b6b53234cc9184555d6814ab08f5b9716cd:16a760526d5b"",""sourceKey"":""TS_GP_BOP_WR_M.WR0030"",""retrievedAt"":""2026-09-30T22:08:38.374Z"",""locator"":{""seriesKey"":""TS_GP_BOP_WR_M.WR0030"",""observationDate"":""2025-09-30"",""row"":12,""column"":5,""columns"":{""seriesKey"":2,""date"":4,""value"":5,""unit"":6,""status"":7,""comments"":8}},""rawValue"":""454.7888376""},""saudiArabia"":{""artifactId"":""TS_GP_BOP_WR_M.WR0040:7fd29b7dd6648ad26354877eb8c73478ca5af5a4f4d1dc206c809a474a2b63cb:7b261bf12ed4"",""sourceKey"":""TS_GP_BOP_WR_M.WR0040"",""retrievedAt"":""2026-09-30T22:08:37.180Z"",""locator"":{""seriesKey"":""TS_GP_BOP_WR_M.WR0040"",""observationDate"":""2025-09-30"",""row"":12,""column"":5,""columns"":{""seriesKey"":2,""date"":4,""value"":5,""unit"":6,""status"":7,""comments"":8}},""rawValue"":""750.9829118""},""uae"":{""artifactId"":""TS_GP_BOP_WR_M.WR0050:e9f7e07077af64a3000a4e1064bfa07c0b714f0978b7b6a09c022311b191dff4:b0852540e72d"",""sourceKey"":""TS_GP_BOP_WR_M.WR0050"",""retrievedAt"":""2026-09-30T22:08:38.170Z"",""locator"":{""seriesKey"":""TS_GP_BOP_WR_M.WR0050"",""observationDate"":""2025-09-30"",""row"":12,""column"":5,""columns"":{""seriesKey"":2,""date"":4,""value"":5,""unit"":6,""status"":7,""comments"":8}},""rawValue"":""677.149588""},""otherGcc"":{""artifactId"":""TS_GP_BOP_WR_M.WR0100:4080e7d652e64db1faf775bf10dcc9c7cbc18714009fd4209eaaab5e194ece94:8a4ff6653ef2"",""sourceKey"":""TS_GP_BOP_WR_M.WR0100"",""retrievedAt"":""2026-09-30T22:08:36.936Z"",""locator"":{""seriesKey"":""TS_GP_BOP_WR_M.WR0100"",""observationDate"":""2025-09-30"",""row"":12,""column"":5,""columns"":{""seriesKey"":2,""date"":4,""value"":5,""unit"":6,""status"":7,""comments"":8}},""rawValue"":""299.6556279""},""eu"":{""artifactId"":""TS_GP_BOP_WR_M.WR0150:7ddc2e9ecd25bf191717360ce0b2fb2948500282b9f5264d8397c200b762263a:6a93cf6c3219"",""sourceKey"":""TS_GP_BOP_WR_M.WR0150"",""retrievedAt"":""2026-09-30T22:08:37.080Z"",""locator"":{""seriesKey"":""TS_GP_BOP_WR_M.WR0150"",""observationDate"":""2025-09-30"",""row"":12,""column"":5,""columns"":{""seriesKey"":2,""date"":4,""value"":5,""unit"":6,""status"":7,""comments"":8}},""rawValue"":""422.4760895""}}","{""total"":{""observationDate"":""2025-09-30"",""status"":""not-stated"",""sourceStatus"":""Normal"",""comments"":"""",""unit"":""Million USD"",""missingReason"":null},""usa"":{""observationDate"":""2025-09-30"",""status"":""not-stated"",""sourceStatus"":""Normal"",""comments"":"""",""unit"":""Million USD"",""missingReason"":null},""uk"":{""observationDate"":""2025-09-30"",""status"":""not-stated"",""sourceStatus"":""Normal"",""comments"":"""",""unit"":""Million USD"",""missingReason"":null},""saudiArabia"":{""observationDate"":""2025-09-30"",""status"":""not-stated"",""sourceStatus"":""Normal"",""comments"":"""",""unit"":""Million USD"",""missingReason"":null},""uae"":{""observationDate"":""2025-09-30"",""status"":""not-stated"",""sourceStatus"":""Normal"",""comments"":"""",""unit"":""Million USD"",""missingReason"":null},""otherGcc"":{""observationDate"":""2025-09-30"",""status"":""not-stated"",""sourceStatus"":""Normal"",""comments"":"""",""unit"":""Million USD"",""missingReason"":null},""eu"":{""observationDate"":""2025-09-30"",""status"":""not-stated"",""sourceStatus"":""Normal"",""comments"":"""",""unit"":""Million USD"",""missingReason"":null}}"
2025-10,3419.61361,837.7040991,703.2806687,498.7659339,301.4392967,345.8859774,422.2796962,"{""total"":{""artifactId"":""TS_GP_BOP_WR_M.WR0010:beff53d74ac04b0f76a7669282f3036df37342e97a32ac615a4f716961de04b1:2c11aac59663"",""sourceKey"":""TS_GP_BOP_WR_M.WR0010"",""retrievedAt"":""2026-09-30T22:08:37.395Z"",""locator"":{""seriesKey"":""TS_GP_BOP_WR_M.WR0010"",""observationDate"":""2025-10-31"",""row"":11,""column"":5,""columns"":{""seriesKey"":2,""date"":4,""value"":5,""unit"":6,""status"":7,""comments"":8}},""rawValue"":""3419.61361""},""usa"":{""artifactId"":""TS_GP_BOP_WR_M.WR0020:a18d140751c825853ed0590e3475b36d8eba5c5d12ffe197a243645ced0f41ee:52d183468b82"",""sourceKey"":""TS_GP_BOP_WR_M.WR0020"",""retrievedAt"":""2026-09-30T22:08:37.284Z"",""locator"":{""seriesKey"":""TS_GP_BOP_WR_M.WR0020"",""observationDate"":""2025-10-31"",""row"":11,""column"":5,""columns"":{""seriesKey"":2,""date"":4,""value"":5,""unit"":6,""status"":7,""comments"":8}},""rawValue"":""301.4392967""},""uk"":{""artifactId"":""TS_GP_BOP_WR_M.WR0030:2980f682a83de35b64d5f9e870057b6b53234cc9184555d6814ab08f5b9716cd:16a760526d5b"",""sourceKey"":""TS_GP_BOP_WR_M.WR0030"",""retrievedAt"":""2026-09-30T22:08:38.374Z"",""locator"":{""seriesKey"":""TS_GP_BOP_WR_M.WR0030"",""observationDate"":""2025-10-31"",""row"":11,""column"":5,""columns"":{""seriesKey"":2,""date"":4,""value"":5,""unit"":6,""status"":7,""comments"":8}},""rawValue"":""498.7659339""},""saudiArabia"":{""artifactId"":""TS_GP_BOP_WR_M.WR0040:7fd29b7dd6648ad26354877eb8c73478ca5af5a4f4d1dc206c809a474a2b63cb:7b261bf12ed4"",""sourceKey"":""TS_GP_BOP_WR_M.WR0040"",""retrievedAt"":""2026-09-30T22:08:37.180Z"",""locator"":{""seriesKey"":""TS_GP_BOP_WR_M.WR0040"",""observationDate"":""2025-10-31"",""row"":11,""column"":5,""columns"":{""seriesKey"":2,""date"":4,""value"":5,""unit"":6,""status"":7,""comments"":8}},""rawValue"":""837.7040991""},""uae"":{""artifactId"":""TS_GP_BOP_WR_M.WR0050:e9f7e07077af64a3000a4e1064bfa07c0b714f0978b7b6a09c022311b191dff4:b0852540e72d"",""sourceKey"":""TS_GP_BOP_WR_M.WR0050"",""retrievedAt"":""2026-09-30T22:08:38.170Z"",""locator"":{""seriesKey"":""TS_GP_BOP_WR_M.WR0050"",""observationDate"":""2025-10-31"",""row"":11,""column"":5,""columns"":{""seriesKey"":2,""date"":4,""value"":5,""unit"":6,""status"":7,""comments"":8}},""rawValue"":""703.2806687""},""otherGcc"":{""artifactId"":""TS_GP_BOP_WR_M.WR0100:4080e7d652e64db1faf775bf10dcc9c7cbc18714009fd4209eaaab5e194ece94:8a4ff6653ef2"",""sourceKey"":""TS_GP_BOP_WR_M.WR0100"",""retrievedAt"":""2026-09-30T22:08:36.936Z"",""locator"":{""seriesKey"":""TS_GP_BOP_WR_M.WR0100"",""observationDate"":""2025-10-31"",""row"":11,""column"":5,""columns"":{""seriesKey"":2,""date"":4,""value"":5,""unit"":6,""status"":7,""comments"":8}},""rawValue"":""345.8859774""},""eu"":{""artifactId"":""TS_GP_BOP_WR_M.WR0150:7ddc2e9ecd25bf191717360ce0b2fb2948500282b9f5264d8397c200b762263a:6a93cf6c3219"",""sourceKey"":""TS_GP_BOP_WR_M.WR0150"",""retrievedAt"":""2026-09-30T22:08:37.080Z"",""locator"":{""seriesKey"":""TS_GP_BOP_WR_M.WR0150"",""observationDate"":""2025-10-31"",""row"":11,""column"":5,""columns"":{""seriesKey"":2,""date"":4,""value"":5,""unit"":6,""status"":7,""comments"":8}},""rawValue"":""422.2796962""}}","{""total"":{""observationDate"":""2025-10-31"",""status"":""not-stated"",""sourceStatus"":""Normal"",""comments"":"""",""unit"":""Million USD"",""missingReason"":null},""usa"":{""observationDate"":""2025-10-31"",""status"":""not-stated"",""sourceStatus"":""Normal"",""comments"":"""",""unit"":""Million USD"",""missingReason"":null},""uk"":{""observationDate"":""2025-10-31"",""status"":""not-stated"",""sourceStatus"":""Normal"",""comments"":"""",""unit"":""Million USD"",""missingReason"":null},""saudiArabia"":{""observationDate"":""2025-10-31"",""status"":""not-stated"",""sourceStatus"":""Normal"",""comments"":"""",""unit"":""Million USD"",""missingReason"":null},""uae"":{""observationDate"":""2025-10-31"",""status"":""not-stated"",""sourceStatus"":""Normal"",""comments"":"""",""unit"":""Million USD"",""missingReason"":null},""otherGcc"":{""observationDate"":""2025-10-31"",""status"":""not-stated"",""sourceStatus"":""Normal"",""comments"":"""",""unit"":""Million USD"",""missingReason"":null},""eu"":{""observationDate"":""2025-10-31"",""status"":""not-stated"",""sourceStatus"":""Normal"",""comments"":"""",""unit"":""Million USD"",""missingReason"":null}}"
2025-11,3188.337716,753.0208946,675.0469905,480.658691,277.0124293,298.8535944,416.6351028,"{""total"":{""artifactId"":""TS_GP_BOP_WR_M.WR0010:beff53d74ac04b0f76a7669282f3036df37342e97a32ac615a4f716961de04b1:2c11aac59663"",""sourceKey"":""TS_GP_BOP_WR_M.WR0010"",""retrievedAt"":""2026-09-30T22:08:37.395Z"",""locator"":{""seriesKey"":""TS_GP_BOP_WR_M.WR0010"",""observationDate"":""2025-11-30"",""row"":10,""column"":5,""columns"":{""seriesKey"":2,""date"":4,""value"":5,""unit"":6,""status"":7,""comments"":8}},""rawValue"":""3188.337716""},""usa"":{""artifactId"":""TS_GP_BOP_WR_M.WR0020:a18d140751c825853ed0590e3475b36d8eba5c5d12ffe197a243645ced0f41ee:52d183468b82"",""sourceKey"":""TS_GP_BOP_WR_M.WR0020"",""retrievedAt"":""2026-09-30T22:08:37.284Z"",""locator"":{""seriesKey"":""TS_GP_BOP_WR_M.WR0020"",""observationDate"":""2025-11-30"",""row"":10,""column"":5,""columns"":{""seriesKey"":2,""date"":4,""value"":5,""unit"":6,""status"":7,""comments"":8}},""rawValue"":""277.0124293""},""uk"":{""artifactId"":""TS_GP_BOP_WR_M.WR0030:2980f682a83de35b64d5f9e870057b6b53234cc9184555d6814ab08f5b9716cd:16a760526d5b"",""sourceKey"":""TS_GP_BOP_WR_M.WR0030"",""retrievedAt"":""2026-09-30T22:08:38.374Z"",""locator"":{""seriesKey"":""TS_GP_BOP_WR_M.WR0030"",""observationDate"":""2025-11-30"",""row"":10,""column"":5,""columns"":{""seriesKey"":2,""date"":4,""value"":5,""unit"":6,""status"":7,""comments"":8}},""rawValue"":""480.658691""},""saudiArabia"":{""artifactId"":""TS_GP_BOP_WR_M.WR0040:7fd29b7dd6648ad26354877eb8c73478ca5af5a4f4d1dc206c809a474a2b63cb:7b261bf12ed4"",""sourceKey"":""TS_GP_BOP_WR_M.WR0040"",""retrievedAt"":""2026-09-30T22:08:37.180Z"",""locator"":{""seriesKey"":""TS_GP_BOP_WR_M.WR0040"",""observationDate"":""2025-11-30"",""row"":10,""column"":5,""columns"":{""seriesKey"":2,""date"":4,""value"":5,""unit"":6,""status"":7,""comments"":8}},""rawValue"":""753.0208946""},""uae"":{""artifactId"":""TS_GP_BOP_WR_M.WR0050:e9f7e07077af64a3000a4e1064bfa07c0b714f0978b7b6a09c022311b191dff4:b0852540e72d"",""sourceKey"":""TS_GP_BOP_WR_M.WR0050"",""retrievedAt"":""2026-09-30T22:08:38.170Z"",""locator"":{""seriesKey"":""TS_GP_BOP_WR_M.WR0050"",""observationDate"":""2025-11-30"",""row"":10,""column"":5,""columns"":{""seriesKey"":2,""date"":4,""value"":5,""unit"":6,""status"":7,""comments"":8}},""rawValue"":""675.0469905""},""otherGcc"":{""artifactId"":""TS_GP_BOP_WR_M.WR0100:4080e7d652e64db1faf775bf10dcc9c7cbc18714009fd4209eaaab5e194ece94:8a4ff6653ef2"",""sourceKey"":""TS_GP_BOP_WR_M.WR0100"",""retrievedAt"":""2026-09-30T22:08:36.936Z"",""locator"":{""seriesKey"":""TS_GP_BOP_WR_M.WR0100"",""observationDate"":""2025-11-30"",""row"":10,""column"":5,""columns"":{""seriesKey"":2,""date"":4,""value"":5,""unit"":6,""status"":7,""comments"":8}},""rawValue"":""298.8535944""},""eu"":{""artifactId"":""TS_GP_BOP_WR_M.WR0150:7ddc2e9ecd25bf191717360ce0b2fb2948500282b9f5264d8397c200b762263a:6a93cf6c3219"",""sourceKey"":""TS_GP_BOP_WR_M.WR0150"",""retrievedAt"":""2026-09-30T22:08:37.080Z"",""locator"":{""seriesKey"":""TS_GP_BOP_WR_M.WR0150"",""observationDate"":""2025-11-30"",""row"":10,""column"":5,""columns"":{""seriesKey"":2,""date"":4,""value"":5,""unit"":6,""status"":7,""comments"":8}},""rawValue"":""416.6351028""}}","{""total"":{""observationDate"":""2025-11-30"",""status"":""not-stated"",""sourceStatus"":""Normal"",""comments"":"""",""unit"":""Million USD"",""missingReason"":null},""usa"":{""observationDate"":""2025-11-30"",""status"":""not-stated"",""sourceStatus"":""Normal"",""comments"":"""",""unit"":""Million USD"",""missingReason"":null},""uk"":{""observationDate"":""2025-11-30"",""status"":""not-stated"",""sourceStatus"":""Normal"",""comments"":"""",""unit"":""Million USD"",""missingReason"":null},""saudiArabia"":{""observationDate"":""2025-11-30"",""status"":""not-stated"",""sourceStatus"":""Normal"",""comments"":"""",""unit"":""Million USD"",""missingReason"":null},""uae"":{""observationDate"":""2025-11-30"",""status"":""not-stated"",""sourceStatus"":""Normal"",""comments"":"""",""unit"":""Million USD"",""missingReason"":null},""otherGcc"":{""observationDate"":""2025-11-30"",""status"":""not-stated"",""sourceStatus"":""Normal"",""comments"":"""",""unit"":""Million USD"",""missingReason"":null},""eu"":{""observationDate"":""2025-11-30"",""status"":""not-stated"",""sourceStatus"":""Normal"",""comments"":"""",""unit"":""Million USD"",""missingReason"":null}}"
2025-12,3592.442722,813.053307,725.8071854,559.739338,301.7168066,333.2282301,502.9219492,"{""total"":{""artifactId"":""TS_GP_BOP_WR_M.WR0010:beff53d74ac04b0f76a7669282f3036df37342e97a32ac615a4f716961de04b1:2c11aac59663"",""sourceKey"":""TS_GP_BOP_WR_M.WR0010"",""retrievedAt"":""2026-09-30T22:08:37.395Z"",""locator"":{""seriesKey"":""TS_GP_BOP_WR_M.WR0010"",""observationDate"":""2025-12-31"",""row"":9,""column"":5,""columns"":{""seriesKey"":2,""date"":4,""value"":5,""unit"":6,""status"":7,""comments"":8}},""rawValue"":""3592.442722""},""usa"":{""artifactId"":""TS_GP_BOP_WR_M.WR0020:a18d140751c825853ed0590e3475b36d8eba5c5d12ffe197a243645ced0f41ee:52d183468b82"",""sourceKey"":""TS_GP_BOP_WR_M.WR0020"",""retrievedAt"":""2026-09-30T22:08:37.284Z"",""locator"":{""seriesKey"":""TS_GP_BOP_WR_M.WR0020"",""observationDate"":""2025-12-31"",""row"":9,""column"":5,""columns"":{""seriesKey"":2,""date"":4,""value"":5,""unit"":6,""status"":7,""comments"":8}},""rawValue"":""301.7168066""},""uk"":{""artifactId"":""TS_GP_BOP_WR_M.WR0030:2980f682a83de35b64d5f9e870057b6b53234cc9184555d6814ab08f5b9716cd:16a760526d5b"",""sourceKey"":""TS_GP_BOP_WR_M.WR0030"",""retrievedAt"":""2026-09-30T22:08:38.374Z"",""locator"":{""seriesKey"":""TS_GP_BOP_WR_M.WR0030"",""observationDate"":""2025-12-31"",""row"":9,""column"":5,""columns"":{""seriesKey"":2,""date"":4,""value"":5,""unit"":6,""status"":7,""comments"":8}},""rawValue"":""559.739338""},""saudiArabia"":{""artifactId"":""TS_GP_BOP_WR_M.WR0040:7fd29b7dd6648ad26354877eb8c73478ca5af5a4f4d1dc206c809a474a2b63cb:7b261bf12ed4"",""sourceKey"":""TS_GP_BOP_WR_M.WR0040"",""retrievedAt"":""2026-09-30T22:08:37.180Z"",""locator"":{""seriesKey"":""TS_GP_BOP_WR_M.WR0040"",""observationDate"":""2025-12-31"",""row"":9,""column"":5,""columns"":{""seriesKey"":2,""date"":4,""value"":5,""unit"":6,""status"":7,""comments"":8}},""rawValue"":""813.053307""},""uae"":{""artifactId"":""TS_GP_BOP_WR_M.WR0050:e9f7e07077af64a3000a4e1064bfa07c0b714f0978b7b6a09c022311b191dff4:b0852540e72d"",""sourceKey"":""TS_GP_BOP_WR_M.WR0050"",""retrievedAt"":""2026-09-30T22:08:38.170Z"",""locator"":{""seriesKey"":""TS_GP_BOP_WR_M.WR0050"",""observationDate"":""2025-12-31"",""row"":9,""column"":5,""columns"":{""seriesKey"":2,""date"":4,""value"":5,""unit"":6,""status"":7,""comments"":8}},""rawValue"":""725.8071854""},""otherGcc"":{""artifactId"":""TS_GP_BOP_WR_M.WR0100:4080e7d652e64db1faf775bf10dcc9c7cbc18714009fd4209eaaab5e194ece94:8a4ff6653ef2"",""sourceKey"":""TS_GP_BOP_WR_M.WR0100"",""retrievedAt"":""2026-09-30T22:08:36.936Z"",""locator"":{""seriesKey"":""TS_GP_BOP_WR_M.WR0100"",""observationDate"":""2025-12-31"",""row"":9,""column"":5,""columns"":{""seriesKey"":2,""date"":4,""value"":5,""unit"":6,""status"":7,""comments"":8}},""rawValue"":""333.2282301""},""eu"":{""artifactId"":""TS_GP_BOP_WR_M.WR0150:7ddc2e9ecd25bf191717360ce0b2fb2948500282b9f5264d8397c200b762263a:6a93cf6c3219"",""sourceKey"":""TS_GP_BOP_WR_M.WR0150"",""retrievedAt"":""2026-09-30T22:08:37.080Z"",""locator"":{""seriesKey"":""TS_GP_BOP_WR_M.WR0150"",""observationDate"":""2025-12-31"",""row"":9,""column"":5,""columns"":{""seriesKey"":2,""date"":4,""value"":5,""unit"":6,""status"":7,""comments"":8}},""rawValue"":""502.9219492""}}","{""total"":{""observationDate"":""2025-12-31"",""status"":""not-stated"",""sourceStatus"":""Normal"",""comments"":"""",""unit"":""Million USD"",""missingReason"":null},""usa"":{""observationDate"":""2025-12-31"",""status"":""not-stated"",""sourceStatus"":""Normal"",""comments"":"""",""unit"":""Million USD"",""missingReason"":null},""uk"":{""observationDate"":""2025-12-31"",""status"":""not-stated"",""sourceStatus"":""Normal"",""comments"":"""",""unit"":""Million USD"",""missingReason"":null},""saudiArabia"":{""observationDate"":""2025-12-31"",""status"":""not-stated"",""sourceStatus"":""Normal"",""comments"":"""",""unit"":""Million USD"",""missingReason"":null},""uae"":{""observationDate"":""2025-12-31"",""status"":""not-stated"",""sourceStatus"":""Normal"",""comments"":"""",""unit"":""Million USD"",""missingReason"":null},""otherGcc"":{""observationDate"":""2025-12-31"",""status"":""not-stated"",""sourceStatus"":""Normal"",""comments"":"""",""unit"":""Million USD"",""missingReason"":null},""eu"":{""observationDate"":""2025-12-31"",""status"":""not-stated"",""sourceStatus"":""Normal"",""comments"":"""",""unit"":""Million USD"",""missingReason"":null}}"
2026-01,3464.468094,767.3824097,658.055959,574.8062718,296.3416765,330.5402407,482.6268614,"{""total"":{""artifactId"":""TS_GP_BOP_WR_M.WR0010:beff53d74ac04b0f76a7669282f3036df37342e97a32ac615a4f716961de04b1:2c11aac59663"",""sourceKey"":""TS_GP_BOP_WR_M.WR0010"",""retrievedAt"":""2026-09-30T22:08:37.395Z"",""locator"":{""seriesKey"":""TS_GP_BOP_WR_M.WR0010"",""observationDate"":""2026-01-31"",""row"":8,""column"":5,""columns"":{""seriesKey"":2,""date"":4,""value"":5,""unit"":6,""status"":7,""comments"":8}},""rawValue"":""3464.468094""},""usa"":{""artifactId"":""TS_GP_BOP_WR_M.WR0020:a18d140751c825853ed0590e3475b36d8eba5c5d12ffe197a243645ced0f41ee:52d183468b82"",""sourceKey"":""TS_GP_BOP_WR_M.WR0020"",""retrievedAt"":""2026-09-30T22:08:37.284Z"",""locator"":{""seriesKey"":""TS_GP_BOP_WR_M.WR0020"",""observationDate"":""2026-01-31"",""row"":8,""column"":5,""columns"":{""seriesKey"":2,""date"":4,""value"":5,""unit"":6,""status"":7,""comments"":8}},""rawValue"":""296.3416765""},""uk"":{""artifactId"":""TS_GP_BOP_WR_M.WR0030:2980f682a83de35b64d5f9e870057b6b53234cc9184555d6814ab08f5b9716cd:16a760526d5b"",""sourceKey"":""TS_GP_BOP_WR_M.WR0030"",""retrievedAt"":""2026-09-30T22:08:38.374Z"",""locator"":{""seriesKey"":""TS_GP_BOP_WR_M.WR0030"",""observationDate"":""2026-01-31"",""row"":8,""column"":5,""columns"":{""seriesKey"":2,""date"":4,""value"":5,""unit"":6,""status"":7,""comments"":8}},""rawValue"":""574.8062718""},""saudiArabia"":{""artifactId"":""TS_GP_BOP_WR_M.WR0040:7fd29b7dd6648ad26354877eb8c73478ca5af5a4f4d1dc206c809a474a2b63cb:7b261bf12ed4"",""sourceKey"":""TS_GP_BOP_WR_M.WR0040"",""retrievedAt"":""2026-09-30T22:08:37.180Z"",""locator"":{""seriesKey"":""TS_GP_BOP_WR_M.WR0040"",""observationDate"":""2026-01-31"",""row"":8,""column"":5,""columns"":{""seriesKey"":2,""date"":4,""value"":5,""unit"":6,""status"":7,""comments"":8}},""rawValue"":""767.3824097""},""uae"":{""artifactId"":""TS_GP_BOP_WR_M.WR0050:e9f7e07077af64a3000a4e1064bfa07c0b714f0978b7b6a09c022311b191dff4:b0852540e72d"",""sourceKey"":""TS_GP_BOP_WR_M.WR0050"",""retrievedAt"":""2026-09-30T22:08:38.170Z"",""locator"":{""seriesKey"":""TS_GP_BOP_WR_M.WR0050"",""observationDate"":""2026-01-31"",""row"":8,""column"":5,""columns"":{""seriesKey"":2,""date"":4,""value"":5,""unit"":6,""status"":7,""comments"":8}},""rawValue"":""658.055959""},""otherGcc"":{""artifactId"":""TS_GP_BOP_WR_M.WR0100:4080e7d652e64db1faf775bf10dcc9c7cbc18714009fd4209eaaab5e194ece94:8a4ff6653ef2"",""sourceKey"":""TS_GP_BOP_WR_M.WR0100"",""retrievedAt"":""2026-09-30T22:08:36.936Z"",""locator"":{""seriesKey"":""TS_GP_BOP_WR_M.WR0100"",""observationDate"":""2026-01-31"",""row"":8,""column"":5,""columns"":{""seriesKey"":2,""date"":4,""value"":5,""unit"":6,""status"":7,""comments"":8}},""rawValue"":""330.5402407""},""eu"":{""artifactId"":""TS_GP_BOP_WR_M.WR0150:7ddc2e9ecd25bf191717360ce0b2fb2948500282b9f5264d8397c200b762263a:6a93cf6c3219"",""sourceKey"":""TS_GP_BOP_WR_M.WR0150"",""retrievedAt"":""2026-09-30T22:08:37.080Z"",""locator"":{""seriesKey"":""TS_GP_BOP_WR_M.WR0150"",""observationDate"":""2026-01-31"",""row"":8,""column"":5,""columns"":{""seriesKey"":2,""date"":4,""value"":5,""unit"":6,""status"":7,""comments"":8}},""rawValue"":""482.6268614""}}","{""total"":{""observationDate"":""2026-01-31"",""status"":""not-stated"",""sourceStatus"":""Normal"",""comments"":"""",""unit"":""Million USD"",""missingReason"":null},""usa"":{""observationDate"":""2026-01-31"",""status"":""not-stated"",""sourceStatus"":""Normal"",""comments"":"""",""unit"":""Million USD"",""missingReason"":null},""uk"":{""observationDate"":""2026-01-31"",""status"":""not-stated"",""sourceStatus"":""Normal"",""comments"":"""",""unit"":""Million USD"",""missingReason"":null},""saudiArabia"":{""observationDate"":""2026-01-31"",""status"":""not-stated"",""sourceStatus"":""Normal"",""comments"":"""",""unit"":""Million USD"",""missingReason"":null},""uae"":{""observationDate"":""2026-01-31"",""status"":""not-stated"",""sourceStatus"":""Normal"",""comments"":"""",""unit"":""Million USD"",""missingReason"":null},""otherGcc"":{""observationDate"":""2026-01-31"",""status"":""not-stated"",""sourceStatus"":""Normal"",""comments"":"""",""unit"":""Million USD"",""missingReason"":null},""eu"":{""observationDate"":""2026-01-31"",""status"":""not-stated"",""sourceStatus"":""Normal"",""comments"":"""",""unit"":""Million USD"",""missingReason"":null}}"
2026-02,3287.872847,685.5111972,696.2194373,532.1143198,319.4536949,317.1918087,395.4706519,"{""total"":{""artifactId"":""TS_GP_BOP_WR_M.WR0010:beff53d74ac04b0f76a7669282f3036df37342e97a32ac615a4f716961de04b1:2c11aac59663"",""sourceKey"":""TS_GP_BOP_WR_M.WR0010"",""retrievedAt"":""2026-09-30T22:08:37.395Z"",""locator"":{""seriesKey"":""TS_GP_BOP_WR_M.WR0010"",""observationDate"":""2026-02-28"",""row"":7,""column"":5,""columns"":{""seriesKey"":2,""date"":4,""value"":5,""unit"":6,""status"":7,""comments"":8}},""rawValue"":""3287.872847""},""usa"":{""artifactId"":""TS_GP_BOP_WR_M.WR0020:a18d140751c825853ed0590e3475b36d8eba5c5d12ffe197a243645ced0f41ee:52d183468b82"",""sourceKey"":""TS_GP_BOP_WR_M.WR0020"",""retrievedAt"":""2026-09-30T22:08:37.284Z"",""locator"":{""seriesKey"":""TS_GP_BOP_WR_M.WR0020"",""observationDate"":""2026-02-28"",""row"":7,""column"":5,""columns"":{""seriesKey"":2,""date"":4,""value"":5,""unit"":6,""status"":7,""comments"":8}},""rawValue"":""319.4536949""},""uk"":{""artifactId"":""TS_GP_BOP_WR_M.WR0030:2980f682a83de35b64d5f9e870057b6b53234cc9184555d6814ab08f5b9716cd:16a760526d5b"",""sourceKey"":""TS_GP_BOP_WR_M.WR0030"",""retrievedAt"":""2026-09-30T22:08:38.374Z"",""locator"":{""seriesKey"":""TS_GP_BOP_WR_M.WR0030"",""observationDate"":""2026-02-28"",""row"":7,""column"":5,""columns"":{""seriesKey"":2,""date"":4,""value"":5,""unit"":6,""status"":7,""comments"":8}},""rawValue"":""532.1143198""},""saudiArabia"":{""artifactId"":""TS_GP_BOP_WR_M.WR0040:7fd29b7dd6648ad26354877eb8c73478ca5af5a4f4d1dc206c809a474a2b63cb:7b261bf12ed4"",""sourceKey"":""TS_GP_BOP_WR_M.WR0040"",""retrievedAt"":""2026-09-30T22:08:37.180Z"",""locator"":{""seriesKey"":""TS_GP_BOP_WR_M.WR0040"",""observationDate"":""2026-02-28"",""row"":7,""column"":5,""columns"":{""seriesKey"":2,""date"":4,""value"":5,""unit"":6,""status"":7,""comments"":8}},""rawValue"":""685.5111972""},""uae"":{""artifactId"":""TS_GP_BOP_WR_M.WR0050:e9f7e07077af64a3000a4e1064bfa07c0b714f0978b7b6a09c022311b191dff4:b0852540e72d"",""sourceKey"":""TS_GP_BOP_WR_M.WR0050"",""retrievedAt"":""2026-09-30T22:08:38.170Z"",""locator"":{""seriesKey"":""TS_GP_BOP_WR_M.WR0050"",""observationDate"":""2026-02-28"",""row"":7,""column"":5,""columns"":{""seriesKey"":2,""date"":4,""value"":5,""unit"":6,""status"":7,""comments"":8}},""rawValue"":""696.2194373""},""otherGcc"":{""artifactId"":""TS_GP_BOP_WR_M.WR0100:4080e7d652e64db1faf775bf10dcc9c7cbc18714009fd4209eaaab5e194ece94:8a4ff6653ef2"",""sourceKey"":""TS_GP_BOP_WR_M.WR0100"",""retrievedAt"":""2026-09-30T22:08:36.936Z"",""locator"":{""seriesKey"":""TS_GP_BOP_WR_M.WR0100"",""observationDate"":""2026-02-28"",""row"":7,""column"":5,""columns"":{""seriesKey"":2,""date"":4,""value"":5,""unit"":6,""status"":7,""comments"":8}},""rawValue"":""317.1918087""},""eu"":{""artifactId"":""TS_GP_BOP_WR_M.WR0150:7ddc2e9ecd25bf191717360ce0b2fb2948500282b9f5264d8397c200b762263a:6a93cf6c3219"",""sourceKey"":""TS_GP_BOP_WR_M.WR0150"",""retrievedAt"":""2026-09-30T22:08:37.080Z"",""locator"":{""seriesKey"":""TS_GP_BOP_WR_M.WR0150"",""observationDate"":""2026-02-28"",""row"":7,""column"":5,""columns"":{""seriesKey"":2,""date"":4,""value"":5,""unit"":6,""status"":7,""comments"":8}},""rawValue"":""395.4706519""}}","{""total"":{""observationDate"":""2026-02-28"",""status"":""not-stated"",""sourceStatus"":""Normal"",""comments"":"""",""unit"":""Million USD"",""missingReason"":null},""usa"":{""observationDate"":""2026-02-28"",""status"":""not-stated"",""sourceStatus"":""Normal"",""comments"":"""",""unit"":""Million USD"",""missingReason"":null},""uk"":{""observationDate"":""2026-02-28"",""status"":""not-stated"",""sourceStatus"":""Normal"",""comments"":"""",""unit"":""Million USD"",""missingReason"":null},""saudiArabia"":{""observationDate"":""2026-02-28"",""status"":""not-stated"",""sourceStatus"":""Normal"",""comments"":"""",""unit"":""Million USD"",""missingReason"":null},""uae"":{""observationDate"":""2026-02-28"",""status"":""not-stated"",""sourceStatus"":""Normal"",""comments"":"""",""unit"":""Million USD"",""missingReason"":null},""otherGcc"":{""observationDate"":""2026-02-28"",""status"":""not-stated"",""sourceStatus"":""Normal"",""comments"":"""",""unit"":""Million USD"",""missingReason"":null},""eu"":{""observationDate"":""2026-02-28"",""status"":""not-stated"",""sourceStatus"":""Normal"",""comments"":"""",""unit"":""Million USD"",""missingReason"":null}}"
2026-03,3831.405102,918.7886121,829.9068709,587.2733264,358.8162807,366.6630419,413.7920951,"{""total"":{""artifactId"":""TS_GP_BOP_WR_M.WR0010:beff53d74ac04b0f76a7669282f3036df37342e97a32ac615a4f716961de04b1:2c11aac59663"",""sourceKey"":""TS_GP_BOP_WR_M.WR0010"",""retrievedAt"":""2026-09-30T22:08:37.395Z"",""locator"":{""seriesKey"":""TS_GP_BOP_WR_M.WR0010"",""observationDate"":""2026-03-31"",""row"":6,""column"":5,""columns"":{""seriesKey"":2,""date"":4,""value"":5,""unit"":6,""status"":7,""comments"":8}},""rawValue"":""3831.405102""},""usa"":{""artifactId"":""TS_GP_BOP_WR_M.WR0020:a18d140751c825853ed0590e3475b36d8eba5c5d12ffe197a243645ced0f41ee:52d183468b82"",""sourceKey"":""TS_GP_BOP_WR_M.WR0020"",""retrievedAt"":""2026-09-30T22:08:37.284Z"",""locator"":{""seriesKey"":""TS_GP_BOP_WR_M.WR0020"",""observationDate"":""2026-03-31"",""row"":6,""column"":5,""columns"":{""seriesKey"":2,""date"":4,""value"":5,""unit"":6,""status"":7,""comments"":8}},""rawValue"":""358.8162807""},""uk"":{""artifactId"":""TS_GP_BOP_WR_M.WR0030:2980f682a83de35b64d5f9e870057b6b53234cc9184555d6814ab08f5b9716cd:16a760526d5b"",""sourceKey"":""TS_GP_BOP_WR_M.WR0030"",""retrievedAt"":""2026-09-30T22:08:38.374Z"",""locator"":{""seriesKey"":""TS_GP_BOP_WR_M.WR0030"",""observationDate"":""2026-03-31"",""row"":6,""column"":5,""columns"":{""seriesKey"":2,""date"":4,""value"":5,""unit"":6,""status"":7,""comments"":8}},""rawValue"":""587.2733264""},""saudiArabia"":{""artifactId"":""TS_GP_BOP_WR_M.WR0040:7fd29b7dd6648ad26354877eb8c73478ca5af5a4f4d1dc206c809a474a2b63cb:7b261bf12ed4"",""sourceKey"":""TS_GP_BOP_WR_M.WR0040"",""retrievedAt"":""2026-09-30T22:08:37.180Z"",""locator"":{""seriesKey"":""TS_GP_BOP_WR_M.WR0040"",""observationDate"":""2026-03-31"",""row"":6,""column"":5,""columns"":{""seriesKey"":2,""date"":4,""value"":5,""unit"":6,""status"":7,""comments"":8}},""rawValue"":""918.7886121""},""uae"":{""artifactId"":""TS_GP_BOP_WR_M.WR0050:e9f7e07077af64a3000a4e1064bfa07c0b714f0978b7b6a09c022311b191dff4:b0852540e72d"",""sourceKey"":""TS_GP_BOP_WR_M.WR0050"",""retrievedAt"":""2026-09-30T22:08:38.170Z"",""locator"":{""seriesKey"":""TS_GP_BOP_WR_M.WR0050"",""observationDate"":""2026-03-31"",""row"":6,""column"":5,""columns"":{""seriesKey"":2,""date"":4,""value"":5,""unit"":6,""status"":7,""comments"":8}},""rawValue"":""829.9068709""},""otherGcc"":{""artifactId"":""TS_GP_BOP_WR_M.WR0100:4080e7d652e64db1faf775bf10dcc9c7cbc18714009fd4209eaaab5e194ece94:8a4ff6653ef2"",""sourceKey"":""TS_GP_BOP_WR_M.WR0100"",""retrievedAt"":""2026-09-30T22:08:36.936Z"",""locator"":{""seriesKey"":""TS_GP_BOP_WR_M.WR0100"",""observationDate"":""2026-03-31"",""row"":6,""column"":5,""columns"":{""seriesKey"":2,""date"":4,""value"":5,""unit"":6,""status"":7,""comments"":8}},""rawValue"":""366.6630419""},""eu"":{""artifactId"":""TS_GP_BOP_WR_M.WR0150:7ddc2e9ecd25bf191717360ce0b2fb2948500282b9f5264d8397c200b762263a:6a93cf6c3219"",""sourceKey"":""TS_GP_BOP_WR_M.WR0150"",""retrievedAt"":""2026-09-30T22:08:37.080Z"",""locator"":{""seriesKey"":""TS_GP_BOP_WR_M.WR0150"",""observationDate"":""2026-03-31"",""row"":6,""column"":5,""columns"":{""seriesKey"":2,""date"":4,""value"":5,""unit"":6,""status"":7,""comments"":8}},""rawValue"":""413.7920951""}}","{""total"":{""observationDate"":""2026-03-31"",""status"":""not-stated"",""sourceStatus"":""Normal"",""comments"":"""",""unit"":""Million USD"",""missingReason"":null},""usa"":{""observationDate"":""2026-03-31"",""status"":""not-stated"",""sourceStatus"":""Normal"",""comments"":"""",""unit"":""Million USD"",""missingReason"":null},""uk"":{""observationDate"":""2026-03-31"",""status"":""not-stated"",""sourceStatus"":""Normal"",""comments"":"""",""unit"":""Million USD"",""missingReason"":null},""saudiArabia"":{""observationDate"":""2026-03-31"",""status"":""not-stated"",""sourceStatus"":""Normal"",""comments"":"""",""unit"":""Million USD"",""missingReason"":null},""uae"":{""observationDate"":""2026-03-31"",""status"":""not-stated"",""sourceStatus"":""Normal"",""comments"":"""",""unit"":""Million USD"",""missingReason"":null},""otherGcc"":{""observationDate"":""2026-03-31"",""status"":""not-stated"",""sourceStatus"":""Normal"",""comments"":"""",""unit"":""Million USD"",""missingReason"":null},""eu"":{""observationDate"":""2026-03-31"",""status"":""not-stated"",""sourceStatus"":""Normal"",""comments"":"""",""unit"":""Million USD"",""missingReason"":null}}"
2026-04,3537.025479,841.6001374,734.4166233,563.5785311,317.2677242,328.6808645,432.1496548,"{""total"":{""artifactId"":""TS_GP_BOP_WR_M.WR0010:beff53d74ac04b0f76a7669282f3036df37342e97a32ac615a4f716961de04b1:2c11aac59663"",""sourceKey"":""TS_GP_BOP_WR_M.WR0010"",""retrievedAt"":""2026-09-30T22:08:37.395Z"",""locator"":{""seriesKey"":""TS_GP_BOP_WR_M.WR0010"",""observationDate"":""2026-04-30"",""row"":5,""column"":5,""columns"":{""seriesKey"":2,""date"":4,""value"":5,""unit"":6,""status"":7,""comments"":8}},""rawValue"":""3537.025479""},""usa"":{""artifactId"":""TS_GP_BOP_WR_M.WR0020:a18d140751c825853ed0590e3475b36d8eba5c5d12ffe197a243645ced0f41ee:52d183468b82"",""sourceKey"":""TS_GP_BOP_WR_M.WR0020"",""retrievedAt"":""2026-09-30T22:08:37.284Z"",""locator"":{""seriesKey"":""TS_GP_BOP_WR_M.WR0020"",""observationDate"":""2026-04-30"",""row"":5,""column"":5,""columns"":{""seriesKey"":2,""date"":4,""value"":5,""unit"":6,""status"":7,""comments"":8}},""rawValue"":""317.2677242""},""uk"":{""artifactId"":""TS_GP_BOP_WR_M.WR0030:2980f682a83de35b64d5f9e870057b6b53234cc9184555d6814ab08f5b9716cd:16a760526d5b"",""sourceKey"":""TS_GP_BOP_WR_M.WR0030"",""retrievedAt"":""2026-09-30T22:08:38.374Z"",""locator"":{""seriesKey"":""TS_GP_BOP_WR_M.WR0030"",""observationDate"":""2026-04-30"",""row"":5,""column"":5,""columns"":{""seriesKey"":2,""date"":4,""value"":5,""unit"":6,""status"":7,""comments"":8}},""rawValue"":""563.5785311""},""saudiArabia"":{""artifactId"":""TS_GP_BOP_WR_M.WR0040:7fd29b7dd6648ad26354877eb8c73478ca5af5a4f4d1dc206c809a474a2b63cb:7b261bf12ed4"",""sourceKey"":""TS_GP_BOP_WR_M.WR0040"",""retrievedAt"":""2026-09-30T22:08:37.180Z"",""locator"":{""seriesKey"":""TS_GP_BOP_WR_M.WR0040"",""observationDate"":""2026-04-30"",""row"":5,""column"":5,""columns"":{""seriesKey"":2,""date"":4,""value"":5,""unit"":6,""status"":7,""comments"":8}},""rawValue"":""841.6001374""},""uae"":{""artifactId"":""TS_GP_BOP_WR_M.WR0050:e9f7e07077af64a3000a4e1064bfa07c0b714f0978b7b6a09c022311b191dff4:b0852540e72d"",""sourceKey"":""TS_GP_BOP_WR_M.WR0050"",""retrievedAt"":""2026-09-30T22:08:38.170Z"",""locator"":{""seriesKey"":""TS_GP_BOP_WR_M.WR0050"",""observationDate"":""2026-04-30"",""row"":5,""column"":5,""columns"":{""seriesKey"":2,""date"":4,""value"":5,""unit"":6,""status"":7,""comments"":8}},""rawValue"":""734.4166233""},""otherGcc"":{""artifactId"":""TS_GP_BOP_WR_M.WR0100:4080e7d652e64db1faf775bf10dcc9c7cbc18714009fd4209eaaab5e194ece94:8a4ff6653ef2"",""sourceKey"":""TS_GP_BOP_WR_M.WR0100"",""retrievedAt"":""2026-09-30T22:08:36.936Z"",""locator"":{""seriesKey"":""TS_GP_BOP_WR_M.WR0100"",""observationDate"":""2026-04-30"",""row"":5,""column"":5,""columns"":{""seriesKey"":2,""date"":4,""value"":5,""unit"":6,""status"":7,""comments"":8}},""rawValue"":""328.6808645""},""eu"":{""artifactId"":""TS_GP_BOP_WR_M.WR0150:7ddc2e9ecd25bf191717360ce0b2fb2948500282b9f5264d8397c200b762263a:6a93cf6c3219"",""sourceKey"":""TS_GP_BOP_WR_M.WR0150"",""retrievedAt"":""2026-09-30T22:08:37.080Z"",""locator"":{""seriesKey"":""TS_GP_BOP_WR_M.WR0150"",""observationDate"":""2026-04-30"",""row"":5,""column"":5,""columns"":{""seriesKey"":2,""date"":4,""value"":5,""unit"":6,""status"":7,""comments"":8}},""rawValue"":""432.1496548""}}","{""total"":{""observationDate"":""2026-04-30"",""status"":""not-stated"",""sourceStatus"":""Normal"",""comments"":"""",""unit"":""Million USD"",""missingReason"":null},""usa"":{""observationDate"":""2026-04-30"",""status"":""not-stated"",""sourceStatus"":""Normal"",""comments"":"""",""unit"":""Million USD"",""missingReason"":null},""uk"":{""observationDate"":""2026-04-30"",""status"":""not-stated"",""sourceStatus"":""Normal"",""comments"":"""",""unit"":""Million USD"",""missingReason"":null},""saudiArabia"":{""observationDate"":""2026-04-30"",""status"":""not-stated"",""sourceStatus"":""Normal"",""comments"":"""",""unit"":""Million USD"",""missingReason"":null},""uae"":{""observationDate"":""2026-04-30"",""status"":""not-stated"",""sourceStatus"":""Normal"",""comments"":"""",""unit"":""Million USD"",""missingReason"":null},""otherGcc"":{""observationDate"":""2026-04-30"",""status"":""not-stated"",""sourceStatus"":""Normal"",""comments"":"""",""unit"":""Million USD"",""missingReason"":null},""eu"":{""observationDate"":""2026-04-30"",""status"":""not-stated"",""sourceStatus"":""Normal"",""comments"":"""",""unit"":""Million USD"",""missingReason"":null}}"
2026-05,4252.157161,1025.062151,1006.61649,645.4829447,349.0526892,392.7149407,465.8083145,"{""total"":{""artifactId"":""TS_GP_BOP_WR_M.WR0010:beff53d74ac04b0f76a7669282f3036df37342e97a32ac615a4f716961de04b1:2c11aac59663"",""sourceKey"":""TS_GP_BOP_WR_M.WR0010"",""retrievedAt"":""2026-09-30T22:08:37.395Z"",""locator"":{""seriesKey"":""TS_GP_BOP_WR_M.WR0010"",""observationDate"":""2026-05-31"",""row"":4,""column"":5,""columns"":{""seriesKey"":2,""date"":4,""value"":5,""unit"":6,""status"":7,""comments"":8}},""rawValue"":""4252.157161""},""usa"":{""artifactId"":""TS_GP_BOP_WR_M.WR0020:a18d140751c825853ed0590e3475b36d8eba5c5d12ffe197a243645ced0f41ee:52d183468b82"",""sourceKey"":""TS_GP_BOP_WR_M.WR0020"",""retrievedAt"":""2026-09-30T22:08:37.284Z"",""locator"":{""seriesKey"":""TS_GP_BOP_WR_M.WR0020"",""observationDate"":""2026-05-31"",""row"":4,""column"":5,""columns"":{""seriesKey"":2,""date"":4,""value"":5,""unit"":6,""status"":7,""comments"":8}},""rawValue"":""349.0526892""},""uk"":{""artifactId"":""TS_GP_BOP_WR_M.WR0030:2980f682a83de35b64d5f9e870057b6b53234cc9184555d6814ab08f5b9716cd:16a760526d5b"",""sourceKey"":""TS_GP_BOP_WR_M.WR0030"",""retrievedAt"":""2026-09-30T22:08:38.374Z"",""locator"":{""seriesKey"":""TS_GP_BOP_WR_M.WR0030"",""observationDate"":""2026-05-31"",""row"":4,""column"":5,""columns"":{""seriesKey"":2,""date"":4,""value"":5,""unit"":6,""status"":7,""comments"":8}},""rawValue"":""645.4829447""},""saudiArabia"":{""artifactId"":""TS_GP_BOP_WR_M.WR0040:7fd29b7dd6648ad26354877eb8c73478ca5af5a4f4d1dc206c809a474a2b63cb:7b261bf12ed4"",""sourceKey"":""TS_GP_BOP_WR_M.WR0040"",""retrievedAt"":""2026-09-30T22:08:37.180Z"",""locator"":{""seriesKey"":""TS_GP_BOP_WR_M.WR0040"",""observationDate"":""2026-05-31"",""row"":4,""column"":5,""columns"":{""seriesKey"":2,""date"":4,""value"":5,""unit"":6,""status"":7,""comments"":8}},""rawValue"":""1025.062151""},""uae"":{""artifactId"":""TS_GP_BOP_WR_M.WR0050:e9f7e07077af64a3000a4e1064bfa07c0b714f0978b7b6a09c022311b191dff4:b0852540e72d"",""sourceKey"":""TS_GP_BOP_WR_M.WR0050"",""retrievedAt"":""2026-09-30T22:08:38.170Z"",""locator"":{""seriesKey"":""TS_GP_BOP_WR_M.WR0050"",""observationDate"":""2026-05-31"",""row"":4,""column"":5,""columns"":{""seriesKey"":2,""date"":4,""value"":5,""unit"":6,""status"":7,""comments"":8}},""rawValue"":""1006.61649""},""otherGcc"":{""artifactId"":""TS_GP_BOP_WR_M.WR0100:4080e7d652e64db1faf775bf10dcc9c7cbc18714009fd4209eaaab5e194ece94:8a4ff6653ef2"",""sourceKey"":""TS_GP_BOP_WR_M.WR0100"",""retrievedAt"":""2026-09-30T22:08:36.936Z"",""locator"":{""seriesKey"":""TS_GP_BOP_WR_M.WR0100"",""observationDate"":""2026-05-31"",""row"":4,""column"":5,""columns"":{""seriesKey"":2,""date"":4,""value"":5,""unit"":6,""status"":7,""comments"":8}},""rawValue"":""392.7149407""},""eu"":{""artifactId"":""TS_GP_BOP_WR_M.WR0150:7ddc2e9ecd25bf191717360ce0b2fb2948500282b9f5264d8397c200b762263a:6a93cf6c3219"",""sourceKey"":""TS_GP_BOP_WR_M.WR0150"",""retrievedAt"":""2026-09-30T22:08:37.080Z"",""locator"":{""seriesKey"":""TS_GP_BOP_WR_M.WR0150"",""observationDate"":""2026-05-31"",""row"":4,""column"":5,""columns"":{""seriesKey"":2,""date"":4,""value"":5,""unit"":6,""status"":7,""comments"":8}},""rawValue"":""465.8083145""}}","{""total"":{""observationDate"":""2026-05-31"",""status"":""not-stated"",""sourceStatus"":""Normal"",""comments"":"""",""unit"":""Million USD"",""missingReason"":null},""usa"":{""observationDate"":""2026-05-31"",""status"":""not-stated"",""sourceStatus"":""Normal"",""comments"":"""",""unit"":""Million USD"",""missingReason"":null},""uk"":{""observationDate"":""2026-05-31"",""status"":""not-stated"",""sourceStatus"":""Normal"",""comments"":"""",""unit"":""Million USD"",""missingReason"":null},""saudiArabia"":{""observationDate"":""2026-05-31"",""status"":""not-stated"",""sourceStatus"":""Normal"",""comments"":"""",""unit"":""Million USD"",""missingReason"":null},""uae"":{""observationDate"":""2026-05-31"",""status"":""not-stated"",""sourceStatus"":""Normal"",""comments"":"""",""unit"":""Million USD"",""missingReason"":null},""otherGcc"":{""observationDate"":""2026-05-31"",""status"":""not-stated"",""sourceStatus"":""Normal"",""comments"":"""",""unit"":""Million USD"",""missingReason"":null},""eu"":{""observationDate"":""2026-05-31"",""status"":""not-stated"",""sourceStatus"":""Normal"",""comments"":"""",""unit"":""Million USD"",""missingReason"":null}}"
2026-06,3474.556764,829.7294508,792.1692577,514.8749946,296.4482152,320.6886041,415.3626751,"{""total"":{""artifactId"":""TS_GP_BOP_WR_M.WR0010:beff53d74ac04b0f76a7669282f3036df37342e97a32ac615a4f716961de04b1:2c11aac59663"",""sourceKey"":""TS_GP_BOP_WR_M.WR0010"",""retrievedAt"":""2026-09-30T22:08:37.395Z"",""locator"":{""seriesKey"":""TS_GP_BOP_WR_M.WR0010"",""observationDate"":""2026-06-30"",""row"":3,""column"":5,""columns"":{""seriesKey"":2,""date"":4,""value"":5,""unit"":6,""status"":7,""comments"":8}},""rawValue"":""3474.556764""},""usa"":{""artifactId"":""TS_GP_BOP_WR_M.WR0020:a18d140751c825853ed0590e3475b36d8eba5c5d12ffe197a243645ced0f41ee:52d183468b82"",""sourceKey"":""TS_GP_BOP_WR_M.WR0020"",""retrievedAt"":""2026-09-30T22:08:37.284Z"",""locator"":{""seriesKey"":""TS_GP_BOP_WR_M.WR0020"",""observationDate"":""2026-06-30"",""row"":3,""column"":5,""columns"":{""seriesKey"":2,""date"":4,""value"":5,""unit"":6,""status"":7,""comments"":8}},""rawValue"":""296.4482152""},""uk"":{""artifactId"":""TS_GP_BOP_WR_M.WR0030:2980f682a83de35b64d5f9e870057b6b53234cc9184555d6814ab08f5b9716cd:16a760526d5b"",""sourceKey"":""TS_GP_BOP_WR_M.WR0030"",""retrievedAt"":""2026-09-30T22:08:38.374Z"",""locator"":{""seriesKey"":""TS_GP_BOP_WR_M.WR0030"",""observationDate"":""2026-06-30"",""row"":3,""column"":5,""columns"":{""seriesKey"":2,""date"":4,""value"":5,""unit"":6,""status"":7,""comments"":8}},""rawValue"":""514.8749946""},""saudiArabia"":{""artifactId"":""TS_GP_BOP_WR_M.WR0040:7fd29b7dd6648ad26354877eb8c73478ca5af5a4f4d1dc206c809a474a2b63cb:7b261bf12ed4"",""sourceKey"":""TS_GP_BOP_WR_M.WR0040"",""retrievedAt"":""2026-09-30T22:08:37.180Z"",""locator"":{""seriesKey"":""TS_GP_BOP_WR_M.WR0040"",""observationDate"":""2026-06-30"",""row"":3,""column"":5,""columns"":{""seriesKey"":2,""date"":4,""value"":5,""unit"":6,""status"":7,""comments"":8}},""rawValue"":""829.7294508""},""uae"":{""artifactId"":""TS_GP_BOP_WR_M.WR0050:e9f7e07077af64a3000a4e1064bfa07c0b714f0978b7b6a09c022311b191dff4:b0852540e72d"",""sourceKey"":""TS_GP_BOP_WR_M.WR0050"",""retrievedAt"":""2026-09-30T22:08:38.170Z"",""locator"":{""seriesKey"":""TS_GP_BOP_WR_M.WR0050"",""observationDate"":""2026-06-30"",""row"":3,""column"":5,""columns"":{""seriesKey"":2,""date"":4,""value"":5,""unit"":6,""status"":7,""comments"":8}},""rawValue"":""792.1692577""},""otherGcc"":{""artifactId"":""TS_GP_BOP_WR_M.WR0100:4080e7d652e64db1faf775bf10dcc9c7cbc18714009fd4209eaaab5e194ece94:8a4ff6653ef2"",""sourceKey"":""TS_GP_BOP_WR_M.WR0100"",""retrievedAt"":""2026-09-30T22:08:36.936Z"",""locator"":{""seriesKey"":""TS_GP_BOP_WR_M.WR0100"",""observationDate"":""2026-06-30"",""row"":3,""column"":5,""columns"":{""seriesKey"":2,""date"":4,""value"":5,""unit"":6,""status"":7,""comments"":8}},""rawValue"":""320.6886041""},""eu"":{""artifactId"":""TS_GP_BOP_WR_M.WR0150:7ddc2e9ecd25bf191717360ce0b2fb2948500282b9f5264d8397c200b762263a:6a93cf6c3219"",""sourceKey"":""TS_GP_BOP_WR_M.WR0150"",""retrievedAt"":""2026-09-30T22:08:37.080Z"",""locator"":{""seriesKey"":""TS_GP_BOP_WR_M.WR0150"",""observationDate"":""2026-06-30"",""row"":3,""column"":5,""columns"":{""seriesKey"":2,""date"":4,""value"":5,""unit"":6,""status"":7,""comments"":8}},""rawValue"":""415.3626751""}}","{""total"":{""observationDate"":""2026-06-30"",""status"":""not-stated"",""sourceStatus"":""Normal"",""comments"":"""",""unit"":""Million USD"",""missingReason"":null},""usa"":{""observationDate"":""2026-06-30"",""status"":""not-stated"",""sourceStatus"":""Normal"",""comments"":"""",""unit"":""Million USD"",""missingReason"":null},""uk"":{""observationDate"":""2026-06-30"",""status"":""not-stated"",""sourceStatus"":""Normal"",""comments"":"""",""unit"":""Million USD"",""missingReason"":null},""saudiArabia"":{""observationDate"":""2026-06-30"",""status"":""not-stated"",""sourceStatus"":""Normal"",""comments"":"""",""unit"":""Million USD"",""missingReason"":null},""uae"":{""observationDate"":""2026-06-30"",""status"":""not-stated"",""sourceStatus"":""Normal"",""comments"":"""",""unit"":""Million USD"",""missingReason"":null},""otherGcc"":{""observationDate"":""2026-06-30"",""status"":""not-stated"",""sourceStatus"":""Normal"",""comments"":"""",""unit"":""Million USD"",""missingReason"":null},""eu"":{""observationDate"":""2026-06-30"",""status"":""not-stated"",""sourceStatus"":""Normal"",""comments"":"""",""unit"":""Million USD"",""missingReason"":null}}"
2026-07,3630.476883,913.9320286,737.3120005,555.4995518,316.3043595,336.099176,461.3836328,"{""total"":{""artifactId"":""TS_GP_BOP_WR_M.WR0010:beff53d74ac04b0f76a7669282f3036df37342e97a32ac615a4f716961de04b1:2c11aac59663"",""sourceKey"":""TS_GP_BOP_WR_M.WR0010"",""retrievedAt"":""2026-09-30T22:08:37.395Z"",""locator"":{""seriesKey"":""TS_GP_BOP_WR_M.WR0010"",""observationDate"":""2026-07-31"",""row"":2,""column"":5,""columns"":{""seriesKey"":2,""date"":4,""value"":5,""unit"":6,""status"":7,""comments"":8}},""rawValue"":""3630.476883""},""usa"":{""artifactId"":""TS_GP_BOP_WR_M.WR0020:a18d140751c825853ed0590e3475b36d8eba5c5d12ffe197a243645ced0f41ee:52d183468b82"",""sourceKey"":""TS_GP_BOP_WR_M.WR0020"",""retrievedAt"":""2026-09-30T22:08:37.284Z"",""locator"":{""seriesKey"":""TS_GP_BOP_WR_M.WR0020"",""observationDate"":""2026-07-31"",""row"":2,""column"":5,""columns"":{""seriesKey"":2,""date"":4,""value"":5,""unit"":6,""status"":7,""comments"":8}},""rawValue"":""316.3043595""},""uk"":{""artifactId"":""TS_GP_BOP_WR_M.WR0030:2980f682a83de35b64d5f9e870057b6b53234cc9184555d6814ab08f5b9716cd:16a760526d5b"",""sourceKey"":""TS_GP_BOP_WR_M.WR0030"",""retrievedAt"":""2026-09-30T22:08:38.374Z"",""locator"":{""seriesKey"":""TS_GP_BOP_WR_M.WR0030"",""observationDate"":""2026-07-31"",""row"":2,""column"":5,""columns"":{""seriesKey"":2,""date"":4,""value"":5,""unit"":6,""status"":7,""comments"":8}},""rawValue"":""555.4995518""},""saudiArabia"":{""artifactId"":""TS_GP_BOP_WR_M.WR0040:7fd29b7dd6648ad26354877eb8c73478ca5af5a4f4d1dc206c809a474a2b63cb:7b261bf12ed4"",""sourceKey"":""TS_GP_BOP_WR_M.WR0040"",""retrievedAt"":""2026-09-30T22:08:37.180Z"",""locator"":{""seriesKey"":""TS_GP_BOP_WR_M.WR0040"",""observationDate"":""2026-07-31"",""row"":2,""column"":5,""columns"":{""seriesKey"":2,""date"":4,""value"":5,""unit"":6,""status"":7,""comments"":8}},""rawValue"":""913.9320286""},""uae"":{""artifactId"":""TS_GP_BOP_WR_M.WR0050:e9f7e07077af64a3000a4e1064bfa07c0b714f0978b7b6a09c022311b191dff4:b0852540e72d"",""sourceKey"":""TS_GP_BOP_WR_M.WR0050"",""retrievedAt"":""2026-09-30T22:08:38.170Z"",""locator"":{""seriesKey"":""TS_GP_BOP_WR_M.WR0050"",""observationDate"":""2026-07-31"",""row"":2,""column"":5,""columns"":{""seriesKey"":2,""date"":4,""value"":5,""unit"":6,""status"":7,""comments"":8}},""rawValue"":""737.3120005""},""otherGcc"":{""artifactId"":""TS_GP_BOP_WR_M.WR0100:4080e7d652e64db1faf775bf10dcc9c7cbc18714009fd4209eaaab5e194ece94:8a4ff6653ef2"",""sourceKey"":""TS_GP_BOP_WR_M.WR0100"",""retrievedAt"":""2026-09-30T22:08:36.936Z"",""locator"":{""seriesKey"":""TS_GP_BOP_WR_M.WR0100"",""observationDate"":""2026-07-31"",""row"":2,""column"":5,""columns"":{""seriesKey"":2,""date"":4,""value"":5,""unit"":6,""status"":7,""comments"":8}},""rawValue"":""336.099176""},""eu"":{""artifactId"":""TS_GP_BOP_WR_M.WR0150:7ddc2e9ecd25bf191717360ce0b2fb2948500282b9f5264d8397c200b762263a:6a93cf6c3219"",""sourceKey"":""TS_GP_BOP_WR_M.WR0150"",""retrievedAt"":""2026-09-30T22:08:37.080Z"",""locator"":{""seriesKey"":""TS_GP_BOP_WR_M.WR0150"",""observationDate"":""2026-07-31"",""row"":2,""column"":5,""columns"":{""seriesKey"":2,""date"":4,""value"":5,""unit"":6,""status"":7,""comments"":8}},""rawValue"":""461.3836328""}}","{""total"":{""observationDate"":""2026-07-31"",""status"":""not-stated"",""sourceStatus"":""Normal"",""comments"":"""",""unit"":""Million USD"",""missingReason"":null},""usa"":{""observationDate"":""2026-07-31"",""status"":""not-stated"",""sourceStatus"":""Normal"",""comments"":"""",""unit"":""Million USD"",""missingReason"":null},""uk"":{""observationDate"":""2026-07-31"",""status"":""not-stated"",""sourceStatus"":""Normal"",""comments"":"""",""unit"":""Million USD"",""missingReason"":null},""saudiArabia"":{""observationDate"":""2026-07-31"",""status"":""not-stated"",""sourceStatus"":""Normal"",""comments"":"""",""unit"":""Million USD"",""missingReason"":null},""uae"":{""observationDate"":""2026-07-31"",""status"":""not-stated"",""sourceStatus"":""Normal"",""comments"":"""",""unit"":""Million USD"",""missingReason"":null},""otherGcc"":{""observationDate"":""2026-07-31"",""status"":""not-stated"",""sourceStatus"":""Normal"",""comments"":"""",""unit"":""Million USD"",""missingReason"":null},""eu"":{""observationDate"":""2026-07-31"",""status"":""not-stated"",""sourceStatus"":""Normal"",""comments"":"""",""unit"":""Million USD"",""missingReason"":null}}"
2026-08,3656.33767,873.4537536,749.8368421,563.7281733,308.8795715,326.65735,495.9450368,"{""total"":{""artifactId"":""TS_GP_BOP_WR_M.WR0010:beff53d74ac04b0f76a7669282f3036df37342e97a32ac615a4f716961de04b1:2c11aac59663"",""sourceKey"":""TS_GP_BOP_WR_M.WR0010"",""retrievedAt"":""2026-09-30T22:08:37.395Z"",""locator"":{""seriesKey"":""TS_GP_BOP_WR_M.WR0010"",""observationDate"":""2026-08-31"",""row"":1,""column"":5,""columns"":{""seriesKey"":2,""date"":4,""value"":5,""unit"":6,""status"":7,""comments"":8}},""rawValue"":""3656.33767""},""usa"":{""artifactId"":""TS_GP_BOP_WR_M.WR0020:a18d140751c825853ed0590e3475b36d8eba5c5d12ffe197a243645ced0f41ee:52d183468b82"",""sourceKey"":""TS_GP_BOP_WR_M.WR0020"",""retrievedAt"":""2026-09-30T22:08:37.284Z"",""locator"":{""seriesKey"":""TS_GP_BOP_WR_M.WR0020"",""observationDate"":""2026-08-31"",""row"":1,""column"":5,""columns"":{""seriesKey"":2,""date"":4,""value"":5,""unit"":6,""status"":7,""comments"":8}},""rawValue"":""308.8795715""},""uk"":{""artifactId"":""TS_GP_BOP_WR_M.WR0030:2980f682a83de35b64d5f9e870057b6b53234cc9184555d6814ab08f5b9716cd:16a760526d5b"",""sourceKey"":""TS_GP_BOP_WR_M.WR0030"",""retrievedAt"":""2026-09-30T22:08:38.374Z"",""locator"":{""seriesKey"":""TS_GP_BOP_WR_M.WR0030"",""observationDate"":""2026-08-31"",""row"":1,""column"":5,""columns"":{""seriesKey"":2,""date"":4,""value"":5,""unit"":6,""status"":7,""comments"":8}},""rawValue"":""563.7281733""},""saudiArabia"":{""artifactId"":""TS_GP_BOP_WR_M.WR0040:7fd29b7dd6648ad26354877eb8c73478ca5af5a4f4d1dc206c809a474a2b63cb:7b261bf12ed4"",""sourceKey"":""TS_GP_BOP_WR_M.WR0040"",""retrievedAt"":""2026-09-30T22:08:37.180Z"",""locator"":{""seriesKey"":""TS_GP_BOP_WR_M.WR0040"",""observationDate"":""2026-08-31"",""row"":1,""column"":5,""columns"":{""seriesKey"":2,""date"":4,""value"":5,""unit"":6,""status"":7,""comments"":8}},""rawValue"":""873.4537536""},""uae"":{""artifactId"":""TS_GP_BOP_WR_M.WR0050:e9f7e07077af64a3000a4e1064bfa07c0b714f0978b7b6a09c022311b191dff4:b0852540e72d"",""sourceKey"":""TS_GP_BOP_WR_M.WR0050"",""retrievedAt"":""2026-09-30T22:08:38.170Z"",""locator"":{""seriesKey"":""TS_GP_BOP_WR_M.WR0050"",""observationDate"":""2026-08-31"",""row"":1,""column"":5,""columns"":{""seriesKey"":2,""date"":4,""value"":5,""unit"":6,""status"":7,""comments"":8}},""rawValue"":""749.8368421""},""otherGcc"":{""artifactId"":""TS_GP_BOP_WR_M.WR0100:4080e7d652e64db1faf775bf10dcc9c7cbc18714009fd4209eaaab5e194ece94:8a4ff6653ef2"",""sourceKey"":""TS_GP_BOP_WR_M.WR0100"",""retrievedAt"":""2026-09-30T22:08:36.936Z"",""locator"":{""seriesKey"":""TS_GP_BOP_WR_M.WR0100"",""observationDate"":""2026-08-31"",""row"":1,""column"":5,""columns"":{""seriesKey"":2,""date"":4,""value"":5,""unit"":6,""status"":7,""comments"":8}},""rawValue"":""326.65735""},""eu"":{""artifactId"":""TS_GP_BOP_WR_M.WR0150:7ddc2e9ecd25bf191717360ce0b2fb2948500282b9f5264d8397c200b762263a:6a93cf6c3219"",""sourceKey"":""TS_GP_BOP_WR_M.WR0150"",""retrievedAt"":""2026-09-30T22:08:37.080Z"",""locator"":{""seriesKey"":""TS_GP_BOP_WR_M.WR0150"",""observationDate"":""2026-08-31"",""row"":1,""column"":5,""columns"":{""seriesKey"":2,""date"":4,""value"":5,""unit"":6,""status"":7,""comments"":8}},""rawValue"":""495.9450368""}}","{""total"":{""observationDate"":""2026-08-31"",""status"":""not-stated"",""sourceStatus"":""Normal"",""comments"":"""",""unit"":""Million USD"",""missingReason"":null},""usa"":{""observationDate"":""2026-08-31"",""status"":""not-stated"",""sourceStatus"":""Normal"",""comments"":"""",""unit"":""Million USD"",""missingReason"":null},""uk"":{""observationDate"":""2026-08-31"",""status"":""not-stated"",""sourceStatus"":""Normal"",""comments"":"""",""unit"":""Million USD"",""missingReason"":null},""saudiArabia"":{""observationDate"":""2026-08-31"",""status"":""not-stated"",""sourceStatus"":""Normal"",""comments"":"""",""unit"":""Million USD"",""missingReason"":null},""uae"":{""observationDate"":""2026-08-31"",""status"":""not-stated"",""sourceStatus"":""Normal"",""comments"":"""",""unit"":""Million USD"",""missingReason"":null},""otherGcc"":{""observationDate"":""2026-08-31"",""status"":""not-stated"",""sourceStatus"":""Normal"",""comments"":"""",""unit"":""Million USD"",""missingReason"":null},""eu"":{""observationDate"":""2026-08-31"",""status"":""not-stated"",""sourceStatus"":""Normal"",""comments"":"""",""unit"":""Million USD"",""missingReason"":null}}"
